0.566667,5.76667,23.25,14.3333,44.0667,88.9833,59.45,42.3333,59.5167,49.2667,73.15,40.6833,40.7167,52.0833,52.85,41.15,30.6833,21.3667,42.6333,38.7667,17.3833,65.45,44.4667,41.0833,53.9167,36.1,87.4833,26.3333,78.6333,77.2333,31.5167,27.2,34.1,50.0833,39.3667,32.2333,41.9833,36.65,60.45,78.9333,56,94.1833,50.5167,57.9833,43.0333,100.267,86.7333,24.5667,25,38.4167,141.433,107.283,145.083,104.133,112.15,101.1,157.6,141.067,90,125.15,98.2333,144.4,131.05,147.533,114.15,139.333,125.167,80.4833,125.867,151.867,111.9,133.95,84.0333,108.1,162.05,147.317,96.8667,162.133,94.9667,158.65,98.1667,130.05,140.867,115.467,98.0167,175.6,137.383,203.2,107.483,86.55,132.833,109.767,104.3,104.25,169.5,115.367,96.5167,92.9333,123.733,102.5
5.75,0.766667,19.4333,10.7167,44.85,91,60.3,44.0667,59.5,49.6167,74.35,41.2667,47.9,53.3,55.3333,42.0167,44.6167,22.9167,43.95,41.5167,19.3667,65.5,44.6833,42.6667,55.0167,36,87.35,28.0667,75.3833,82.6667,33.5667,28.8333,36.15,51.8333,38.3167,34.4667,43.7,38.2167,61.6167,80.1167,61.2833,91,55.4667,59.25,42.3167,99.7667,86.8,26.1667,26.8333,40.45,142.133,107.3,153.05,104.7,113.05,101.783,157.833,141.4,93.15,126.4,98.55,145.8,131.867,147.833,115.05,140.15,125.667,80.85,126.467,153.183,113.133,136.05,85.3,109.333,163.05,148.567,98.3833,163.4,96.1167,159.933,101.767,134.633,141.967,116.933,99.3667,177.15,138.617,158.35,108.683,87.85,134.067,111.067,104.267,104.933,169.55,119.783,97.45,92.0333,125.117,102.3
9.43333,7.11667,0.383333,14.65,45.4167,91.3667,59.75,44.5333,60.3,49.7667,75.85,41.7,43.5667,53.9833,55.8,42.45,34,24.1333,45.1333,42.3,20.7167,66.0167,45.15,43.6167,55.4667,36.7167,88.6833,28.8667,77.3,79.55,34.85,30.0667,37.1167,64.5167,39.8,35,44.45,39.1833,62.9333,81.4833,59.1833,92.9833,53.1333,64.2833,43.5333,100.233,85.0667,27.4667,27.9,41.65,144.533,109.783,154.867,106.433,115.45,104.5,160.25,144.617,94.7167,128.85,100.75,148.183,134.633,150.867,118.117,142.733,128.35,82.7333,128.95,162.267,115.617,138.35,84.6333,111.767,164.833,151.133,100.5,165.267,98.1167,162.25,97.7333,136.833,144.05,119.033,101.75,179.25,140.683,149.95,110.7,89.55,136.05,113.217,105.667,106.867,171.633,121.933,99.4667,94.7333,127,103.017
14.75,11.8167,15.25,0.333333,50.3,99.9833,66.0167,48.65,64.7167,55.15,96.1667,46.3,53.0667,63.7333,61.65,47.05,43.3,28.1167,49.1167,50.8,24.6167,70.2333,49.7667,50.15,60.4,41.8667,93.2667,32.9833,85.4333,88.0833,38.3667,34.1,53.5833,63.7333,44.4833,39.6333,48.55,43.1333,83.0833,101.617,67.8333,100.417,57.35,64.1,47.6167,101.267,90.95,31.4667,31.7,45.5833,148.45,113.117,168.8,110.05,119.117,108.283,163.483,148.017,98.3833,132.25,104.133,151.933,137.933,154.267,121,145.983,136.833,84.95,131.817,174.967,119.15,140.117,92.75,115.35,168.283,154.517,104.2,168.433,101.133,165.317,101.567,140.317,147.367,122.75,121.967,182.45,144.3,163.967,113.75,94.9667,138.95,116.767,109.383,110,186.533,125.433,102.45,92.7167,130.567,106.883
50.1167,51.1,60.0333,56.8833,0.75,79.9667,40.1333,45.2,42.1833,29.8333,91.0333,16.1167,38.35,61.7333,17.2167,32.2667,57.4333,45.6833,63.3167,38.45,40.6833,47.5167,22.8333,59.1333,32.4167,22.7833,66.25,49.3,59.3667,68.0167,48.75,52.4667,54.8667,48.5333,23.4667,55.3833,62.8167,51.5667,78.1,96.6,43.1167,74.0667,71.0333,11.4833,20.1333,81,63.5667,49.6167,40.7167,66.3167,130.433,86.4333,133.783,86.05,105.167,89.7,137.767,121.6,77.2333,114.017,75.35,163.017,111.767,127.883,92.3,119.817,103.3,62.75,105.667,135.083,99.5833,113.933,61.9667,95.7833,142.383,135.183,82.25,143.167,77.2,139.583,76.75,117.917,121.433,104.867,90.4,157.45,126.217,136.017,87.2333,68.75,113,102.067,85.3,82.6,151.183,107.733,74.0333,68.9667,112.25,78.6833
84.7667,96.2,102.917,101.967,80.85,2.41667,70.1333,53.2833,73.0167,75.2667,62.85,76.3167,59.3667,38.9333,97.15,55.8667,67.8333,83.8167,45.5167,64.7,78.3333,72.9,65.7333,56.7333,67.8333,79.25,109.3,88.8833,41.05,33.35,87.4833,88.5333,74.3333,37.7,82.2667,82.1667,66.5833,65.2833,49.0333,65.95,53.35,57.2,43.2,98.2,62.25,78.3833,90.7667,85.05,76.9167,88.1333,127.967,103.567,131.35,87.4167,96.5833,87.2,151.517,138.433,82.8333,111.683,96.2167,131.15,129.517,145.433,112.2,137.333,123.25,83.5833,124.167,145.15,97.2333,132.25,78.1167,93.4333,159.467,132.85,83.9833,160.35,105.933,153.633,85.7167,120.067,138.517,102.317,66.3833,163.55,123.917,133.667,105.817,83.5333,131.317,92.2167,98.8833,114.833,148.9,105.283,93,64.1167,109.933,106.4
66.55,77.5333,82.8667,79.5,45.25,71.2833,0.383333,49.9833,17.9,38.5,105.45,45.3167,45.5833,51.65,61.9667,46.2667,60.0167,68.0667,67.1667,53.9333,66.3,23.2167,34.2833,50.6667,14.2667,46.6,45.8333,71.1167,48.5833,59.1833,74.9333,74.6167,51.95,42.15,45.6833,78.15,83.8833,53.8,92.5667,111.15,41.9333,63.8667,85.5667,57.2833,32.2167,73.4167,41.9167,72.0167,68.55,64.5667,99.7333,65.35,104.75,51.3,75.3,60.1667,111.983,95.6167,52.3833,84.9167,53.25,104.15,85.8667,101.967,69.1,93.8333,80.65,36.1667,78.9667,110.583,71.7333,88.4167,37.95,67.3333,116.85,106.383,57.75,117.6,49.3667,114.05,57.95,93.3833,95.55,75.7167,70.4,131.817,96.9333,107.15,62.85,42.1,86.4167,66.1,63.9667,58.3,122.233,78.6833,54.4667,45.1667,83.35,67.25
36.85,39.5667,56.4833,47.5833,47.3333,55,45.9167,0.666667,40.5167,49.0667,55.1167,47.8333,18.9,22.95,61.3167,22.7667,21.7833,38.3,37.7833,19.7333,28.9833,39.6667,43.9333,25.9333,35.5833,41.8,56.0833,40.1833,34.2333,43.95,30.6,41.45,32.1167,25.5,44.45,29.8,41.8667,28.4833,40.75,64.1667,23.3333,49.75,36.5667,65.9,32.6333,49.1,51.8333,37.3333,28.45,37,113.95,103.583,117.633,75.8167,88.45,73.6,129.15,112.7,68.55,97.5667,86.35,115.867,102.717,118.95,86.45,110.95,124.35,57.3333,115.383,123.533,84.1667,106,69.7,80.2,133.567,119.533,69.3,134.317,82.7667,130.8,67.9833,105.5,112.5,87.4833,65.8333,148.733,110.133,120.017,97.05,57.05,122.45,79.55,76.7,87.1,135.483,90.1833,93.0833,57.0167,95.9833,73.5667
59.6833,60.6833,74.0833,66.8333,37.6667,66,17.1167,41.6167,0.116667,30.9333,90.7333,39.3833,36.8667,56.6,54.6167,36.2,59.1667,59.0167,73.35,40.35,59.0833,16.95,28.7833,51.75,4.31667,44.0833,36.0833,64.9167,50.65,53.7167,59.7333,68.7167,46.65,37.1333,44.2833,71.6,55.5,48.15,77.9,96.3167,32.9,66.4167,70.75,57.7167,32.7333,67,35.65,66.45,59.5667,66.6667,96.9333,66.7833,100.567,50.1833,65.6167,55.8667,121.267,98.4,42.7667,80.75,61.5667,100.083,88.6667,105.017,71.75,96.7,97.4833,38.5667,88.0167,106.3,67.2333,91.2167,47.2,62.5333,119.933,101.983,52.7833,120.6,52.8833,116.5,50.65,89.45,98.4333,71.55,64.45,134.817,92.8167,103.2,72.0333,44.9,95.4667,63.15,50.5333,60.2667,118.417,74.4667,54.2167,40.0167,79.0167,61.1333
55.9333,57.3,69.5333,63.6667,22.55,73.9333,31.7333,40.6,31.0333,0.033333,89.2833,28.4,33.7667,53.9167,39.7833,27.6167,47.5333,51.7333,68.6833,34.0667,41.1,36.8667,11.95,49.55,29.2667,30.5667,55.2333,55.1167,53.1833,62.5833,60.35,58.4,63.5667,45.3167,30.0667,59.0167,69.0667,54.9333,76.05,94.4333,34.45,65.3,69.2167,40.65,19.3167,79.9333,58.2333,55.5167,39.1,65.9833,119.95,77.9333,123.45,75.6333,90.1667,79.35,127.867,110.917,68.5667,103.667,67.25,153.433,101.4,117.583,84.3,109.75,94.5167,51.3,94.7667,129.55,89.9333,104.033,52.2167,85.9833,132.233,125.533,75.95,132.9,65.65,129.45,67.85,112.583,111.033,94.4167,85.1333,147.167,115.9,125.867,76.6667,57.1333,101.967,93.2333,76.0333,72.55,140.85,97.0833,66.6667,63.6833,101.683,72.35
75.1167,78.3,91.6667,84,88.1667,61.8833,96,50.8,90.35,87.05,0.883333,86.9,63.7,36.9833,101.067,63.8833,75.5667,73.0667,36.8833,64.5833,67.5667,87.4667,78.5667,53.5167,82.65,81.9667,106.05,87.2333,52.4333,38.1667,70.9833,76.0833,58.7,51.05,85.4333,61.4167,59.2167,55.3167,26.5667,49.1333,68.5667,68.5333,34.4667,104.467,71.75,81.7667,87.6167,74.4667,77.25,70.25,136.5,117.45,140.167,98.8333,107.1,96.2,159.883,151.55,96.9333,119.917,110,139.767,141.8,156.067,125.2,149.95,137.267,97.3333,137.533,145.75,106.2,144.033,89.4333,102.167,179.767,141.55,92.95,169.633,117.117,168.767,126.667,129.45,151.433,111.55,78.3333,171.833,129.35,142.417,157.067,94.6833,144.767,100.967,113.967,128,157.65,114.017,106.883,71.6333,118.467,102.667
35.25,36.3167,50.6333,42.2667,16.45,74.6167,34.3167,48.7833,34.4,23.5167,84.5167,0.616667,35.2167,58.9333,18.5333,29.0833,36.3,30.7333,46.7333,35.55,25.3333,40.2833,19.1,48.8833,27.35,12.8167,60.1667,33.8,48.4,63.7,37.8833,37.45,38.6333,42.05,9.16667,38.9,45.7,42.25,71.5667,89.95,36.3,69.7833,64.8833,28.35,14.55,75.8333,55.7,34.4833,31.5333,51.6333,121.75,81.0833,125.3,68.3333,96.5167,81.2167,132.05,115.3,70.05,107.167,71.5167,155.283,106.167,122.333,88.5,114.133,100.35,54.8667,99.4333,131.433,91.5833,108.717,57.4333,87.7167,136.65,127.267,76.55,137.383,69.35,133.767,69.2833,113.033,115.3,94.9333,86.3167,151.633,117.65,127.65,81.1,66.2167,106.733,88.0833,79.75,76.05,142.05,97.6,70.55,67.7833,103.483,72.3333
39.8333,41.7833,56.05,47.6333,37.7833,65.7333,44.2,21.0167,38.25,33.5333,62.2333,36.2667,0.033333,29.9,47.5667,10.2667,21.5,38.1,42.4167,7.23333,32.2333,35.3667,26.75,21.45,33.7167,31.1167,54.8833,39.8333,36.3833,55.55,29.5333,41.1667,35.3667,28.7,33.3833,30.7167,46.0667,26.55,52.35,68.1333,19.6,51.9,46.75,54.0667,24.2,56.05,54.4167,37.0333,29.7,36.5667,112.817,76.7333,116.167,59.6667,83.0667,72.2,128.7,111.85,63.75,96.3,85.1167,116.233,102.25,118.9,85.1,110.633,122.2,64.9,112.933,122.667,82.75,104.733,68.85,78.8833,133.233,118.417,68.1833,133.95,78.2833,130.533,71.8333,104.167,111.95,86.6667,68.15,148.25,108.7,118.767,94.5667,56.6833,120.25,79.2167,72.3667,87.8167,133.85,89.0833,66.3667,56.2,94.5,71.6167
50.95,62.2667,67.75,68.15,54.75,38.0333,51.75,21.15,54.0667,53.5833,36.5,54.2833,28.15,0.566667,73.3667,32.2167,40.5667,50.45,19.7667,29.0667,43.85,52,45.9833,18.9,49.7167,55.05,76.15,51.6167,23.05,27,41.6167,53.1167,39.75,21.7333,57.1167,39.9833,43.1,25.8,23.25,45.6167,36.4167,38.9333,17.2333,65.9333,38.75,52.3,60.35,49.5667,41.7333,54.9,113.05,83.9833,116.55,68.95,83.3167,72.5167,136.683,119.183,80.5667,96.6667,77.3,116.433,109.817,126.467,92.55,118.15,103.133,64.7,105.117,122.7,82.7833,113.9,62.05,87.6667,141.833,118.417,68.9833,142.533,88.0667,138.95,67.5,105.467,120.25,87.45,49.4667,149.15,108.617,118.7,87.7333,65.2667,113.35,77.1167,80.6333,96.2,133.917,89.8667,74.7,47.5667,94.4667,72
45.05,46.3667,63.4667,52.4,13.4667,83.1167,50.1167,51.1167,49.3,36.2667,95.3,25.5,39.9,59.6667,0.633333,33.7667,52.8333,40.5,58.95,40.1333,35.3667,55.6167,30.5667,53.3,47.9833,23.1167,76.7333,43.7667,64.0667,69.85,48.3667,47.6333,50.55,54.2667,25.9333,48.8667,57.8833,52.5,81.8833,100.267,48.3333,76.4,74.75,22.1333,27.2333,87.7333,70.4,44.6667,41.4833,59.7167,137.85,94.5667,141.65,90.6,110.467,97.2833,145.117,128.65,79.1167,121.117,85.1833,167.767,119.033,135.217,101.767,127.1,112.45,66.8333,113.233,147.283,107.433,122.1,72.4,103.583,149.867,142.783,90.0833,150.583,82.4167,146.983,82.55,130.967,128.583,113.15,95.1,163.933,133.833,143.75,94.5667,74.4167,120.267,107.133,87.8833,92.6167,158.633,115.7,84.15,75.8667,119.8,84.8667
37.35,46.5,53.5167,45.2167,35.9667,65.9333,44.9333,20.8833,38.75,33.0167,62.7,35.7333,6.11667,30.6333,45.7333,0.133333,19.95,36.5,41.3833,5.81667,30.3833,36.65,25.2167,19.7333,37.7,30.2167,55.8,38.2833,47.7833,46.6667,27.75,38.9167,35,29.05,31.85,28.1667,44.25,24.9667,52.4833,69.0667,19.9833,51.65,46.8,49.65,23.7667,57.5,54.7,35.1333,28.15,34.9167,113.4,90.1333,117.117,73.7333,88.4333,78.6333,129.4,112.583,65.8667,101.85,70.5833,153.067,103.067,119.683,85.7833,110.833,124.35,63.65,115.067,123.3,83.4167,105.267,51.8833,79.4167,154.833,119.133,69.2,147.117,78.8333,143.467,67.3333,105.617,112.45,88.1167,67.8333,149.05,109.333,119.617,96.7,63.15,122.45,80.0333,77.35,87.0167,134.933,90.0167,66.8167,63.1,100.633,70.5667
33.8167,36.1333,50.2667,41.4833,44.3333,72.2833,60.9333,23.5,54.9667,44.8833,69.4333,39.4333,22.9167,34.6833,47.4333,27.0333,0.383333,30.1333,36.3833,21.2667,24.9667,51.0667,37.2167,23.3,47.1167,29.1833,68.3167,33.3833,51.6167,60.05,24.1167,33.6667,28.0333,40.6167,35.45,25.05,36.6667,28.0333,56.6833,75.75,33.9833,65.95,45.7333,58.4333,36.7167,67.7,67.25,30.85,23.15,30.6,129.4,92.9,133.133,90.9833,99.6833,89.6667,144.1,126.95,70.7,113.217,104.15,167.983,117.317,133.7,100.867,125.35,140.383,74.1667,131.367,138.483,99.7167,120.65,63.7,95.9,149.083,135.4,84.0333,149.167,97.4167,145.467,77.4167,121.267,127.8,103.2,83.5167,163.417,126.233,135.667,112.517,73.3833,137.783,94.7167,89.4,103.8,151.383,105.717,111.75,68,110.183,87.15
17.2667,19.3667,33.7833,25.2,35.7,83.5333,52.0667,35.5667,50.2833,40.1667,76.5667,30.8,34.3,46.5333,41.6833,32.0667,25.6,1.48333,37.6667,33.65,8.75,58.4667,35.55,39.0833,46.6333,26.0333,82.4,16.5,63.4833,71.65,29.9667,25.2333,29.7167,45.8,26.95,30.4667,38.15,31.7167,63.9833,82.45,44.5667,78.5833,44.75,48.2833,33.3167,80.8833,76.7167,22.7667,16.8333,37.1,130.633,100.033,134.3,78.4667,101.15,90.2833,147.433,133.733,80.8333,114,91.2667,134.083,124.35,140.6,107.433,132.283,118.217,72.55,119.15,140.717,101.167,126.967,78.25,97.4667,155.167,136.6,86.6333,156.067,88.7667,149.35,85.3167,123.067,133.767,104.983,87,169.217,126.433,136.567,100.883,80.4167,126.6,98.8,95.4667,97.5,161.083,107.817,89.75,74.7833,109.883,92.0667
42.8,44.3167,59.0667,50.75,53.8667,45.2667,59.6833,34.0167,72.3667,58.7167,36.1833,47.1667,43.6667,21.5167,59.2,47.9833,32.0667,39.0333,0.35,45.1833,33.8833,68.7,52.7333,29.4667,64.0333,42.8833,88.1167,41.1667,35.9667,31.7,40.6333,43.1833,25.9,33.8167,43.8333,33.05,26.9167,24.5833,22.8833,45.5167,51.05,50.85,13.35,67.7167,53.2333,68.9333,71.05,51.0167,38.7833,37.3833,121.183,98.2667,125.017,81.75,90.2833,80.8667,144.95,135.417,90.4333,104.417,118.817,124.6,125.9,142.117,108.95,131.45,155.417,84,146.217,130.433,90.4667,128.133,101.7,86.6667,164.333,126.25,77.7667,157.583,103.05,154.083,96.5833,114.15,135.35,96.0667,55.6833,157.533,114.317,127.383,94.2833,78.4,153.583,85.6667,90.05,103.283,142.5,98.7167,87.8833,55.75,103.067,87.2333
37.2833,39.5333,53.65,45.55,38.7667,68,47.7,20.1667,38.85,34.0667,63.2333,34.2833,8.98333,31,41.9833,12.45,19.75,36.2667,42.4333,0.366667,28.55,37.7333,31.85,19.4833,36.0833,29.35,57.6,37.9833,48.4333,51.9,27.9333,39.0833,33.5167,29.9,31.0833,28.5333,42.05,24.2333,50.0833,69.3667,24.2667,64.1,43.0833,51.5833,24.7167,64.0667,57.9833,34.4333,27.85,35.0167,114.65,78.1,118.7,66.9667,85.3167,77.9333,138.617,113.15,60.3,97.8667,88.1833,153.683,103.317,119.867,86.35,111.617,125.183,63.9,115.967,124.783,84.85,105.783,53.1,86.7,134.55,120.75,70.0667,135.383,80.6833,131.667,71.3,106.483,127.2,89.9167,72.3,149.5,110.867,121.167,97.95,63.45,123.733,80.7833,74.9,89.6333,135.65,91.0833,73.2667,58.6167,96.9,73.1833
18.5167,20.6333,34.6833,26.25,32.45,80.0667,48.55,31.4167,48.1833,37.9333,65.9,27.7333,29.9667,41.3167,38.75,20.15,26.0833,12.35,34.4,27.7,0.566667,53.8333,36.1,31.1,43.3333,22.7333,76.1667,14.1,57.55,68.0667,25.2,24.4333,26.4,42.8667,23.9333,26.0167,35.8333,27.9167,52.1167,80.25,42.8,72.15,42.7,48.8667,29.5833,81.4333,74.9333,21.75,8.38333,32.2333,125.283,95.4333,127.95,90.6,106.917,91.6,134.883,120.8,76.9167,107.683,86.8167,128.517,111.1,127.717,92.6167,119.3,113.767,68.5833,105.667,135.567,96.2,113.533,73.8333,92.4833,141.917,131.567,81.7167,142.9,84.1,139.267,83.7833,117.833,118.583,99.8167,82.3,156.817,121.183,130.383,96.35,76.0667,112.95,108.683,91.4,93.2333,157.333,102.583,85.5833,75.2833,107.183,90.5167
57.8333,59.1833,72.9,65.1333,37.8667,67.8667,27.0333,32.6167,16.25,32.6167,75.7,37.8833,32.25,44.3333,52.8,31.5833,46.95,53.5833,56.0167,34.6667,48.1333,0.433333,28.6667,40.8167,12.6333,37.5667,44.2167,57.0167,44.2,56.3167,54.5167,59.9833,51.2667,36.6833,36.8667,55.3333,59.5167,45.7667,63.15,81.5333,24.75,62.6667,56.65,58.1667,25.8,64.0833,33.2333,57.5167,54.2833,60.5,106.3,71.3333,109.983,59.8,75.85,66.2333,121.783,105.117,44.2833,89.5333,60.9167,109.683,98.9833,112.033,78.6667,103.533,109.633,43.7167,89.25,116.35,77.2167,97.9667,49,72.7,130,112.05,63.25,126.6,58.9833,122.917,52.2167,99,104.967,81.7833,74.9667,144.6,101.933,112.417,71.4833,50.4833,96.25,73.6,57.4333,66.4333,127.683,84.2667,61.2833,50.3,88.0333,58.2167
44.35,45.6833,58.25,51.4,17.7167,64.8667,26.5167,34.6667,26.6333,11.6167,78.1667,23.15,23.7667,43.7167,34.1167,17.6333,37.8,39,55.6167,23.8667,33.2833,32.7333,0.75,37.0833,20.35,22.1,50.3167,43.3667,43.6667,53.4167,45.7667,46.6667,47.2667,36.0667,21.5667,44.4333,57.1,41.6,65.4833,83.8333,26.3333,58.0667,58.9333,37.6833,12.5167,72.5,51.3667,44.15,39.4333,52.55,114.533,72.15,118.367,67.0667,89.65,74.4833,122.9,106.25,52.5667,97.7333,63.2833,145.033,96.5,113.1,79.7833,104.65,90.8167,44.7167,90.3833,124.933,85.6,99.0333,48.8333,81.35,127.517,120.7,71.5333,128.483,60.2833,124.817,60.5833,107.717,106.1,89.8,77.1833,142.367,110.383,120.667,72.6333,53.5,97.6,84.5,67.7333,69.3167,135.883,92.6,63.1167,60.45,96.4,65.2
45,47.5667,60.8167,52.6833,52.35,56.3167,55.2833,21.1333,50.9167,45.8333,50.05,44.8333,21.4,19.35,53.0167,24.5167,23.2,41.7167,27.6833,20,36.25,48.3167,47.55,0.866667,44.5667,36.85,65.7,43.25,39.2667,45.45,30.7833,42.6833,26.4667,38.8167,38.8167,28.95,33.6167,13.9333,36.95,57.95,30.6,54.45,28.7167,75.7667,34.3167,62.2833,69.4833,43.3333,31.6,37.9667,118.65,82.15,122.467,84.7333,93.35,78.45,133.567,117.117,67.75,101.667,98.4167,121.817,107.5,123.917,90.6333,115.567,135.3,63.8833,126.133,128.417,88.8167,109.717,78.4,84.8333,138.217,124.217,73.95,139.183,90.95,135.6,75.6833,110.117,117.067,92.1833,67.2833,153.35,114.533,124.783,107.95,62.3333,133.333,86.2333,86.0167,93.5167,140.067,93.2,71.7833,62.5833,100.517,86.9
51.5833,52.8667,67.2167,60.15,33.15,63.9333,15.6167,35.0667,4.13333,28.25,84.1667,32.7167,34.35,51.85,50.2333,32.5667,53.0333,48.1167,56.6667,37.8333,43.1333,15.75,23.6333,47.8833,0.75,32.3833,34.8167,52.3833,41.95,51.05,54.5,52.7667,44.2167,34.4833,32.75,55.8167,53.6667,44.5167,71.3167,89.65,29.7333,56.4167,63.2167,56,27.55,64.5167,29.8667,51.2167,48.3833,54.9833,91.95,62.0667,95.7667,42.3667,61.6,52.8,110.767,94.0167,34.2333,75.4,52.5333,95.3667,84.4333,100.867,67.6667,92.45,78.9,32.9,78.3667,101.933,63.2833,87,46.9833,58.6167,115.45,97.85,50.4333,116.2,47.3833,112.517,41.35,85.3333,93.9333,67.5167,63.1167,130.25,87.9167,98.15,62.3,40.65,85.9167,58.5,48.95,56.5833,113.6,70.2667,48.8833,36.9833,74.0833,59
26.2167,27.6833,28.3667,34.1833,19.3333,63.1,35.5833,30.2,33.5333,24.3167,76,13.2333,20.1167,41.8,23.9167,14.0833,27.9,21.55,39.0167,20.2833,16.55,39.1333,18.7667,33.55,28.4,0.133333,58.75,24.6333,42.3,51.7667,28.65,28,30.8,34.5333,9.05,30.0833,38.5833,33.0667,63,81.3833,26.0333,57.5667,57.6333,43.95,16.2333,61.2333,59.4833,25.6167,22.3833,35.7833,121.983,81.0833,124.633,69.6333,122.017,81.8,131.983,115.6,62.65,104,72.65,154.117,105.95,122.333,89.1,113.883,100.217,54.1667,100.183,131.483,92.2833,108.933,57.6333,88.0667,136.75,127.417,76.8833,137.583,69.2333,134,68.9667,112.65,115.683,95.15,74.8833,151.783,118.133,128,82.0833,61.55,107.567,89.2667,76.2333,75.85,142.75,98.2333,70.9833,66,103.933,77.2
80.9833,83.1333,96,89.0167,62.7,105.9,43.9833,55.6,35.55,59.5,105.15,60.3333,58.3667,71.8667,76.7333,53.8167,73.65,75.7667,87.2833,58.8167,73.2333,44.3,52,67.1667,37.15,59.6,3.71667,80.9167,82.95,73.6333,73.6833,85.8167,65.9667,56.5,59.6333,75.6,73.3,66.6,92.2167,110.733,51.6,78.1,85.1,80.7167,48.9333,80.65,49.65,81.2333,65.1,79.9667,114.6,81.25,118.867,69.4167,83.4667,74.55,130.85,114.467,56.7333,97.8333,81.8167,117.9,104.883,121.25,88.0167,112.733,117.75,64.0833,108.483,125.15,86.1,107.033,66.0333,81.6333,135.617,121,71.65,136.55,79.2833,132.85,62.7,107.2,114.533,89.3,85.25,150.65,110.717,120.917,91.1,61.6667,115.767,86.8667,70.7667,86.5,136.583,91.85,87.5667,60.25,96.5333,74.95
22.0167,23.3667,23.65,29.8,42.3167,94.0167,61.8167,45.4,59.5333,46.65,87.2,36.2833,45.1667,53.25,51,34.7333,35.8667,12.5667,45.0167,43.7,15.45,64.1667,42.1667,46.1667,55.9167,31.2,89.35,2.18333,72.85,82.5667,37.1333,36.5,39.3667,56.0333,32.3667,36.9167,45.2667,39.2,74.3833,92.7,52.2667,89.8167,54.4,60.0333,40.2333,81.4833,89.6333,30.1,23.7333,44.1333,138.817,109.633,153.85,87.2667,109.783,98.9833,159.5,140.15,87.4333,122.383,100.783,182.467,133.683,146.933,114.117,141.183,127.483,79.75,128.483,149.783,110.317,132.983,85.2833,106.7,161.383,145.783,95.25,161.533,97.4833,160.517,98.65,130.5,143.117,113.733,97.1833,177.167,134.817,145.3,110.167,88.8333,135.717,107.817,104.05,106.383,170.383,116.8,99.05,84.2333,121.25,105.1
72.5,73.6,78.2333,79.4833,48.6,39,50.1833,30.5833,66.5667,51.0167,54.7167,51.2667,45.7,23.1667,60.8,33.85,56.4667,66.0333,36.5167,47.7,59.75,66.3167,44.4667,40.4167,45.4667,45.4333,83.45,68.2667,2.05,28.4667,58,67.1167,57.65,15.9333,47.0667,58.9833,60.3667,45.7333,41.9833,62.2,33.4667,22.5,36.4167,69.1,35.7833,58.5667,65.1667,64.3667,57.4667,68.4667,112.75,81.8667,116.65,64.8,82.1,72.5333,136.167,116.3,87.7167,95.85,75.15,116,106.667,123.033,89.8833,114.433,100.433,62.1833,102.75,157.717,83.0833,109.667,56.9333,79.3667,137.3,118.7,69.5167,138.233,83.2667,134.65,62.0333,105.7,116.5,87.8167,56.05,148.817,108.533,118.617,84.5667,62,110.05,77.2333,77.7167,92.15,134.25,90.4,71.4833,63.3833,94.4167,80.5833
71.9333,73.0667,89.4,88.2333,58.3833,30.75,60.0833,40.5667,62.55,60.25,36.7167,57.0333,51.7667,26.8667,71,41,65.45,73.2667,31,53.4,67.05,62.5333,53.1,44.6167,58,54.1667,94.6667,74.6167,28.6333,0.533333,64.8,75.1333,52,25.4167,55.85,55.35,53.2667,49.3833,23.6833,44.2,40.9833,43.4667,28.6167,79.1667,46.8667,68.7167,75.2833,83.3333,65.3167,64.15,115.783,92.15,119.6,75.2667,85.05,75.5167,138.833,126.567,71.7667,98.8167,84.9833,118.95,117.083,133.317,100.167,124.683,110.85,72.45,112.633,125.733,86.2167,119.533,67.2167,82.2,148.333,121.467,72.6,147.9,94.0667,144.933,72.2,108.733,126.717,90.8,52.25,151.75,111.6,121.467,94.35,72.4,120.067,80.3167,88.7667,102.667,137.117,93.7167,81.7833,52.1667,97.55,90.9667
32.0833,34.0167,48.4667,40.1167,39.85,77.1333,55.5833,29.4167,55.7167,43.8667,73.5,34.35,27.65,39.5167,45.4,30.3333,18.05,26.4167,34.65,26.1833,21.35,58.5,39.6833,28.2,53.85,28.8667,73.4167,29.6167,55.7833,64.1167,0.7,19.9833,16.8667,42.7,29.95,10.7,25.3333,27.6,60.6333,79.0333,35.35,70.7667,40.0167,58.1,37.35,79.15,69.65,13.3667,26.0833,10.1667,130.2,94.3333,133.883,95.1167,105.9,90.0833,201.967,128.683,75.1333,111.8,106.9,170.983,119.233,142.15,103,127.317,143.817,75.1667,134.483,139.817,100.283,121.4,90,94.6,156.533,135.55,83.6,148.817,90.2,153.283,87.6,121.533,128.85,103.7,85.9833,162.1,126.1,134.617,116.367,81.7,141.8,95.9667,94.0667,98.9167,149.833,106.533,83.9667,72.4,112.383,86.2167
42.7667,44.0167,58.1333,50.4,54.6333,94.1833,72.1667,45.6167,71.5,58.6167,92.6833,51.2667,45.0333,57.3667,60.5167,47.6333,35.6167,41.6833,53.4833,43.45,37.1167,71.3333,53.8833,45.3333,67.2667,43.9333,92.1,48.2167,74.4833,82.5833,21.9333,0.766667,35.25,59.4333,45.1667,28.2667,42.5833,46.7833,79.9667,98.2667,52.2333,89.9833,59.2333,72.7333,51.05,88.1667,86.1167,19.4833,41.2667,23.6,139.367,105.633,145.833,89.7,112.95,101.75,156.5,140,98.3833,125.567,125.833,145.45,130.633,147.083,114,138.1,162.133,87.65,153.333,151.733,112.367,132.8,108.983,108.65,178.667,147.433,97.5,161.633,104.283,158.25,106.933,133.667,140.2,115.967,105.633,174.833,137.9,147.8,135.133,85.7,160.25,109.783,113.383,114.867,162.1,119.033,95.2333,86.05,124.433,106.317
38.2,43.5,54.1,49.4667,44.0167,70.1667,53.05,28.2167,47.0667,49.95,58.7167,39.65,40.35,41.0667,51.4167,34.8,28.4667,34.2333,27.1833,38.9667,28.75,50.8167,42.8833,27.0333,46.9833,36.0333,78.5833,38.4833,50.3333,57.6167,18.2667,33.65,0.283333,35.9833,35.3333,13,11.2333,20.9833,44.6167,63.6833,34.55,60.1667,34.0667,61.1,40.0167,69.0667,62.4333,27.6333,33.7667,14.9333,120.467,84.7167,124.3,67.3,91.15,80.4167,135.583,119.067,63.7167,103.817,77.7333,123.717,109.567,125.95,92.8167,117.233,103.717,64.9833,105.433,130.317,90.6833,112.65,59.6667,86.7167,140.383,126.017,75.8833,141.017,86.3,137.55,64.9833,112.083,119.3,94.15,77.6833,154.75,116.483,126.333,87.1333,64.7167,112.833,88.0667,79.9333,94.9167,141.9,96.7833,74.1833,62.6,102.567,74.35
60.2833,62.4667,76.2833,75.1833,49.3333,27.4833,48.65,30.1,47.7333,47.5833,38.4,47.8167,34.3833,14.8667,58.3333,30.6667,52.8,58.05,21.45,41.7,53.95,48.4833,42.7167,33.1833,43.6,42.55,83.0167,63.8333,21.3667,16.6333,54.7667,65.5667,51.7167,0.166667,44.3333,45.9333,43.4833,38.8167,24.9667,45.15,28.8,36.4667,19.0333,62.2167,35.1667,58.2,65.4,58.85,51.6333,53.4667,103.767,81.1833,107.633,63.8333,73.7167,63.9667,127.217,115.533,60.3833,87.1333,74.2167,107.033,106.083,122.467,89.3167,113.717,100.05,61.4667,101.65,114.467,75.2,108.967,56.0333,70.9833,136.683,110.15,60.7333,137.183,82.7333,133.783,61.0833,96.8833,115.583,79.1833,40.1833,139.583,99.5333,109.567,83.4667,61.0667,109.1,68.6,75.9167,91.4667,125.417,82.05,70.6333,39.4333,85.9833,82.45
28.7167,30.1667,44.3667,36.15,18.6167,81.8667,34.9333,34.5833,32.45,22.1667,78.2667,7.88333,24.4167,44.5333,21.5,18.2667,30.2167,24.9,41.6167,24.3833,19.7833,37.6167,18.7,37.1667,28.9667,9.15,58.3833,30.15,44.7167,55.0833,31.85,31.6167,33.6,38.7667,0.05,30.4,41.6667,35.3833,65.7667,84.05,31.6,60.4,59.2,29.7167,15.9667,71.45,55.85,28.8167,25.5167,38.55,122.883,81.2167,124.383,68.9333,92.4333,83.2667,131.4,114.85,61.0667,106.233,73.3,154.4,105.4,121.783,88.6167,113,98.7833,54.5667,100.833,131.6,92.1833,107.883,57.0667,88.1833,136.15,127.433,76.9333,136.633,68.7833,133.267,68.5,113.033,115.017,95.1667,78.4667,150.483,118.733,127.5,82.6333,61.1667,108.283,89.0333,75.2,75.95,141.983,98.3333,70.8167,66.4667,103.95,71.2167
33.3167,33.85,48.1,39.7667,37.9333,77.7,54.0833,29.75,52.0333,42.35,58.1833,34.65,29.7333,39.1667,44.5833,32.0167,19.65,27.7,27.5333,28.05,21.4167,58.8,38.6667,26.5,51.3833,29.5167,71.4333,31.9667,55.4333,64.45,11.2833,26.8833,14.75,35.9833,29.3333,0.433333,24.05,26.4833,48.15,65.0167,39.8667,70.9333,34.4167,48.9667,33.9,78.8833,72.9833,25.2333,27.3,15.0667,127.233,90.75,129.7,73.85,97.8333,86.9833,150.433,125.233,75.0667,110.517,106.9,130.717,115.817,132.033,98.95,123.517,143.7,73.6,134.417,136.617,97.2167,117.95,66.1,93.2167,146.383,132.367,82.2,147.083,87.9667,143.567,81,118.333,125.45,100.433,87.3667,160.333,123.117,132.583,116.367,70.8667,141.783,94.3,86.2667,101.517,147.167,103.6,80.4167,69.4167,109.333,87.8167
43.2,44.8833,58.8833,50.5833,48.6333,66.3833,57.1333,37.05,63.3,54.2667,57.8333,44.4333,44.25,41.0167,57.5167,46.1333,32.8,39.6833,26.2667,42.7667,34.6667,58.1333,50.15,32.0333,53.6167,41.45,85.85,44.0833,50.0833,54.3833,28.9167,38.65,10.3333,49.4833,42.6,21.4667,0.766667,22.7167,44.15,63.2,40.6667,65.05,33.6667,58.2333,44.65,84.5667,67.3,32.0167,39.8167,19.85,124.567,90.7333,128.283,73.15,102.933,87.1833,150.45,125.267,70.5667,109.45,84.2,129.883,115.85,132.067,97.8333,123.717,109.3,76.5667,111.933,135.317,95.7667,118.033,64.45,91.7667,146.35,130.917,82.4167,144.667,91.2667,143.55,70.95,116.95,125.533,99.0333,80.8167,160.317,120.5,129.967,93.55,69.25,119.267,92.9,86.6667,101.517,145.833,101.767,80.4,71.3,106.65,85.65
37,37.6,54.9333,43.25,43.3167,61.6167,54.05,25.3833,55.1333,48.4,51.3,38.9,25.6333,23.8167,51.4167,28.0333,23.1667,32.2667,22.2333,23.75,27.1833,56.9167,40.5167,13.1833,48.4167,34.1833,69.3167,36.85,43.55,45.2,31.3333,36.5,18.3667,42.6333,35.3833,23.9833,24.3167,0.766667,36.5333,55.75,37.05,58.7833,27.7,54.1333,39.1667,64.2667,71.7667,33.6833,33.6,28.7333,123.067,86.65,126.667,70.0167,93.6,82.7167,146.017,120.817,71.7333,106.25,105.117,126.633,111.367,127.683,94.5167,119.2,141.967,67.2,132.633,132.667,93.1333,113.533,62,89.1,141.833,128.4,77.85,142.55,98.6333,139.083,85.9833,114,121.083,96.1,71.9667,156.283,119.05,128.267,114.517,66.65,140,89.9667,81.5167,97.0833,144.1,99.0833,76.1833,65.2,105.033,86.6167
60.0167,62.1667,75.45,67.7667,67.6833,46.8167,75.65,35.7333,74.4833,70.6,25.95,66.1833,46.6667,22.4833,79.3,50.5833,57.9667,57.65,21.8333,47,52.0333,70,62.45,37.0167,65.4,61.85,90.25,72.35,37.5333,22.5,55.75,61.5667,52.1,36.5667,62.45,47.6167,44.5667,39.9333,0.516667,21.2167,49.5833,51.9333,19.5667,77.1167,56.5833,65.4,73.7167,66.0167,59.15,53.0667,123.367,104.2,126.867,85.0167,93.8167,82.95,146.25,138.283,92.7667,106.5,97.55,127.033,128.917,145.017,112.233,137.183,120.183,86.8,123.117,132.9,93.2,130.867,79.4,89.2,158.95,128.467,80.1167,156.767,105.883,153.583,100.967,116.267,138.667,98.35,57.4833,157.883,119.283,128.517,131.25,81.25,132.667,88.0167,100.233,114.917,144.333,100.967,93.7167,57.5,105.333,89.1167
80.0833,82.35,95.9,87.9833,87.6667,66.4667,93.2167,54.3333,91.5833,91.8833,44.2833,86.1833,66.7333,41.3,99.8167,70.0833,80.2,77.2667,40.8667,70.1667,71.4333,87.5333,83.8667,56.4167,82.8,81.9,108.717,92.0667,55.8833,41.2333,71.1667,79.8333,70.1167,55.6167,87.2667,65.8333,62.5833,59.1333,20.7833,0.25,68.7167,70.3167,38.5167,97.2333,76.8167,88.7667,90.2333,81.7833,80.3667,70.5167,141.683,119.167,145.1,102.733,112.233,101.183,164,158.017,109.3,124.85,141.467,145.333,148.917,164.367,127.4,156.967,135.333,104.267,141.05,151.05,112.033,151.067,99.6167,107.633,174.25,146.65,98.3,173.467,120.683,170.05,106.117,134.367,153.85,116.717,81.2167,175.983,137.6,146.833,150.917,98.8833,152.55,106.583,114.233,134.683,162.267,119.45,108.583,74.85,123.85,106.45
48.3667,46.4167,62.2333,52.4167,35.05,50.4833,33.45,20.9667,26.5833,33.8667,68.2333,32.6333,21.7,36.0333,44.2,15.75,31.0167,47.9,50.45,26.1667,40.5333,27.3667,26.2167,32.75,22.0667,27.75,47.9,50.35,30.6333,39.4,39.1333,50.65,33.7833,23.05,29.45,41.1,43.5,36.15,54.8,73.9667,0.45,44.95,49.35,43.45,22.25,43.15,34.5167,46.4,40.7833,45.0667,101.3,66.3,105.133,50.0667,69.9167,60.6,116.75,98.4,49.8333,84.6833,60.65,105.033,90.65,107.083,73.9833,98.3833,84.8667,55.55,104.533,112.5,73.0667,94,58.1833,68.9833,121.433,108.133,57.0667,122.167,70.8667,118.683,53.2833,93.1,100.267,75.35,60.85,135.85,97.1833,106.883,84,46.3,111.9,65.2333,65.0333,74.6833,122.867,77.0833,56.3,44.6667,83.4833,51.2
85.2833,86.5167,91.1833,92.1333,62.6,52.6833,63.6833,43.9667,62.85,63.5667,68.9167,60.9333,57.2667,36.85,76.7333,47.2167,67.9667,78.6333,50.4,59.0333,71.05,77.95,55.7833,50.85,73.2333,58.7833,96.0333,81.5,22.7167,41.8333,67.2333,79.2,68.9667,30.0333,60.7167,72.85,70.3,58.5167,55.4,73.7167,45.3833,0.633333,49.7,71.8167,50.5333,67.5333,77.0333,75.6167,78.0833,78.65,128.6,96.55,131.867,80.2,112.15,87.9,151.35,130.833,99.5167,111.483,89.9167,132.1,121.367,137.867,105.033,129.883,115.5,77.1833,117.65,166.883,98.6167,121.317,71.9,92.7,151.917,133.367,85.1,152.383,98.0667,148.983,76.55,121.267,131.217,103.45,68.05,163.25,124.5,133.517,99.3,76.6833,125.133,93.2,92.3333,107.383,149.517,106.133,86.3,75.2833,110.533,95.6
50.6167,53.7833,67.9,58.9833,61.0833,42.1667,68.5,31.0333,63,65.4667,34.2833,61.5,42.2833,17.2667,67.1,44.4167,53.85,48.4333,13.2167,42.15,42.4,63.6667,57.4667,32.0167,59.2,49.7667,84.1167,53.4833,32.9833,28.6333,44.6,52.8333,34.0167,30.4833,58.5667,39.7,35.7,30.0667,20,39.2,45.0167,47.45,0.533333,72.35,51.1833,61.2833,67.3333,53.8333,56.3333,43.7833,117.333,94.9333,120.767,78.2167,86.6333,76.75,140.05,130.767,84.6167,100.267,111.983,121.017,124.5,136.267,107.8,132.9,148.85,75.5333,116,127.067,87.55,126.65,95.35,83.4833,154.8,122.683,73.9333,150.683,96.9,152.167,92.7833,110.033,130.067,92.15,52.9333,152.517,113.267,122.417,126.3,74.8833,146.817,82.0167,90.95,106.05,138.2,94.8167,84.6,53.0333,99.1667,82.9667
44.85,46.5333,60.7333,52.2667,8.61667,76.3667,41.6667,48.15,42.8,31.7833,89.0833,19.6167,39.25,55.7167,20.1667,32.3167,46.5333,41.15,58.4333,39.0833,36.3333,48,25.5333,52.65,41.25,25.4667,69.6667,45.9833,56.2,64.7667,47.4167,47.5833,49.9333,48.8,24.6833,46.8,57.45,50.7167,76.3333,94.6,40.5167,70.1833,69.3333,0.1,23.2667,80.6667,61.3833,45.0833,41.9833,54.4333,131.85,88.3,135.233,83.9,106.867,91.45,138.567,122.367,68.75,114.867,80,135.3,112.733,129.083,95.9,121.283,106.383,64.4333,107.633,140.983,102.217,115.317,67.25,97.5667,143.217,134.067,88.3667,143.717,81.7667,140.283,74.1667,119.617,122.75,106.7,90.4667,157.45,127.817,136.733,89.35,74.0833,115.167,99.95,87.85,84.9167,152.717,109.533,80.05,76.0667,113.75,76.8167
34.7167,35.6167,50.65,41.2833,14.4667,58.3833,28.6167,30.6833,27.5333,25.0333,72.25,13.3667,22.1667,39.85,31.25,15.2667,43.8,30.3167,46.8667,21.2833,25.1667,31.1667,13.8333,36.7333,20.7167,14.3167,50.6667,34.7,38.0167,47.5667,35.1667,36.9333,38.3667,32.3,13.5167,36.5333,46.2667,39.6333,59.6333,78.0167,23.6667,54.9333,53.2167,25.1167,0.133333,57.0333,44.6,33.7167,21.0667,44.4833,111.033,78.05,114.417,59.4333,86.3,70.35,129.617,113.183,53.0667,93.8167,71.5833,149.4,105.733,119.917,85.5667,110.867,117.15,49.6667,107.683,120.917,81.8167,101.283,55.4167,77.3333,132.867,116.533,66.3667,133.55,64.8833,130.75,59.2167,102.4,113.6,84.55,73.4167,144.667,106.883,116.083,88.4167,54.35,106.7,76.8333,69.5167,71.0833,132.017,87.4667,66.15,53.75,92.8667,59.8833
76.65,88.5167,93.6167,94.15,65.2167,74.0333,69.4667,42.5333,67.2667,71.6167,87.75,69.9667,56.4833,51.7167,85.05,54.9167,59.9167,75.7,65.3667,58.7833,70.3167,62.1667,60.6,56.75,58.7,62.6333,74.5167,78.35,54.7,63.2667,67.9667,80.9333,72.5667,47.1,63.2833,68.2167,81.2,60.1167,69.4333,93.2833,41.85,33.6,64.45,89.7833,58.7333,0.433333,61.65,76.4667,71.4333,74.3833,146.333,109.2,149.667,92.7667,121.483,106.1,168.267,143.05,91.4667,129.65,102.2,187.6,133.633,150.083,117.017,141.883,154.267,87.95,144.083,155.45,116.867,135.8,102.217,112.25,163.367,151.183,100.917,162.033,109.767,160.683,97.8,136.867,143.283,119.317,123.217,175.917,142.217,151.483,126.017,84.5667,151.933,113.417,106.667,118.867,166.133,122.267,98.7167,87.7167,128.433,80.6667
71.1,74.0667,86.7333,88.1167,54.3,92.9833,42.1167,49.9667,32.2833,54.1,91.7667,52.9833,49.6167,59.4167,69.8667,48.2833,62.2333,71.8,74.4167,53.4167,66.3,35.3833,47.1167,65.6,31.3667,53.6833,46.6667,76.9833,60.6833,70.55,68.1167,81.9833,60.1167,50.75,53.25,67.0667,68.0333,68.2,79.0667,97.3333,36.5,76.25,72.1333,64.55,43.15,63.15,2.23333,79.3833,58.9833,68.3667,112.217,93.3167,115.617,65.4333,82.4333,71.6167,135.033,110.7,53.3833,94.9833,77.8167,115.833,100.933,117.383,84.3167,109.55,115.833,62.1667,105.483,122.183,83.95,103.75,62.4333,78.5833,131.583,117.783,68.0833,132.2,75.8667,128.9,61.4,104.483,111.067,86.6667,82.0167,146.317,108.05,117.233,87.3833,56.8667,112.967,83.3833,66.9667,84.1,133.133,89.55,84.6333,54.6167,94,50.5167
27.4333,28.5167,41.3,33.9,36.65,82.5667,51.5333,36.8667,49.5333,40.05,80.25,32.1333,36.1833,45.6167,43.45,33.7,26.6833,26.65,43.4,34.8667,21.2333,54.8333,36.2833,36.4833,46.2833,27.7833,81.5333,30.3833,62.2167,70.4833,12.9,11.0333,27.4667,50.7667,28.9,19.4833,29.1167,38.3,67.4333,85.9833,45.55,77.7833,46.8333,47.7,33.0833,76.3833,74.5167,0.133333,26.0167,14.4333,132.233,98.75,134.683,79.1167,102.667,91.9333,148.55,132.017,85.0667,114.317,90.2833,135.567,123.3,138.733,105.7,131.3,116.217,71.5333,117.867,141.883,103.133,124.967,76.6167,98.4333,153.533,137.483,87.6167,152.95,86.8167,148.267,93.6833,123.783,132.15,105.933,94.4667,165.917,128.717,137.767,99.4667,78.5833,125.3,99.9833,100.55,95.5167,153.717,108.9,88.2333,76.15,114.783,91.2167
17.8667,19.6333,34.1667,25.5333,28.2667,74.8167,42.3833,28.9833,41.5,31.7833,62.95,23.9667,29.2333,39.25,34.9333,25.3667,19.2667,14.4333,31.25,27.7,9.53333,46.4667,27.8667,32.4667,38.6667,19.7167,71.3667,18.4833,54.4333,58.8167,20.5167,20.05,23.3833,38.8,20.35,21.9833,30.6667,25.4667,55.1833,73.5833,35.85,70.35,38.5667,39.0333,24.6333,69.95,63.8667,17.9667,14.9833,27.55,124.233,90.1,126.667,70.9333,94.3833,83.8,139.65,123.317,69.5,107.117,81.15,127.533,115.733,130.183,96.9333,122.133,107.4,63.3667,108.783,133.417,94.4167,116.283,62.6167,89.8333,143.933,129.1,79.0667,144.7,76.8167,141.25,69.1333,115.2,123.633,97.2833,80.0833,158.4,120.167,129.383,90.4667,67.4333,116.283,91.4,83.9,85.5,144.05,100.2,77.15,65.5333,106.15,84.1833
38.2167,40.1167,54.1,45.9167,44.0833,74.9,57.3167,35.4,60.2167,47.5333,73.4,39.6667,35.3667,45.2667,52.2333,37.8833,25.9333,34.3167,33.2667,34.05,28.65,59.6167,43.75,34.7,52.8,35.1833,80.6,37.7667,56.3667,62.2,10.7167,21.8,13.1167,43.9,36.1,18.1667,19.4833,27.9333,60.1,78.4667,45.0167,65.9333,41.6,54.3667,40.4,77.4833,75.1,15.3333,33.5667,0.916667,130,92.9833,133.117,77.2333,100.133,89.5,143.533,127.3,85.2,113.233,112.2,133.2,117.617,133.967,100.783,126.067,109.35,78.5833,139.383,139.233,100.417,120,95.5333,95.7333,148.017,134.85,84.7667,148.8,94.7833,145.283,93.4167,121.083,127.75,103.283,87.2667,162.5,126.267,135.283,95.8,73.3333,146.9,97.3167,89.1167,103.817,151.067,106.217,83.0167,71.7,112.267,84.1167
147.233,148.383,166.583,154.217,126.067,129.767,102.9,111.817,98.6333,119.083,140.083,129.267,117.9,116.583,147.8,113.967,129.183,135.033,124.533,122.283,129.65,110.35,113.517,124.283,100,127.617,127.517,140.317,114.35,118.233,133.783,140.383,123.267,100.733,128.05,124.7,131.617,125.583,127.667,145.7,108.483,129.683,120.567,140.083,111.083,155.117,114.333,144.867,131.917,129.75,4.06667,112.433,63.85,115.633,82.0667,67.8833,91.35,128.533,97.7333,109.517,99.3333,35.1333,85.2333,101.167,93.3833,125.333,87.5667,129.95,87.1833,147.333,109.117,87.3667,129.183,104.8,116.05,143.2,80.7,116.8,128.017,113.133,113.083,141.483,119.1,124.467,118.617,104.517,21.4833,58.8,86.8167,131.283,101.133,53.65,84.4667,136.483,87.05,102.35,127.917,89.4167,59.9,111.867
103.417,105.5,119.367,111.483,87.8833,105.5,59.25,72.3667,81.9667,78.9167,121.233,88.85,78.85,85.7833,102.483,74.7667,91.1833,99.8333,103.667,83.05,98.05,94.4667,73.4833,86.5667,59.8667,82.6667,105.783,102.283,83.7333,93.6667,93.95,102.217,84.2,76.2833,81.9833,89.3833,93.15,87.2833,108.533,126.767,66.1333,99.15,101.05,103.283,73.85,116.75,78.5333,103.667,93.3833,92.8,114.483,0.566667,120.983,70.4,121.333,82.8167,125.483,76.4167,50.6833,100.317,21.5833,94.2167,62.2167,78.6,49.8167,72.6833,51.2,44.4167,63.4167,146.6,108.15,64.7,42.4333,103.883,93.2833,142.333,86.8167,93.9667,39.8833,90.3667,51.4833,157,72.0667,147.267,104.55,109.283,112.567,88.5,36.6167,29.8,60.7,83.1667,68.45,52.25,138.55,109.517,17.6,79.8,99.35,91.0667
146.3,147.467,168.183,155.183,127.733,131.45,104.517,112.733,100.25,120.65,141.75,129.7,119.533,118.05,148.283,114.967,132.317,135.183,126.133,123.75,131.267,111.95,116.617,124.633,101.65,128.333,129.333,141.9,115.983,119.883,133.3,141.85,124.333,102.483,128.6,125.983,132.567,127.633,129.283,147.35,109.867,131.3,122.167,150.5,112.733,155.317,114.767,144.7,133.45,132.183,67.65,117.617,0.616667,131.5,108.967,115.667,84.4833,113.633,100.467,126.45,153.7,69.9333,78.3167,94.1167,105.783,112.017,130.233,103.3,111.833,149.2,110.8,80.7333,97.8667,106.5,109.083,145,82.3167,138.417,125.317,105.417,97.0667,118.283,94.65,142.8,120.167,124.267,63.8,54.6167,101.167,103.6,121.583,84.6167,122.067,133.767,48.2167,104.25,112.833,91.0167,77.85,113.367
105.25,106.283,116.083,110.3,86.05,89.9833,56.8833,72.1,47.3167,78.9167,106.75,77.1833,62.4167,69.5833,98.4,73.4333,84.75,98.6333,108.133,68.9,76.9333,58.4833,73.5167,66.5833,48.1167,79.8,68.3667,87.6167,66.4333,75.7,91.85,87.8833,69.05,58.3333,80.45,69.5333,75.9667,70.4667,94.0667,112.8,66.5167,81.8667,78.1833,105.717,66.8833,106.8,65.5333,104.8,77.1167,76.7,91.8,68.2,131.733,0.016667,56.5667,41.95,134.117,110.55,36.2,72.4333,50.25,106.267,128.75,113.867,93.8333,105.917,74.5,59.05,57.1667,114.017,82.3167,131.117,53.15,70.3333,128.883,109.333,45.3833,129.733,79.5667,125.9,43.9,79.05,107.767,62.0667,84.7333,126.883,87.7833,121.767,47.9667,59.3667,67.8667,39.1833,23.2333,86.05,111.267,65.4,69.5167,51.7167,68.2,72.8667
115.817,116.967,136.1,122.967,94.5,96.8333,71.7333,76.9,66.3667,90.3167,107.783,97.7833,83.0167,83.7,114.45,79.2333,89.8833,103.367,91.6,87.6333,97.0833,79.7,81.5,91.3167,67.6833,94.65,93.9167,108.933,81.5167,85.0833,97.3333,106.567,89.4,67.6167,94.1,90.8833,97.0667,91.75,94.6333,112.967,74.5167,96.9167,87.55,111.567,77.1833,119.517,81.2833,105.867,98.2,96.25,85.0167,112.033,111.183,66.9333,1.01667,28.2667,92.5,125.3,67.1833,34.6167,87.45,88.45,86.7833,102.65,95.2833,120.35,114.467,68.65,99.8333,114.35,76.3667,89.2167,72.75,71.15,117.467,133.667,29.7333,118.617,90.5667,113.283,74.7667,59.2333,103.183,35.5,85.4167,105.633,80.2167,73.85,85.6,68.9,109.683,39.05,58.4,99.25,90.2,57.3333,78.3,57.5667,48.6,79.2833
104.383,105.367,129.483,111.35,84.3833,86.3333,60.8,68.4333,57.7667,77.1333,96.65,87.5,74.1,73.4833,106.717,69.7667,88.2167,91.65,81.0167,78.4167,86.5167,66.95,73.85,82.5167,59.05,87.05,87.8,97.25,70.9667,74.5833,89.6667,97.1667,80.2333,57.1833,86.0667,81.2833,89.3333,82.8167,83.95,102.3,65.35,86.4833,77.0333,99.9667,69.3167,113.433,72.4167,100.9,89.0167,87.35,73.2667,92.5667,74.95,47.3833,27.4333,0.533333,95.3167,118.117,57.7667,56.7,72.6167,77.7833,89.6333,105.5,116.3,113.2,97.0167,63.3833,81.5333,104.417,67.95,92.0833,58.8667,60.45,120.367,99.4167,28.2167,121.383,84.7333,117.383,58.7667,65.9833,106.033,49.6167,77.0333,108.283,69.2667,76.75,70.8333,64.5333,91.0667,34.2,42.8167,92.8833,92.6,58.8167,73.8,48.55,55.5833,71.3833
149.383,151.717,164.417,157.233,133.367,151.367,110.217,179.967,159.917,125.5,161.1,131.983,128.983,137.65,149.433,180.783,202.217,146.433,145.817,188.117,140.833,121.25,120.5,132.517,111.6,129.333,183.017,152.367,133.4,139.617,201.817,151.6,135.867,122.55,128.817,146.567,142.817,136.6,148.933,166,172.783,151.267,141.783,151.2,123.867,164.767,177.017,149.9,136.917,141.817,93,124.867,85.5833,134.483,91.7167,94.05,0.533333,101.667,130.083,104.583,110.083,97.4833,48.8333,62,79.1167,91.7833,103.867,143.717,100.9,167.533,130.5,51.1,138.7,126.167,80.4333,163.65,103.333,88.15,101.7,73,123.767,142.617,63.9,125.733,139.883,73.35,89,54.95,102.833,141.767,117.733,78.1667,130.05,141.95,103.417,128.55,140.15,111.517,91.95,133.317
135.05,137.183,151.117,143.267,117.45,139.333,93.6667,106.65,97.5333,110.283,153.783,120.883,113.083,118.75,133.817,108.717,126.417,131.933,135.833,117.217,126.533,105.117,105.417,116.733,94.35,114.4,123.467,131.85,117.633,127.983,129.233,137.05,120.133,110.617,113.633,125.283,130.017,120.983,141.35,158.85,104.1,133.15,133.983,138.783,106.567,149.2,111.5,135.333,120.017,128.1,128,75.25,116.15,109.583,122.917,121.883,95.1167,3.61667,83.9167,134.783,94.2,108.15,49.4167,76.5167,70.6333,63.0167,77.1,83.8333,104.65,178.7,141.9,59.5,78.5167,137.45,86.7333,175.117,122.5,114.467,85.3,88.5667,88.5167,225.567,60.2,215.133,138.167,128.017,132.867,87.6833,111.467,84.1,126.35,107.367,104.533,104.217,132.45,144.633,90.15,115.067,121.267,124.717
99.45,100.6,115.05,106.683,78.9333,83.8333,45.25,60.3333,37.4333,71.85,106.483,74.5,66.2167,79.5333,95.7333,61.0833,79.5833,89.9667,99.9333,71.25,85.2,47.8167,66.5667,75.1,38.8833,71.4167,59.25,96.1167,74.2167,87.0667,84.0167,99.3333,64.0167,67.25,71.1,65.3,70.7667,65.8833,93.8833,122.45,60.55,92.9833,96.8833,93.5167,58.6167,102.55,55.0167,97.8333,85.6833,73.8167,95.6,51.7667,98.4167,42.0833,65.2833,57.35,126.983,86.15,0.766667,77.9,34.3,98.1833,74.35,90.0167,59.2167,82.1,68.0833,29.8167,59.4833,118.017,80.4333,78.9,24.0333,74.2333,104.833,112.633,52.6667,105.9,49.0167,101.967,13.9333,85.5167,83.9167,68.3,83.25,120.667,113.917,100.467,42.5667,30.6167,65.2667,54.6667,38.9,65.0833,116.117,70.9833,42.2,72.7833,86.5,72.6167
127.117,128.25,147.45,134.15,105.5,110.5,83.3167,91.1,79.4667,99.9167,120.783,110.95,98.2833,96.9333,129.333,93.3333,103.95,115.683,105,102.467,110.733,90.8833,95.1167,101.333,80.7,108.567,108.067,120.967,95.0167,98.95,113.517,120.933,103.333,81.6833,108.45,105.017,111.667,106.133,108.217,126.233,88.7667,110.567,101.167,117.1,91.2,133.6,96.2833,124.767,108.117,112.417,84.45,101.317,84.1167,81.3333,39.5,56.65,104.233,134.667,79.7667,0.2,84.3167,88.7833,98.6167,114.533,107.817,131.983,106.95,81.5667,92.6,128,89.6667,101.183,76.3333,85.45,129.517,154.267,63.7,130.233,103.617,126.45,75.6,91.1167,114.95,66.2333,99.3833,116.817,100.067,85.7667,82.1333,81.9,102.217,46.75,65.6333,112,101.817,80.0833,91.0333,70.45,60.7833,92.4333
113.617,114.733,118.05,110.383,90.3333,101.283,57.1667,85.1,59.5167,76.5833,136.083,83.3167,92.15,105.067,100.183,71.0833,105.317,98.95,120.9,97.8333,93.7333,77.4167,71.3333,100.583,60.4333,80.55,89.6167,104.35,79.6,89.6667,105.45,104.183,81.0167,72.4,79.8833,107.15,90.1,83.2833,126.9,141.467,76.0667,94.8,118.217,100.083,73.8833,124.333,78.0667,102.7,106.817,89.1833,98.9333,20.4667,98.5333,53.3,68.0333,67.7833,108.85,93.75,33.3167,80.7167,1.63333,79.5333,103.4,98.0667,70.3833,90.45,49.9333,47.3167,44.6,134.383,96.2167,105.883,42.3,91.8167,140.6,130.55,64.8333,114.1,54.7167,110.117,29.2167,138.1,92.1167,83.2667,100.467,128.8,96.75,112.6,17.3833,44.4333,42.3333,65.7,48.85,73.4,119.083,86.45,33,76.6333,101.083,86.6167
150.3,147.983,164.967,177.333,153.533,135.467,111.2,144.45,119.833,148,145.7,158.467,149.1,162.033,171.85,141.217,162.933,166.383,130,152.867,161.6,136.433,137.95,154.15,125.9,151.5,148.7,148.867,134.033,124.067,162.433,171.633,135.183,106.95,150.883,165.75,185.35,162.25,133.1,151.117,132.483,149.367,126.183,161.567,144.95,183.3,142.317,170.05,133.55,174.2,37.1833,85.2333,71.3333,96.5333,90.7833,79.0833,86.9167,100.55,87.15,115.4,69.8167,2.55,81.15,96.4167,72.4333,103.783,63.0833,100.967,62.8833,152.717,115.067,83.5167,100.5,110.6,119.967,148.85,88.1167,133.983,106.617,123.633,83.5167,127.367,90.4167,130.5,124.45,110.85,35.8833,66.2167,63.0333,98.8667,77.5,59.75,91.1333,114.417,94.0833,113.183,104.783,95.7833,66.6167,118.017
125.167,128,141.3,132.15,106.7,128.367,83.0167,95.6,86.65,100.183,140.883,112.767,102.017,106.267,125.65,98.2833,115.183,120.267,123.05,106.1,115.8,96.3,95.4,106.15,84.7333,103.45,112.567,125.667,106.517,116.833,116.917,126.133,107.617,99.5167,104.167,113.967,115.967,109.833,128.333,146.283,92.45,121.917,121.3,115.983,96.2,138.783,99.7833,120.383,109.4,116.417,87.45,64.2667,79.9167,128.35,85.95,88.35,48.0333,46.25,73.2333,98.55,103.833,89.6,0.85,37.5167,55.4333,45.6833,75.3,73.15,94.9667,161.75,124.7,12.4,67.85,120.3,55,158.017,97.5333,50.3667,82,47.8167,77.8667,136.65,27.8,119.85,127.367,65.85,107.267,53.9,96.6167,73.4333,111.567,70.9333,123.033,89.8,97.5,122.883,79.6167,105.4,84.9833,113.95
138.4,140.667,154.133,146.5,123.917,141.983,96.9,110.533,100.617,115.683,156.917,127.917,115,122.967,138.433,116.15,128.85,135.317,139.433,119.167,130.183,108.233,110.5,118.033,98.65,119.267,126.467,139.233,120.417,130.533,132.567,140.533,123.067,113.567,118.783,128.65,131.433,122.533,144.733,161.65,106.417,135.55,137.667,131.267,110.533,156.983,113.9,138.85,124.8,131.633,102.85,78.3,94.9333,111.2,101.117,103.533,62.8833,81.15,86.8,113.767,97.5167,110.65,35.7667,0.7,66.5167,72.2667,82.1667,87.0333,112.75,176.117,139.783,38.3333,81.7667,135.3,20.1667,172.717,112.95,44.3333,88.9,38.7,92.1,152.217,46.7333,134.483,141.383,57.65,98.6167,66.8167,114.417,87.5167,129.133,86.2333,106.867,102.017,112.667,138.067,93.5167,120.283,99.9833,127.967
110.683,112.5,126.55,118.55,97.2167,113.517,67.6167,81.5833,71.3833,86.75,132.8,98.5833,87,98.2167,112.15,93.2333,100.083,107.45,114.833,91.0833,102.25,79.0333,81.8333,92.4833,69.35,90.1833,97.75,112.883,91.4833,101.833,102.083,112.85,92.6167,84.5667,90.5167,97.6667,101.017,95.1833,115.033,138.083,77.5667,107.067,113.117,103.117,81.3667,125.767,85.05,110.6,96.6833,100.5,103.733,51.3,104.267,90.7167,95.7667,94.7333,106.783,66.8,58.05,108.533,67.3667,86.0333,55.3,65.65,1.66667,65.2167,35.6333,81.0833,61.5333,153.517,115.917,64.55,82.4333,111.667,94.6833,149.933,107.667,81.3833,47.9667,77.45,62.6333,173.133,62.8,163.25,112.433,96.1667,101.683,76.3667,61.2,61.7333,74,104.767,87.1833,53.6333,122.167,118.133,65.95,89.4333,135.317,98.8
136.283,138.25,151.85,144.4,123.233,139.133,94.0833,107.667,97.6,113.833,152.583,119.3,112.15,118.75,136.533,111.667,126.467,132.95,134.933,116.333,127.85,105.083,108.617,119.117,95.4667,116.533,123.267,132.867,117.6,127.833,126.583,132.933,123,110.75,116.583,122.7,131.167,120.217,149.883,157.667,102.717,132.833,142.817,132.55,106.567,149.7,110.783,136.517,121.25,130.533,135.683,73.0833,116.6,107.867,122.383,121.05,94.1833,59.2833,83.7167,134.65,119.567,118.317,45.3833,72.7833,63.6833,6.01667,82.1,83.9333,111.333,178.9,142.267,58,78.7333,137.867,85.2667,175,122.7,93.5833,91.5833,89.6833,89,228.9,57.2667,141.1,138.417,108.467,133.8,107.267,108.083,115.7,127.283,107.783,103.317,99.4333,134.183,144.2,90.6167,115.6,121.383,124.9
119.7,121.95,135.317,127.767,105.5,121.617,76.0833,119.067,97,96.6167,141.233,102.517,123.017,106.883,149.917,123.05,137.8,116.433,124,126.767,110.833,109.083,91.4167,137.467,77.9833,99.6667,121.317,121.283,99.6833,110.017,137.15,121.417,107.517,92.8667,101.417,106.5,116,136.95,132.6,146.683,112.8,115.183,155.85,113.317,88.8833,152.65,114.8,119.8,104.333,113.55,89.7667,52.3833,132.367,74.8833,88.2667,87.2167,103.75,74.6833,67.2,101.033,49.0167,75.65,74.1833,80.3333,37.6,74.3,0.85,68.6333,45.15,154.033,116.883,69.2667,76.0667,112.433,111.767,150.717,99.9833,96.1667,66.3333,92.2667,63.25,154.783,81.6667,145.233,126.3,111.05,88.9667,90.6333,41.9,77.8167,56.9167,86.5667,68.4333,81.3667,136.283,110.817,67.6,97.1167,126.55,107.5
89.15,91.3167,101.817,93.9333,74.8,84.6833,34.6333,58.6167,38.2,62,112.817,71.2,74.6,74.7333,85.1,73.8167,77.5167,92.1333,90.6333,88.7167,80.8333,45.3167,58.6,66.95,37.05,69.1667,67.8667,91.25,63.0167,76.5667,91.5667,91.1667,68.9667,56.1,67.3333,70.6,76.2,67.0167,100.15,115.2,65.8167,78.5167,93.05,82.6833,51.2167,102.3,62.3333,89.5167,86.4667,78.15,102.1,45.7667,104.65,67,71.1667,68.7,100.9,85.7167,31.2333,83.7833,55.8667,114.75,73.7167,90.7,60.1833,82.8833,70.8,1.35,72.0667,128.1,90.1167,77.5667,20.5833,85.7667,105.85,124.3,70.3167,106.383,40.5333,102.467,32.0833,106.2,84.4333,89.2,86.6833,121.133,98.1333,99.4667,56.0167,18.6333,78.05,63.2,61.9833,56.3333,122.35,92.4833,36.2667,65.8333,82.75,75.9833
123.9,140.667,139.5,146.633,124.417,125.2,80.7667,117.567,89.2167,115.833,146.9,129.817,120.167,140.417,144.167,121.133,134.55,135.15,144.233,124.05,115.533,104.417,110.6,131.85,86.8,120.3,109.8,139.367,106.183,116.4,134.15,140.467,107.667,96.3667,118.883,137.75,115.933,134.267,134.35,180.817,108.35,121.583,133.083,132.267,119.067,152.367,109.217,138.85,131.283,116.517,87.6833,64.3,109.65,62.2,103.967,90.55,98.6333,103.3,59.95,88.8,45.9833,72.4167,93.0667,110.75,64.35,101.083,45.4167,72.7167,1.73333,142.167,104.467,95.1833,67.6333,99.9,130.6,138.35,76.3333,144.983,94.5667,140.95,56.0167,142.267,102.683,95.5,113.917,158.933,86.5,102.783,42.65,71.45,57.0667,72.6333,55,112.567,127.4,98.3,77.1333,84.7667,89.5,107.35
154.4,155.733,173.4,161.333,143.9,143.367,111.217,123.05,109.967,133.1,165.433,141.167,124.567,125.117,158,127.4,131.933,144.383,132.65,131.867,139.083,118.2,128.083,134.017,108.483,141.55,134.65,149.933,151.3,126.8,140.85,148.867,132.1,128.267,139.517,134.183,140.067,132.767,153.95,153.433,115.633,161.05,147.233,146.433,120,157.417,122.9,151.75,141.65,140.017,147.8,145.55,150.25,138.733,117.183,106.933,169.283,181.117,123.467,129.533,131.5,151.85,164.5,180.25,153.517,176.717,160.133,126.05,146.117,3.4,74.85,166.95,120.817,56.0667,198.7,93.5667,103.75,199.967,146.8,192.733,130.467,134.217,180.217,157.617,142.35,182.633,143.767,152.3,135.917,126.233,155.5,111.85,148.95,154.633,166.9,158.767,135.283,97.7667,128.667,120.533
114.417,115.45,138.467,121.4,103.15,97.2167,70.7167,83.05,69.7,92.0333,107.467,105.317,84.5,83.6333,123.633,87.0667,91.8167,103.567,91.6833,88.65,98.3,80.45,87.3833,88.3833,68.0833,106.933,94.4833,109.1,81.5333,85.4667,101.383,108.35,91.4667,68.3667,103.017,93.55,99.6333,92.1,94.6333,112.767,75.9333,96.9167,87.6,107.417,81.3833,119.333,82.7333,112.067,100.867,100.183,106.85,105.633,109.25,86.6,75.1,91.9167,129.517,141.75,81.0333,88.5833,90.7,111.4,124.533,140.3,114.183,137.933,119.8,89.85,105.317,74.4,1.78333,126.65,80.3667,39.65,155.083,83.8167,105.783,156.183,106.7,152.533,90.0333,119.317,140.517,80.7333,85.8,142.783,102.85,111.317,94.95,86.0833,115,93.1833,96.2,115.233,127,83.6167,95.3333,59.4333,87.4,80.6667
125.783,127,158.233,142.65,117.65,130.467,84.5833,102.3,88.5667,105.983,153.717,119.833,102.383,119.467,132.433,105.95,118.05,122.033,135.583,106.3,114.7,95.5833,100.967,109.25,86.4333,115,114.183,124.967,108.633,119.033,120.9,125.033,112.217,101.75,109.733,115.95,118.483,110.6,141.35,158.917,93.5333,123.95,134.533,122.483,99.3833,146.267,101.8,123.283,117.217,119.2,110.15,65.8,82.0833,125.983,88.0167,90.4,49.4333,53.8167,74.25,100.767,101.183,92.8667,9.93333,39.3,63.5,54.1,85.1167,74.4833,92.4333,163.967,126.683,0.666667,69.2333,122.567,53.1167,160.483,99.7333,52.7333,76.4333,50.5667,79.6333,153.783,36.05,121.65,129.7,67.1333,108.017,56.1667,93.9333,75,108.85,73.05,121.567,97.5833,99.65,125.15,81.0667,107.067,86.9,115.767
93.4833,88.2167,101.75,93.95,81.6833,81,38.1667,84.4833,49,67.9833,133.817,64.5833,79.9667,64.7167,91.8167,58.7333,72.2833,89.8667,114.2,84.1167,75.8167,50.85,61,61.9333,50.2333,75,70.6333,95.6333,59.2833,69.6,96.8667,84.5333,63.0667,52.5833,69.2,67.8833,69.9833,62.9,127.333,139.2,69.1,74.4167,111.533,85.35,56.5667,107.55,66.2,82.8167,73.65,69.4,97.35,42.85,99.5833,63.3,66.7833,65.1167,95.5,81.75,24.95,79.2,46.5,105.933,69.9333,86.0667,79.5833,77.8,78.5833,19.3833,71.4833,122.133,84.3167,72.2667,1.23333,79.9333,102,118.3,67.1833,102.667,39.1167,98.5,25.85,102.95,79.2667,86.1167,80.7833,117.3,124.017,95.55,53.9333,19.8667,76.9667,56.9333,60.5333,55.2833,117.417,89.1667,36.2667,83.4667,78.3167,68.5833
104.217,105.433,132.383,111.117,95.6333,87.2833,61.0667,75.6833,60.2833,85.3,97.4667,94.9333,75,74.55,116.767,74.7667,88.4333,93.5667,81.7667,78.7667,88.35,65.8167,79.0167,77.9667,58.7833,100.7,84.75,99.0333,71.8,75.7,90.5,98.1667,81.15,58.95,95.2333,87.1167,89.6333,82,84.8167,102.917,65.1667,87.05,77.8167,105.483,71.45,110.483,72.35,101.267,90.6167,89.0667,96.6167,95.25,99.0167,66.35,65.1167,54.9167,119.383,131.3,71.0667,78.2333,80.2333,101.133,114.433,130.25,103.883,127.65,109.75,75.25,95.1833,60.8333,34.6667,116.867,70.0833,0.25,145.283,64.1167,51.9,146.383,96.55,142.367,79.3167,106.367,130.333,70.7833,76.0667,132.55,92.6,101.167,85,75.7333,105.033,60.4833,69.8167,105.067,116.733,73.5833,84.9833,47.9167,77.5667,70.1833
161.967,167.583,186.65,173.35,147.883,160.383,113.75,132.25,129.8,136.067,178.1,148.8,132.45,145.7,155.2,135.15,147.017,169.533,161.267,137.067,164.067,126.233,131.117,140.283,123.033,147.417,155.267,177.25,139.2,149.5,149.333,173.65,139.483,132.367,143.633,173.433,149.417,140.417,166,181.75,123.45,154.067,176.3,152.217,128.45,175.467,132.167,173.05,143.117,148.85,147.067,93.9333,108.067,161.8,117.717,120.067,78.0833,88.25,115.267,129.967,139.45,128.917,54.5667,22.2333,90,80.3667,104.283,103.333,131.567,190.733,156.417,66.4167,97.9833,149,1.31667,190.017,126.133,62.5333,117.1,58.25,115.95,167.417,55.25,150.8,159.067,75.8,144.95,79.8833,135.767,103.55,147.467,101.8,158.25,124.983,125.783,151.317,109.233,133.483,116.283,145.133
146.567,147.833,172.733,153.517,138,130.95,104,117.317,102.883,124.25,140.6,138.3,117.2,117.867,159.75,118.25,125.667,136.3,125.1,121.3,131.167,112.5,120.367,122.8,101.4,145.867,127.667,141.833,115.917,119.683,133.617,141.317,125.15,102.583,141.45,129.35,133.533,124.817,128.233,146.2,108.3,131.083,121.533,140.733,113.217,152.483,115.7,144.517,133.783,132.167,140.017,137.85,143.3,109.35,109.75,99.1333,161.933,171.9,114.5,151.25,123.967,144.15,157.7,173.1,146.183,169.5,152.6,122.567,138.25,90.3833,77.7667,159.817,113.317,40.6,187.633,1.2,96.1833,190.05,139.133,184.917,122.683,101.683,173.15,120.2,120.183,175.433,136.017,145.1,128.2,118.7,148.1,104.417,113.65,147.517,160.483,88.65,127.783,90.55,121.117,113.183
99.55,100.867,127.467,106.65,99.8333,83.5167,56.8167,69.3667,53.2667,80.4667,93.7,92.9833,70.0167,70.05,112.233,68.9167,83.7833,89.0167,78.1167,73.9667,83.8333,61.7833,71.6667,74.3167,54.05,95.5,80.3,94.5167,68.1667,72,84.8167,94.05,76.4167,55.2333,93.7167,81.3167,84.9833,77.45,81.0167,99.0167,60.8167,83.3,74.0333,98.55,65.4833,107.533,68.4333,96.15,86.7,83.8333,81.25,81.3333,121.283,49.25,29.6167,28.95,101.817,121.417,54.4167,61.25,61.3,85.7167,96.6167,112.683,94.9,118.9,91.4,68.2833,77.7,100.733,64.2167,98.75,63.0833,58.1,127.767,96.1667,0.533333,128.783,97.8833,124.983,62.4667,52.7833,112.867,37.2,72.85,115.017,76.3,83.4167,66.7833,68.65,86.5167,42.05,58.3,99.4667,99.0667,39.6667,77.7333,45.1167,61.4667,67.7833
160.133,161.45,182.65,166.783,156.417,158.267,113.117,130.45,117.017,138.583,169.617,151.733,131.417,138.483,177.367,130.717,144.917,162.967,154.567,135,158.367,124.05,134.217,135.65,113.9,151.067,141.667,155.25,137.133,147.433,146.85,154.35,137.4,130.267,149.983,143.117,147.3,138.317,157.85,174.883,121.367,152.333,151.5,155.45,126.8,174.75,129.4,166.7,163.733,144.583,116.667,93.4333,139.367,126.983,115.55,117.667,87.4,112.55,102.317,127.783,138.433,141.883,50.8333,43.2833,81.1333,106.917,96.6,102.717,145.75,196.167,154.267,52.9667,97.35,150.1,62.2833,186.917,127.017,1.61667,104.117,16.4167,107.35,176.85,80.45,151.35,157.167,21.9833,112.617,80.85,146.617,102.95,160.767,100.567,156.85,150.95,159.417,150.95,108.667,134.5,113.95,143.083
107.1,108.383,121.717,109.533,93.75,105.483,49.25,75.1333,52.9,78.0833,122.167,81.7167,78.7333,87.5333,97.8333,81.3,93.4667,102.933,99.2167,79.9333,97.7333,61.35,73.65,80.8167,50.45,79.1833,82.9,108.367,83.4167,93.8,107.717,108.033,84.6333,76.5667,81.2333,87.1333,93.0667,85.55,109.683,126.817,69.8667,98.6833,101.95,94.6333,60.35,111.717,74.9,106.267,102.717,92.0833,123.167,40.3667,124.133,84.0333,90.4667,88.7667,128.867,95.3,49.9667,102.967,55.2,105.033,78.9167,89.5333,47.4,85.9833,65.3333,39.4333,91.6,144.283,106.183,75.9833,40.2,102,116.85,140.167,90.5,105.783,0.383333,101.167,50.7,165.583,86.3667,153.883,103.233,120.217,121.117,99.4833,69.4833,35.4,94.3833,81.75,82.0833,23.3,141.667,112.683,48.2667,77.8,102.033,88.7833
167.633,168.967,178.883,174.317,150.567,155.233,109.767,125.233,113.683,136.883,171.1,142.7,127.9,137.533,161.25,127.633,141.683,163.533,153.517,131.9,158.9,120.717,133.183,130.633,111.283,148.2,138.4,152.367,134.017,144.133,142.117,168.65,134.2,127.1,151.35,138.1,142.583,135.05,159.133,176.217,118.083,149.217,152.733,150.983,122.283,176.767,126.25,166.933,137.233,141.233,113.6,90.1833,146.267,122.25,112.367,114.533,92.15,109.633,98.9667,124.717,130.683,136.517,46.5,39.1167,78.0333,104.15,93.4833,99.25,139.083,187.583,151.533,48.6167,94.05,146.817,57.3167,183.767,123.867,14.45,100.833,0.566667,103.85,171.267,74.75,145.417,153.933,27.75,109.517,78.05,139.933,99.4333,138.4,97.4,118.367,147.883,123.9,144.983,105.467,131.4,110.833,139.833
96.2667,97.5667,109.917,103.6,72.6667,87.2333,49.85,81.3667,43.2333,61.25,128.85,74.6667,86.5667,64.8833,95.2333,83.7833,100.017,93.9667,114.733,90.3833,74.7167,53.3667,56.8167,89.2333,44.8333,79.6333,68.5333,97.55,90.9333,120.4,95.3,97.3833,69.1,58.8667,80.4167,96.2667,101.65,92.6333,116.367,104.883,76.0167,80.1667,112.117,75.4667,70.6667,97.4833,61.1667,94.7333,97.6,95.9167,106.633,51.6667,95.5333,47.5167,72.0167,70.3667,116.7,86.8833,14.2667,75.3833,29.3167,91.2167,77.3167,92.9833,78.8667,84.2333,63.8833,30.5833,54.0667,126.4,88.0667,79.45,25.2,82.8167,108.517,121.317,63.3667,109.6,49.8,105.717,0.816667,93.7333,121.083,76.75,87.5833,124.083,104.717,97.75,37.15,31.8333,60.1167,61.4833,48.7167,66.45,113.35,79.8,42.6333,73.9667,73.5167,80.25
133.45,134.633,161,140.467,122.95,118.917,91.7167,98.9333,87.8,111.85,128.55,123.833,104.267,105.233,140.267,103.733,119.1,123.383,112.95,108.233,118.15,98.4833,104.133,109.45,89.6667,123.25,114.933,128.783,103.733,107.517,120.333,127.567,112.033,90.2667,124.517,114.067,120.517,111.583,116.2,134.067,94.3667,118.967,109.367,129.933,98.55,140.45,102.767,129.65,119.867,119.467,137.55,144.883,157.283,95.95,67.0667,61.5333,135.617,155.75,120.517,91.4167,126.883,141.517,130.917,146.933,164.5,153.433,146.817,103.317,110.85,134.083,118.733,133.017,98.0333,106.767,161.217,105.133,48.6,162.25,124.7,158.567,133.083,4.31667,147.283,45.9833,107.867,149.567,133.633,148.3,100.733,103.533,144.617,74.65,93.7,135.35,133.733,55.0833,112.633,78.3667,111.4,100.367
136.783,139.117,151.067,144.85,120.7,146.55,92.4,113.667,104.933,111.317,156.683,119.017,118.833,123.4,136.783,117.317,132.633,134.2,139.217,122.9,128.683,103.433,106.467,122.15,93.9167,119.217,129.45,140.867,125.067,135.083,133.183,138.567,125.317,118.1,123.267,129.333,133.683,126.25,144.75,162.8,109.083,140.133,137.8,128.267,106.217,154.317,117.217,136.833,133.317,132.317,117.767,75.8167,96.1333,130.017,102.317,104.467,62.4,57.4167,85.3667,115.4,91.7,99.5167,28.4333,48.6333,64.4167,54.7167,82.6833,81.35,99.0167,177.6,141.383,38.5833,76.15,136.7,54.8333,174.083,113.8,63.6833,86.15,64.65,86.0167,152.817,1.81667,135.317,145.4,78.0333,115.7,71.7333,100.433,81.6333,115.25,87.3667,126.3,94.1167,113.883,138.967,87.6667,122.2,100.717,130.9
116.633,117.933,134.333,123.767,101.367,102.533,75.3833,82.0333,72.2833,92.8167,112.183,106.217,87.25,88.7,122.95,88.55,95.0833,106.5,96.4833,91.3333,101.35,81.7833,85.9,90.0667,72.9167,101.683,98.6167,112.067,87.25,91.0667,101.867,110.7,93.75,73.8833,105.05,96.8333,102.333,94.6833,99.6,117.767,77.5,102.633,92.9167,111.317,81.7167,118.917,86.1833,112.617,103.95,100.983,120.767,100.967,140.683,62.4833,37.6167,51.8167,119.867,140.35,70.8,65.75,80.6167,124.85,115.067,130.933,113.617,137.833,110,87.4167,122.333,119.367,81.5,117.183,82.1833,76.9,150.7,121.05,38.7667,152.067,108.867,148.233,78.9167,45.4167,131.017,0.866667,91.55,138.317,116.733,106.733,85.3333,87.6333,105.35,65.25,81.2333,119.467,122.7,36.8833,96.7667,62.1667,78.1667,85.0667
98.1,99.4167,109.583,101.867,89.8333,62.9667,63.4667,55.55,64.0167,85.5333,73.5833,95.55,64.4,51.4,96.5667,60.5833,79.0833,87.9333,57.4333,67.8667,82.7167,68.8333,77.5167,67.95,60.7333,73.4833,85.6167,93.4333,61.95,52.95,84.5667,92.0667,76.5333,35.9333,88.2667,77.6,77.9833,76.3667,60.25,79.2333,56.7,72.6833,55.1333,108.233,70.4833,121.683,74.6667,95.35,85.35,83.7,116.067,102.45,119.267,88.9,84.8333,69.3167,138.917,137.517,82.7667,97.7,95.8667,120.35,127.983,144.017,110.817,135.017,128.367,82.8333,114.067,137.8,86.6,130.05,77.65,81.7833,158.3,120.167,71.7167,160.633,103.133,155.617,85.2833,107.4,137.067,90.3333,0.633333,152.85,112.217,121.25,103.867,83,123.75,79.5833,88.8833,111.433,137.017,93.35,92.15,49.6167,96.95,69.4833
169.567,170.783,183.733,176.25,150.8,161.15,128.567,140.883,132.083,142.95,170.133,157.017,146.05,149.833,168.35,146.5,158.917,165.5,155.167,149.85,160.817,139.167,137.783,148.5,128.833,152.217,157.633,165.65,151.7,150.217,159.533,170.483,151.817,133.533,151.517,155.15,159.917,152.833,158.333,175.383,135.933,166,151.9,158.583,139.783,186.617,145.617,168.767,154.383,158.383,104.317,108.7,124.933,125.517,103.05,105.217,74,128.85,117.767,115.15,161.7,108.067,66.6167,59.0333,96.7,123.483,112.1,117.95,154.85,177.35,141.283,68.6667,112.233,137,75.4333,174.15,114.6,21.4333,119.333,32.2833,122.633,148.967,80.1167,135.517,151.083,2.86667,100.333,73.9833,155.467,118.35,169.633,88.1333,116.583,132.35,145.083,139.917,124.267,122.217,101.783,142.617
140.083,141.417,162.867,147.167,122.017,125.45,98.6667,106.867,94.5667,114.05,134.617,130.133,112.3,111.7,145.133,111.05,119.333,130.533,119.383,116.1,125.683,105.033,110.317,114.9,96.0667,126.467,121.267,135.883,110.25,114.133,125.783,134.7,119.917,97.05,124.65,120.033,126.9,119.383,122.717,140.25,102.567,125.567,115.933,128.533,106.567,153.417,109.417,136.267,127.383,125.417,22.4833,109.8,64.2833,103.833,85.5833,67.3333,88.35,124.583,116.217,104.317,96.6667,35.45,83.3667,99.65,94.7,121.517,89.75,128.583,88.4667,142.483,105.467,85.4667,123.033,100.617,114.7,138.533,76.2,115.967,124.8,111.817,110.083,136.333,119.017,95.5333,114.433,99.9333,0.816667,59.8,89.7833,126.567,104.367,52.3333,81.0667,132.217,85.15,98.8833,125.05,84.3667,59.9667,107
146.55,147.883,169.317,153.117,126.95,132.1,105.517,113.55,101.783,120.667,141.433,141.183,118.417,118.367,150.617,116.5,126.017,136.733,126.233,122.583,131.617,111.65,116.867,121.217,103.1,132.583,128.433,140.883,117,120.817,131.917,141.033,127.567,104,131.733,126.35,132.733,125.833,129.117,146.9,108.933,131.8,122.483,135.15,112.883,159.35,116.217,142.417,133.617,131.183,60.8333,89.7,53.9667,118.067,94.1833,74.9,56.95,86.1833,100.65,84.85,108.6,66.25,52.2,66.1333,76.7667,83.1667,126.55,99.05,100.433,149.283,111.983,54.8,98.7333,107.4,80.75,145.45,84,81.8333,100.467,77.85,96.95,149.533,67.5833,131.45,121.217,75.3833,59.0667,0.95,101.85,99.3,116.45,58.2667,86.2,113.4,73.2667,109.25,105.217,91.2167,70.85,113.817
102.617,115.467,117.583,120.567,84.3333,109.65,63.4333,95.1333,72.4833,77.4667,143.55,83.8,100.683,85.8667,103.533,95.5667,114.517,99.15,125.833,104.633,93.8167,83.3,73.2333,84.5833,64.9167,82.8833,95.8833,104.833,88.0333,98.4167,114.45,104.767,89.6667,81.05,82.8,114.75,96.9,89.1667,107.317,149.417,72.4333,103.7,100.583,91.35,75.85,128.267,89.1667,103.183,98.8,95.6167,89.65,38.25,99.0333,47.05,86.8167,63.8333,94.1167,98.4833,44.5667,77.3,18.65,72.2333,89.0167,106.917,63.3333,95.6833,43.7,58.9167,43.2333,131.25,93.7833,91.15,53.4667,89.15,126.933,127.583,65.2,141.633,73.5333,137.767,40.25,100.033,99.4,83.3667,102.883,155.467,87.6667,99.5667,1.93333,55.0333,35.5333,61.15,44.3667,90.7333,116.65,86.3167,49.9667,72.8833,75.6833,95.3333
76.5167,76.65,90.2,83.4167,58.7833,85.1333,40.75,56.2833,44.3,53.5,95.7333,59.6833,60.4,62.05,74.9667,55.2333,72.3167,72.9333,77.9,63.5167,67.95,51.4,47.45,60.4,38.7833,57.7167,74.7667,78.3333,63.8833,73.1167,77.15,77.6667,66.6,56.8,58.35,70.6333,74.9,65.3667,83.2167,101.467,49.4833,78.75,76.2667,64.3667,51.75,91.1,60,76.1,73.25,73.5333,127.65,31.5833,104.767,61.9333,70.8,68.3333,99.55,83.4667,29.85,82.6667,48.3167,106.75,73.95,89.85,68.25,80.35,78.3667,17.7333,72.0333,127.517,89.7333,76.2167,18.9833,85.1167,105.267,123.567,71.25,106.467,37.85,102.4,30.8,106.617,82.4167,89.4833,85.6,120.467,125.567,99.8667,56.15,1.15,78.2,61.35,50.8,54.1167,122.2,92.9,21.95,60.4833,82.0667,72.3
122.75,125.117,138.083,142.083,105.433,132.283,85.7167,117.35,93.8833,101.167,164.117,108.467,122.017,108.717,124.867,119.8,136.217,131.067,147.467,126.183,114.517,105.717,96.0667,131.717,87.2667,104.133,118.083,125.133,110.95,121.017,135.65,125.3,112.4,104.383,115.317,136.8,120.933,134.95,152.667,169.633,110.65,126.283,123.267,114.683,111.817,152.35,111.383,123.5,111.567,119.4,103.917,69.6833,121.233,69.9,86.9167,85.1333,113.85,115.283,67.9167,99.4167,50.2167,88.2,107.983,141.1,79.0667,112.75,60.1667,80.5167,59.7167,152.433,115.633,110.417,75.1,111.15,145.3,149.317,87.5,159.567,100.7,155.7,63.8167,123.183,118.15,106.217,125.283,172.983,101.833,118.133,42.9167,78.5667,5.91667,82.85,67.1167,106.267,138.567,109.3,81.1167,95.15,98.7,116.7
113.15,114.483,119.7,114.067,94.8333,93.0167,67.3167,73.25,71.2167,90.1667,103,93,78.25,79.6833,109.033,74.1,85.4167,97.4833,87.4667,82.2167,92.1667,71.6333,86.3167,80.9667,65,86.9167,95.1,103.017,84.2333,81.55,92.6333,101.833,84.1333,64.85,86.9167,87.05,93.1833,85.55,90.8667,108.25,68.7833,93.7,83.4167,104.117,73.2333,109.883,88.7333,103.733,93.8833,91.9667,53.9,81.4167,59.25,41.0667,41.3833,37.45,76.65,107.2,61.4333,61.9167,63.75,58.5667,72.0667,87.7833,100.417,105,82.1833,62.4333,70.6333,111.133,88.7333,74.35,57.45,69.0667,103.217,107.067,45.5333,104.633,83.1833,100.233,69.0667,80.4667,87.7667,69.1333,82.3167,88.9333,51.5,60.6167,60.5667,62.45,80.7833,0,35.1833,92.2667,75.9333,67.0833,71.6333,53.9667,30.4833,76.1
93.1,95.45,108.8,101.083,75.9,97.4667,59,73.0667,53.65,71.25,108.6,76.2333,78.3667,74.9167,95.85,67.7333,93.6,90.25,90.8833,82.3833,84.7167,62.9333,66.7833,73.4,54.4333,74.3333,74.0833,95.4833,76.3333,86.6,93.1,95.5333,76.5667,69.6667,74.25,79.0833,84.9667,77.95,96.2833,113.95,68.6667,91.7,89.2667,84.4667,65.1333,111.617,71.7,93.7833,89.5333,84.9833,84.9833,65.7333,121.1,25.2,62.4,47.5833,122.9,103.167,43.4833,63.5833,46.2833,93.5667,117.033,109.283,84.0167,100.1,67.3667,63.2333,54.3167,120.6,89.7333,95.3667,46.0833,78.2,124.233,116.7,55.5833,125.75,82.05,121.467,51.4667,90.5333,102.75,72.35,91.95,120.667,81.0167,91.0667,43.4333,52.0833,64.0833,34.6667,0.8,80.1333,105.85,76.7,60.4667,66.4833,64.0833,87.2167
92.8167,95.2,97.5833,100.85,75.5667,114.4,58.0667,81.3667,61.8333,71.2,124.417,76.6333,86.9833,90.6,95.4833,76.4667,100.35,89.95,106.4,91.0667,84.6667,68.35,66.4,89.35,59.0333,74.0333,90.2833,95.5667,92.85,103.067,94.95,95.6167,92.95,85.8167,74.0333,96.8667,101.683,93.8833,111.967,129.733,76.7833,108.117,105.433,84.5,70.6167,119.483,84.6,93.8833,89.6,101.567,132.283,55.7333,132.733,82.7667,98.5667,96.4333,115.067,101.517,66.8167,110.617,75.4667,114.683,87.6167,105.583,55.1,94.9667,80.1667,56.75,108.867,152.3,114.783,97.7833,56.95,111.017,125.717,149.167,102.6,121.7,25.15,117.5,67.8833,137.55,95.2833,120.833,111.733,135.367,130.417,114.983,90.5667,54.1167,104.217,89.1667,78.85,0.633333,150.283,124.7,68.0667,86.15,109.95,96.9167
167.1,163.467,182.517,169.1,143.05,150.25,124.833,131.1,123.75,138.683,159.183,155.1,135.667,136.333,169.7,131.533,143.65,153.933,144.267,139.933,149.283,130.017,133.95,139.083,121.233,148.867,147.833,159.317,134.967,138.817,150.467,158.7,142.033,122.333,148.483,144,151.633,143.333,147.567,164.15,126.617,150.133,140.667,151.9,130.233,165.717,0,160,146.817,149.65,89.3167,135.55,52.5667,113.6,91.4167,93.4833,104.35,133.433,118.817,142.383,115.783,93.1833,99.45,115.617,125.383,131.683,140.983,122.617,129.883,166.35,129.567,102.033,117.517,126.083,130.267,162.867,102.767,159.167,143.3,127.65,116.183,137.7,115.533,120.983,139.667,146.45,85.2167,78.6833,119.883,122.433,0,76.4667,105.383,152.45,1,124.85,131.267,109.65,89.9667,130.867
106.483,107.717,121.283,113.4,87.0333,93.2,66.35,72.95,63.3167,81.45,103.15,92.5667,77.8167,79.3167,112.267,73.55,85.65,96.8167,87.1833,81.8667,91.5,72.55,76.0333,80.6333,63.7,89.6167,88.7833,102.4,77.8833,81.7667,92.1333,101.183,84.1667,64.9833,89.3,86.3,92.7167,85.1,90.45,108.383,68.5333,93.2833,83.6,95.3667,72.6667,110.117,76.2,102.783,93.1833,91.2167,87.9833,91.55,91.3167,53.8167,45.3667,40.9833,110.667,130.45,61.1333,75.25,70.7,91.6667,106.233,122.433,104.2,128.767,100.167,78.0333,85.5333,110.217,72.9667,108.25,72.3,68.3333,136.9,105.917,28.9167,138.4,99.4167,134.217,69.5,43.5,122.45,23.95,82.65,125.2,83.9833,93.1167,75.55,78.3,95.4167,51.9333,62.5167,109.35,109.35,0.166667,87.4667,52.5,69.2333,75.2167
92.9667,94.45,106.5,100.067,75.25,95.3667,58.2667,63.2167,52.4667,68.2667,106.133,77.8167,70.8333,72.5667,93.6167,64.6667,75.25,88.85,88.3,72.8,81.0833,64,67.1333,71.1333,55.2167,72.1167,91.8,91.7833,73.7333,83.75,81.8667,93.2333,74.1167,65.9333,72.05,76.2167,82.2833,75.4667,93.7,111.65,57.0667,88.8167,86.8167,80.55,64.4833,100.383,69.1833,92.7333,83.65,80.95,127.1,18.3333,113.767,68.4833,79.0833,77.2667,139.367,90.2,41.0667,91.4,34.25,109.05,77.9667,94.1833,67.15,85.8833,68.8333,35.3167,77.6333,135.467,98.2667,80.5833,33.55,93.8833,109.15,132,79.7,110.533,49.1333,106.367,42.2333,152.717,87.7667,98.25,94.7,124.683,125.033,104.05,50.1333,20.2,74.2,71.7,61.9333,65.3,131.467,102.467,0.666667,70.2667,90.95,80.2667
80.6833,87.2,102.667,92.9167,63.65,64.1667,45.75,55.7167,42.1167,58.75,73.35,65.0167,61.2167,49.5333,80.1333,59.75,65.1833,76.0667,57.3833,63.6667,71.45,49.8333,58.7833,60.8,45.4333,64.1167,65.35,81.7,49.2833,52.95,71.7667,80.3833,64.4833,36.0667,63.3667,67,77.2333,63.6,58.8167,76.4833,46.4833,81.2333,54.1,73.4833,52.2333,90.7667,56.2333,82.3333,72.6167,70.9833,89.65,79.6833,93.3,55.4333,59.9333,49.9,112.533,115.7,68.2833,72.0667,72.2167,93.1667,108,124.3,88.0167,113.067,102.133,88.6167,87.4167,97.35,62.5167,110.467,56.3167,55.1167,138.617,92.2333,48.0833,140.333,78.3333,135.367,76.0167,81.1167,115.35,64.5167,51.65,127.3,85.65,94.8667,77.25,61.55,97.3167,68.4667,65.65,86.5,111.05,67.0833,69.1333,1.58333,70.0667,63.4667
125.3,126.6,143.133,131.817,103.917,111.317,84.8833,92.15,80.1333,99.4,120.783,105.717,96.9,97.3333,121.7,92.35,110.933,115.633,105.433,101.25,110.4,90.3833,94.1,99.8333,81.3667,103.083,107.917,121.033,95.9333,99.8333,111.183,119.85,103.217,82.7333,102.917,105.1,111.783,104.633,108.333,126.367,87.2333,111.217,101.85,113.183,91.15,128.083,96.5167,121.417,112.367,110.1,61.2667,111.367,79.15,72,50.6833,57.35,90.8667,121.617,89.7,67.3833,91.15,66.0333,86.0333,102.583,127.783,118.883,123.75,80.7833,94.3333,128.417,90.7667,88.15,75.75,86.5,117.267,125.067,63.5333,118.8,102.15,114.517,97.2,101.65,102.65,81.8833,100.433,105.117,58.9167,70.0333,89,80.5833,108.9,33.6167,63.7,111.283,90.1333,84.3833,89.85,70.9667,1.68333,91.4333
88.9667,91.2333,101.25,96.8833,70.65,100.05,66.0167,63.2,58.9833,73.3333,104.117,72.1,69.6667,74.6667,85.9167,69.5167,84.05,89.4333,86.1667,69.8833,76.85,59.3,66.2833,79.5667,55.1,71.1333,72.5833,94.9167,72.65,90.15,82.5667,95.9667,74.6333,69.8167,66.5,84.2167,87.6333,83.35,91.3833,109.383,53.4167,87.6333,83.9167,82.2333,57.5833,89.6,46.7,89.7333,88.55,81.4167,111.383,88.9667,115.867,75.0333,84.9667,72.0333,134.883,123.05,72.2833,93.45,82.5167,114.783,115.1,130.9,96.9,121.883,107.9,72.9667,109.65,119.933,82.6,118.417,68.0667,77.7333,146.05,116.483,69.95,147.217,89.0667,143.317,70.15,103.317,123.45,85.1833,69.1,149,107.3,117.65,91.8333,72.4833,115.1,76.55,89.1167,96.9167,133.283,89.4833,78.6833,60.7,92.5333,1.65
