0,2,3.60555,3,4.24264,5.09902,5.38516,7,7.28011,10.198,10.0499,26.2488,24.0416,28.6007,27.7308,30.2324,27.8927,30.8058,32.311,23.4307,73.8783,101.98,100.896,87.8009,82.4197,104.403,97.949,79.404,74.4043,108.467,62.1772,66.7308,58.6941,65.0692,41.2311,54.9181,67.624,57.0088,80.8022,90.9175,79.2465,87.3613,69.029,76.5768,92.0978,75.9605,76.6094,84.4808,70.7672,94.6414,88.5494,73.9256,79.404,94.255,84.309,65.7419,92.3093,70.7107,80.1311,76.3217,87.8635,105.622,92.2822,99.96,111.772,88.6002,92.0217,101.872,80.1561,130.269,151.489,106.066,130.599,104.623,116.675,142.864,119.817,135.989,110.386,123.434,131.575,128.156,131.103,118.191,128.763,116.25,134.462,141.227,118.962,97.4526,126.59,137.931,145,133.304,120.208,111.866,127.781,132.91,134.629,136.209
2,0,5,3.60555,5.83095,5.09902,6.40312,7.28011,7,10.7703,10.0499,25,23.5372,27.4591,26.9258,29.1548,27.4591,30.4138,31.6228,25,72.3464,100.658,99.3579,86.2148,81.2712,102.801,96.6747,77.6981,72.8011,106.963,61.2699,65,56.8595,63.7024,39.6989,53.2541,65.7951,55.1543,79.2023,89.9444,77.7946,86.8332,67.8012,75.2861,90.7855,75.2728,75.452,83.9345,69.4262,93.4077,87.6641,72.9452,78.848,93.6803,83.5703,64.8845,91.5478,70.4557,79.177,76.1643,86.5563,104.995,91.3017,99.2975,110.675,87.9204,90.6863,100.846,79.0759,129.838,150.841,105.119,129.692,103.586,115.261,142.077,119.331,135.148,109.731,122.54,130.92,127.389,130.384,116.846,127.405,115.109,133.462,139.946,118.068,96.2133,125.16,136.561,143.558,131.795,118.802,110.535,126.254,131.655,133.06,134.629
3.60555,5,0,2,1,3.60555,2,4.47214,5.65685,7,7.61577,25.4951,21.9317,27.5862,26.0768,29.0689,25.632,28.4605,30.4138,20,77.3369,105.551,104.35,91.214,86.0233,107.801,101.533,82.6801,77.801,111.946,65.7647,69.9714,61.7414,68.6222,44.6878,58.2495,70.6824,60.0083,84.2021,94.5145,82.7587,90.802,72.6223,80.1561,95.6713,79.4796,80.2122,87.9318,74.3303,98.2344,92.1303,77.5242,82.8613,97.719,87.8465,69.3181,95.8541,73.9797,83.7257,79.511,91.4385,109.11,95.8801,103.465,115.378,92.1141,95.5877,105.475,83.7616,133.645,154.984,109.659,134.183,108.227,120.208,146.414,123.227,139.556,113.886,127.016,135.074,131.7,134.629,121.754,132.322,119.854,138.062,144.81,122.544,101.045,130.115,141.485,148.519,136.781,123.746,115.434,131.244,136.499,138.058,139.628
3,3.60555,2,0,3,2.23607,2.82843,4,4.47214,7.28011,7.07107,24.0416,21.1896,26.2488,25.0599,27.8029,25,27.8927,29.5466,21.6333,75.8222,104.235,102.825,89.6437,84.8764,106.212,100.265,80.9938,76.2168,110.454,64.846,68.2642,59.9333,67.2681,43.1856,56.6127,68.8767,58.1808,82.6196,93.5361,81.3204,90.2497,71.4003,78.8733,94.3663,78.7718,79.0569,87.3613,73,97.0052,91.236,76.5376,82.28,97.1236,87.0919,68.4471,95.0789,73.6817,82.7647,79.3095,90.1388,108.467,94.8947,102.786,114.28,91.4166,94.2603,104.446,82.6801,133.195,154.324,108.706,133.27,107.187,118.802,145.619,122.723,138.708,113.217,126.115,134.406,130.924,133.899,120.416,130.969,118.714,137.058,143.534,121.643,99.8098,128.693,140.121,147.085,135.281,122.348,114.11,129.727,135.248,136.499,138.058
4.24264,5.83095,1,3,0,4.47214,2.23607,5,6.40312,7.07107,8.06226,26.2488,22.3607,28.2843,26.6271,29.7321,26,28.7924,30.8869,19.2094,78.1025,106.217,105.119,92.0054,86.6083,108.6,102.176,83.5284,78.6003,112.699,66.242,70.8308,62.6498,69.3109,45.4533,59.0762,71.5891,60.9262,85,95.0158,83.4865,91.0934,73.2462,80.8084,96.3328,79.8499,80.8022,88.2326,75.0067,98.8585,92.5905,78.032,83.1685,98.0306,88.2383,69.7711,96.2549,74.1485,84.22,79.6304,92.0978,109.444,96.3846,103.817,115.935,92.477,96.2601,106,84.3149,133.881,155.322,110.145,134.648,108.757,120.917,146.82,123.491,139.989,114.232,127.475,135.418,132.098,135.004,122.43,133.004,120.433,138.571,145.454,123.004,101.671,130.832,142.172,149.241,137.535,124.451,116.103,132.008,137.131,138.842,140.417
5.09902,5.09902,3.60555,2.23607,4.47214,0,3,2.23607,2.23607,5.83095,5,21.9317,18.9737,24.0832,22.8254,25.6125,22.8035,25.7099,27.313,21.4709,76.4199,105.119,103.392,90.1388,85.9826,106.668,101.213,81.2712,76.6942,111.072,66.2118,68.5055,59.9416,68.1175,43.8406,57.0088,68.884,58.1378,83.0963,94.8262,82.0366,91.9239,72.4224,79.8123,95.268,80.3243,80.1561,89.0225,73.8783,98.0051,92.6121,77.8267,83.9345,98.7623,88.6002,69.857,96.566,75.5381,84.0773,81.2219,91.0494,110.064,96.1769,104.355,115.434,92.9731,95.1315,105.679,83.863,134.937,155.901,110.018,134.618,108.407,119.553,147.078,124.427,140.118,114.791,127.475,135.978,132.401,135.418,121.264,131.795,119.817,138.311,144.461,123.004,100.802,129.418,140.929,147.787,135.882,123.11,114.978,130.3,136.209,137,138.539
5.38516,6.40312,2,2.82843,2.23607,3,0,2.82843,4.47214,5,5.83095,24.2074,20.1246,26.1725,24.4131,27.5862,23.7697,26.5707,28.6531,18.868,78.6448,107.056,105.646,92.4554,87.6584,109.018,103.078,83.7616,79.0253,113.278,67.5352,71.0211,62.6099,70.0928,46.0109,59.4054,71.5542,60.8358,85.4283,96.2549,84.1487,92.72,74.2024,81.6884,97.1854,81.3449,81.8413,89.8443,75.8222,99.8098,93.9149,79.2591,84.7703,99.6243,89.6939,71.1126,97.6934,75.9539,85.4751,81.4985,92.957,111,97.6166,105.342,117.047,93.984,97.0824,107.187,85.44,135.591,156.869,111.414,135.96,109.932,121.631,148.246,125.16,141.365,115.767,128.798,136.956,133.54,136.488,123.24,133.795,121.495,139.789,146.349,124.326,102.616,131.522,142.948,149.913,138.105,125.176,116.932,132.548,138.058,139.313,140.869
7,7.28011,4.47214,4,5,2.23607,2.82843,0,2,3.60555,3.16228,21.4009,17.4642,23.3452,21.6333,24.7588,21.1896,24.0416,25.9422,19.6977,78.5175,107.299,105.475,92.1954,88.2043,108.706,103.407,83.2346,78.7464,113.172,68.4471,70.4557,61.7738,70.2922,45.9674,59.0339,70.7107,59.9416,85.1469,97.0618,84.1724,94.1116,74.6324,82.0061,97.4526,82.5409,82.3772,91.214,76.0592,100.21,94.8472,80.0625,86.1278,100.96,90.824,72.0902,98.7927,77.6466,86.3134,83.2947,93.2363,112.272,98.4124,106.569,117.661,95.1893,97.3088,107.912,86.093,137.102,158.114,112.254,136.854,110.639,121.696,149.308,126.606,142.352,117.004,129.711,138.192,134.629,137.641,123.434,133.959,122.037,140.545,146.649,125.24,103.005,131.552,143.087,149.913,137.975,125.256,117.154,132.382,138.405,139.054,140.584
7.28011,7,5.65685,4.47214,6.40312,2.23607,4.47214,2,0,5,3.16228,19.8494,16.7631,21.9317,20.5913,23.4307,20.6155,23.5372,25.0799,21.5407,77.0779,106.042,104.005,90.6863,87.1321,107.168,102.201,81.6088,77.2334,111.732,67.624,68.8186,60.0333,69.029,44.5982,57.4891,68.9638,58.1808,83.6301,96.1509,82.807,93.6216,73.4983,80.8022,96.2133,81.9085,81.3019,90.7083,74.8131,99.0454,94.0213,79.1581,85.6154,100.424,90.1388,71.3092,98.0816,77.4145,85.4283,83.1505,92.0054,111.683,97.4936,105.948,116.619,94.5569,96.0469,106.944,85.0882,136.693,157.493,111.36,135.989,109.659,120.341,148.556,126.147,141.549,116.387,128.86,137.568,133.899,136.956,122.147,132.654,120.95,139.589,145.417,124.391,101.833,130.177,141.767,148.519,136.517,123.907,115.884,130.908,137.201,137.535,139.054
10.198,10.7703,7,7.28011,7.07107,5.83095,5,3.60555,5,0,3,21.4709,15.8114,23.0217,20.5183,24.2074,19.2354,21.9317,24.4131,16.7631,82.0366,110.887,108.977,95.6713,91.8096,112.161,107.005,86.6083,82.2192,116.692,72.0139,73.8173,65,73.8783,49.5177,62.482,73.9256,63.1348,88.6172,100.648,87.7268,97.5295,78.2368,85.6037,101.045,86.0349,85.9826,94.6414,79.6492,103.812,98.4124,83.6481,89.56,104.403,94.3398,75.6439,102.318,80.895,89.8944,86.4696,96.8297,115.741,102,110.055,121.264,98.6813,100.896,111.508,89.6939,140.464,161.595,115.836,140.428,114.237,125.256,152.846,130,145.908,120.487,133.282,141.676,138.159,141.152,127.016,137.535,125.642,144.139,150.243,128.81,106.607,135.104,146.659,153.457,141.485,128.818,120.739,135.882,142.004,142.524,144.045
10.0499,10.0499,7.61577,7.07107,8.06226,5,5.83095,3.16228,3.16228,3,0,18.868,14.3178,20.6155,18.6011,21.9317,18.0278,20.8806,22.8254,19.6469,79.9062,109.018,106.794,93.4345,90.2109,109.877,105.209,84.2021,79.9812,114.551,70.7743,71.4003,62.434,72.0069,47.5079,60.208,71.3442,60.5392,86.3713,99.2824,85.703,96.7729,76.5506,83.8153,99.2018,85.0706,84.3801,93.8616,77.801,102.078,97.17,82.2922,88.7694,103.581,93.3006,74.4648,101.242,80.5047,88.5664,86.209,95,114.843,100.623,109.11,119.708,97.719,99.0202,110.059,88.193,139.832,160.655,114.495,139.129,112.77,123.24,151.714,129.294,144.7,119.549,132.004,140.73,137.058,140.118,125.1,135.591,124.02,142.706,148.405,127.534,104.862,133.056,144.693,151.38,139.316,126.811,118.849,133.69,140.207,140.264,141.767
26.2488,25,25.4951,24.0416,26.2488,21.9317,24.2074,21.4009,19.8494,21.4709,18.868,0,10.4403,3,7.07107,5,12.2066,14.1421,11.1803,35.3553,78.032,108.706,103.812,90.2109,92.358,105.891,105.551,79.511,77.1038,111.83,75.9539,67.0075,56.7274,72.6154,48.3839,57.8014,65.0692,54.5619,83.2346,102.883,84.5991,104.235,78.4347,84.6936,99.2824,91.5478,86.6487,101.242,78.3901,102.956,101.637,86.3481,96.1873,110.549,99.1413,79.9062,106.705,90.2718,92.6499,96.5194,95.2733,121.198,104.12,115.261,121.631,103.947,98.8383,112.894,91.0934,147.489,166.307,118.004,142.636,115.434,121.491,156.208,136.62,148.762,125.603,135.724,146.509,141.891,145.344,124.169,134.302,125.399,145.248,147.851,131.32,105.603,130.92,143.122,148.809,136.033,125.096,118.207,130.25,140.064,136.125,137.441
24.0416,23.5372,21.9317,21.1896,22.3607,18.9737,20.1246,17.4642,16.7631,15.8114,14.3178,10.4403,0,10,5.38516,10.198,4,7,8.60233,26.2488,86.0233,116.284,112.294,98.7168,98.8989,114.691,112.872,88.4138,85.4283,120.254,81.0432,75.743,65.7647,79.6492,55.0091,65.8027,74.3303,63.6553,91.6788,108.849,92.358,108.342,85,91.7061,106.677,96.1041,93.1075,105.38,85.4751,110.059,107.205,92.0272,100.285,114.935,104.048,84.8999,111.826,93.0484,98.3514,99,102.577,125.929,110.136,120.075,128.378,108.683,106.33,119.231,97.3088,151.605,171.479,124.064,148.762,121.852,129.619,161.914,140.89,154.651,130.495,141.739,151.585,147.411,150.685,132.019,142.302,132.378,151.796,155.618,137.295,112.77,139.201,151.238,157.267,144.693,133.222,125.936,138.946,147.665,145.041,146.414
28.6007,27.4591,27.5862,26.2488,28.2843,24.0832,26.1725,23.3452,21.9317,23.0217,20.6155,3,10,0,5.38516,2,10.7703,12.2066,8.60233,35.9026,80.6226,111.364,106.254,92.6553,95.1893,108.231,108.259,81.8352,79.6116,114.285,78.9177,69.4046,59.0339,75.3923,51.2445,60.4152,67.2681,56.8507,85.703,105.773,87.2353,107.229,81.2712,87.4643,101.98,94.5304,89.493,104.235,81.1542,105.702,104.561,89.2693,99.1817,113.534,102.108,82.8734,109.659,93.2631,95.5667,99.5038,97.9898,124.169,107.005,118.229,124.423,106.921,101.518,115.741,93.9628,150.479,169.248,120.88,145.499,118.271,124.02,159.11,139.607,151.648,128.565,138.6,149.459,144.81,148.277,126.764,136.858,128.156,148.061,150.456,134.201,108.337,133.405,145.647,151.238,138.405,127.624,120.83,132.612,142.706,138.409,139.703
27.7308,26.9258,26.0768,25.0599,26.6271,22.8254,24.4131,21.6333,20.5913,20.5183,18.6011,7.07107,5.38516,5.38516,0,5,5.38516,7.07107,5,31.6228,84.9058,115.486,110.802,97.2008,98.7927,112.929,112.254,86.5563,84.0536,118.811,81.7863,74.027,63.7809,79.2023,54.7814,64.6607,72.1388,61.6198,90.2109,109.11,91.4166,109.659,84.8646,91.2853,106.005,97.1648,93.0484,106.677,85,109.59,107.703,92.4446,101.597,116.108,104.924,85.703,112.588,95.0211,98.7623,101.124,101.966,126.921,110.368,121.017,128.156,109.659,105.589,119.269,97.4064,152.948,172.244,124.278,148.946,121.84,128.413,162.361,142.144,154.984,131.4,141.989,152.398,147.963,151.344,131.027,141.198,132.004,151.714,154.693,137.568,112.259,137.877,150.047,155.801,143.056,132.019,125.032,137.277,146.86,143.178,144.499
30.2324,29.1548,29.0689,27.8029,29.7321,25.6125,27.5862,24.7588,23.4307,24.2074,21.9317,5,10.198,2,5,0,10.198,11.1803,7.07107,36.4005,82.365,113.146,107.898,94.3027,97.0824,109.809,110.073,83.4086,81.3019,115.935,80.895,71.0282,60.6053,77.2528,53.1601,62.1772,68.7677,58.4123,87.367,107.703,89.0056,109.225,83.1685,89.3197,103.788,96.5194,91.3947,106.231,83.006,107.541,106.513,91.2195,101.178,115.525,104.087,84.8528,111.629,95.2575,97.5141,101.494,99.8098,126.151,108.931,120.208,126.289,108.904,103.315,117.644,95.8801,152.473,171.21,122.801,147.411,120.167,125.718,161.047,141.598,153.574,130.541,140.52,151.427,146.758,150.233,128.503,138.571,130,149.94,152.201,136.125,110.168,135.074,147.34,152.869,140,129.321,122.589,134.201,144.475,139.946,141.227
27.8927,27.4591,25.632,25,26,22.8035,23.7697,21.1896,20.6155,19.2354,18.0278,12.2066,4,10.7703,5.38516,10.198,0,3,5.83095,27.7308,89.3085,119.708,115.421,101.828,102.552,117.686,116.362,91.351,88.6002,123.406,84.8999,78.7464,68.6222,83.1865,58.6003,69.0652,77.0779,66.4831,94.8103,112.606,95.7183,112.294,88.6397,95.2575,110.145,100.02,96.7729,109.33,89.0056,113.6,111.018,95.8175,104.235,118.87,107.935,88.7694,115.694,97.0464,102.142,103,106.066,129.838,113.886,123.976,132.004,112.588,109.772,122.931,101.02,155.563,175.354,127.812,152.506,125.539,132.88,165.723,144.838,158.433,134.391,145.499,155.467,151.242,154.538,135.37,145.609,135.956,155.467,159,141.06,116.297,142.411,154.509,160.415,147.757,136.484,129.321,141.993,151.093,147.99,149.335
30.8058,30.4138,28.4605,27.8927,28.7924,25.7099,26.5707,24.0416,23.5372,21.9317,20.8806,14.1421,7,12.2066,7.07107,11.1803,3,0,5,29.1548,91.8096,122.299,117.801,104.202,105.309,119.971,119,93.6056,91.022,125.801,87.8009,81.0555,70.8378,85.8662,61.327,71.5612,79.2086,68.6804,97.2008,115.434,98.27,115.261,91.3893,97.9439,112.77,102.961,99.5389,112.294,91.6788,116.276,113.886,98.6712,107.201,121.824,110.856,91.6788,118.6,100.045,104.995,106,108.706,132.774,116.709,126.905,134.737,115.521,112.379,125.718,103.817,158.534,178.264,130.633,155.322,128.316,135.351,168.585,147.801,161.276,137.317,148.327,158.382,154.12,157.433,137.906,148.111,138.654,158.231,161.555,143.892,118.962,144.845,156.984,162.8,150.083,138.957,131.883,144.309,153.681,150.233,151.559
32.311,31.6228,30.4138,29.5466,30.8869,27.313,28.6531,25.9422,25.0799,24.4131,22.8254,11.1803,8.60233,8.60233,5,7.07107,5.83095,5,0,33.541,89.1852,119.883,114.856,101.257,103.465,116.825,116.73,90.4268,88.2043,122.886,86.6833,78.0064,67.624,83.7735,59.4643,68.9638,75.8222,65.437,94.3027,113.886,95.7706,114.63,89.5377,95.8541,110.463,102.108,97.7394,111.647,89.5545,114.127,112.539,97.2677,106.569,121.062,109.836,90.6091,117.478,100.02,103.581,106.118,106.452,131.848,115.135,125.936,132.774,114.586,110.018,123.976,102.142,157.918,177.124,129.035,153.688,126.531,132.608,167.171,147.105,159.765,136.312,146.751,157.29,152.801,156.205,135.326,145.437,136.565,156.371,159.013,142.338,116.778,142.004,154.237,159.841,147.003,136.213,129.375,141.209,151.238,146.986,148.273
23.4307,25,20,21.6333,19.2094,21.4709,18.868,19.6977,21.5407,16.7631,19.6469,35.3553,26.2488,35.9026,31.6228,36.4005,27.7308,29.1548,33.541,0,97.3088,125.208,124.326,111.212,105.262,127.801,121.083,102.626,97.8008,131.894,84.3149,89.8888,81.4125,88.3912,64.6607,78.2368,90.3549,79.6053,104.202,113.159,102.65,107.541,92.0978,99.7647,115.313,97.0618,99.4887,104.785,94.0479,117.686,110.454,96.2601,99.8098,114.634,105.589,87.6641,113.649,89.493,102.343,94.3716,111.072,126.21,114.547,120.768,134.402,109.567,115.278,124.278,102.801,149.576,172.012,128.16,152.463,127.063,140.036,164.137,139.517,157.544,131.095,145.262,152.201,149.375,152.069,141.45,152.043,139.014,156.707,164.347,140.801,120.507,149.967,161.227,168.386,156.732,143.558,135.104,151.212,155.974,158.051,159.625
73.8783,72.3464,77.3369,75.8222,78.1025,76.4199,78.6448,78.5175,77.0779,82.0366,79.9062,78.032,86.0233,80.6226,84.9058,82.365,89.3085,91.8096,89.1852,97.3088,0,31.0161,27.0185,14.3178,21.9317,30.8869,28.6356,12.53,4.24264,34.6554,29.1204,14.0357,24.1868,12,32.6497,20.2485,20.6155,26.3059,8.06226,34.176,7.07107,49.5782,15.6525,13.0384,22.3607,38.4187,19.2094,47.3814,10.2956,27.074,36.2353,26.2488,44.6878,51.8652,39.8246,30.4631,43.4166,52.3259,29.2062,57.8014,19.0263,57.7754,34.7851,52.3259,46.2709,44.4072,21.587,40.1995,23.8537,84.7585,96.2549,46.3897,69.0652,42.0476,43.6005,84,74.0945,76.0066,60.407,63.0079,78.0897,71.3442,75.5381,46.1411,56.3028,49.0306,69.8713,69.8355,59.0762,29.2746,53.2635,65.215,71.5052,59.4643,47.2017,40.2492,53.9073,62.1691,60.803,62.426
101.98,100.658,105.551,104.235,106.217,105.119,107.056,107.299,106.042,110.887,109.018,108.706,116.284,111.364,115.486,113.146,119.708,122.299,119.883,125.208,31.0161,0,15.6205,23.0868,21.9317,21.2603,5.09902,35,32.9848,14.8661,44.2945,44.1475,54.8179,37.0135,61.6117,50.9902,49.366,57.0088,28.1603,23.1948,24.1661,44.7214,33.3017,25.4558,9.89949,41.3038,26.9258,44.2832,31.241,9.21954,28.1603,33.2415,45,42.3792,36.0555,42.5441,33.2415,58.3095,29.6142,61,14.1421,41.6173,22.3607,38.4708,18.0278,37.6563,10,18.6011,25.632,64.2028,69.3758,24.0416,40.7922,18.3848,16.1555,56.0892,55.1725,48.0521,41.7732,36.0555,53.6656,45.6946,50.1597,16.2788,26.9072,19.0263,40,39.4081,33.1059,7,25.9422,36.1248,44.1022,34.7851,19.2354,9.89949,30.5941,31.3847,38.6394,40.6079
100.896,99.3579,104.35,102.825,105.119,103.392,105.646,105.475,104.005,108.977,106.794,103.812,112.294,106.254,110.802,107.898,115.421,117.801,114.856,124.326,27.0185,15.6205,0,13.6015,30.1496,6.32456,18.6011,25.0799,26.9072,8.06226,49.8197,36.8917,47.5079,37.1214,59.6657,46.6905,40.3113,49.7393,20.6155,36.2491,22.3607,57.5847,36.4005,28.6356,17.72,51.4782,33.0606,56.6127,32.311,21.4709,40.8534,41,56.2939,56.356,48.0833,49.2544,46.9574,68.2642,39.4588,72.0069,20.0998,56.8507,35.7771,53.2541,33.121,50.6952,16.4924,33.9706,34.1321,79.8123,83.8153,39.6232,55.0273,33.9706,18.6815,70.214,70.7672,62.2977,57.28,50.9902,68.9638,60.8276,65.2993,23.0868,31.6228,32.8938,52.9528,45.8803,48.3735,20.8087,27.2947,39.8121,45,32.5269,22.1359,19.2354,26.9072,39.4588,33.8378,35.5106
87.8009,86.2148,91.214,89.6437,92.0054,90.1388,92.4554,92.1954,90.6863,95.6713,93.4345,90.2109,98.7168,92.6553,97.2008,94.3027,101.828,104.202,101.257,111.212,14.3178,23.0868,13.6015,0,26.0768,16.6433,23.0868,12.1655,13.4536,21.6333,41.0488,23.3238,34,25.7099,46.6154,33.2415,27.2029,36.2353,7.07107,36.0694,12.0416,55.4707,27.0185,20.6155,18.3576,46.6154,26.5707,53.8516,22.0227,23.7065,39.6989,34.7851,52.3259,55.9732,45.4863,41.4367,46.6905,62.3618,35.3553,67.0671,17.6918,59.203,36.1248,54.5619,40.7922,49.2037,17,38.0132,29.5296,84.5991,92.1954,44.2832,63.7887,39,31.7805,79.0759,74.6257,71.0211,60.7454,58.6941,75.6108,68.0074,72.4224,35.4401,44.7772,42.107,63.0317,58.8727,55.3624,24.6982,40.8167,53.2353,58.6003,46.0109,35.3412,30.4138,40.3113,51.923,46.8615,48.4149
82.4197,81.2712,86.0233,84.8764,86.6083,85.9826,87.6584,88.2043,87.1321,91.8096,90.2109,92.358,98.8989,95.1893,98.7927,97.0824,102.552,105.309,103.465,105.262,21.9317,21.9317,30.1496,26.0768,0,36.3456,17,32.8024,25.9422,34.2345,22.4722,35.4401,44.4072,20.2237,44.0114,37.054,42.3792,46.2709,25.4951,12.3693,16.4012,29.4109,13.9284,9.21954,13.1529,21.3776,5.83095,27.7849,15,13.0384,14.4222,11.4018,26.5707,30.4795,19.4165,20.6155,21.6333,38.1182,9.48683,41.9762,10.0499,35.8469,13.1529,30.4138,29.5296,23.3452,14.0357,20.6155,4,62.9365,76.0263,26.1725,50.448,23.0868,38.0789,64.6297,52.2015,56.8859,38.6005,43.7379,57.1402,51.0392,55,37.7359,48.2597,33.8378,52.9245,59.4138,39.4588,15.8114,47.8539,57.4282,65.8635,56.648,41.1461,31.3847,52.2015,50.9117,60.1664,62.0967
104.403,102.801,107.801,106.212,108.6,106.668,109.018,108.706,107.168,112.161,109.877,105.891,114.691,108.231,112.929,109.809,117.686,119.971,116.825,127.801,30.8869,21.2603,6.32456,16.6433,36.3456,0,24.6982,26.4008,30,9.21954,55.4437,38.9487,49.2037,41.7852,63.2456,49.679,41.3401,51.4004,23.6008,42.5441,27.2029,63.9062,41.7732,34.2345,24.0416,57.7062,39,62.9365,37.3631,27.7308,47.1699,47.0425,62.5859,62.6099,54.4059,55.0818,53.2259,74.4312,45.7056,78.2624,26.3059,62.8013,42.0476,59.3633,38.0132,57.0088,22.8035,39.8246,40.3113,85.1469,87.8465,45.2769,59.0931,39.6232,20.025,74.0945,76.3675,66.3099,63.0317,55.5698,73.7835,65.5134,69.9714,25.318,32.249,37.1214,56.3205,46.5296,53.2541,26.9258,26.9258,39.5601,43.4166,30.2324,23.0217,22.8473,24.4131,41,30.4138,31.8904
97.949,96.6747,101.533,100.265,102.176,101.213,103.078,103.407,102.201,107.005,105.209,105.551,112.872,108.259,112.254,110.073,116.362,119,116.73,121.083,28.6356,5.09902,18.6011,23.0868,17,24.6982,0,34.3657,31.1448,19.4165,39.4462,42.2966,52.7731,33.2866,57.9828,48.1041,48.0104,54.9181,27.074,18.4391,21.587,40.025,29,21.4009,6.32456,36.2215,22.2036,39.4588,27.4591,4.12311,23.3452,28.2312,40.0125,38.0789,31.1448,37.5766,28.7924,53.2353,24.5153,56.0089,10.2956,38.2884,17.72,34.6699,18.0278,32.9848,7.07107,15.6205,20.6155,62.1289,69.2315,21.6333,41.1096,16.1245,21.1896,56.3205,52.6308,48.2597,38.9487,35.6931,52.5547,44.9222,49.3356,20.8087,31.4006,20.3961,41.3038,43.2782,32.28,2.23607,30.8707,40.6079,48.8774,39.8497,24.1661,14.4222,35.6931,35,43.7379,45.7056
79.404,77.6981,82.6801,80.9938,83.5284,81.2712,83.7616,83.2346,81.6088,86.6083,84.2021,79.511,88.4138,81.8352,86.5563,83.4086,91.351,93.6056,90.4268,102.626,12.53,35,25.0799,12.1655,32.8024,26.4008,34.3657,0,8.544,33.1059,41.4367,12.8062,22.8035,23.7697,39,24.5967,15.2315,25,7.61577,44.4185,16.4012,61.5224,28.178,24.7588,28.8617,50.8035,31.1448,59.4643,22.8254,34.2053,47.2017,38.6005,57.0088,63.2535,51.6236,42.9535,54.4059,64.846,41.0122,70.3278,26.9258,68.0955,44.7772,62.9682,52.345,55.9732,27.6586,48.3839,35.3836,94.4299,103.576,54.7083,75.4255,49.7293,43.6578,90.6697,84.0773,82.6075,70.214,70.0357,86.4002,79.0759,83.4326,47.5395,56.648,54.0093,75,70.8378,66.4906,35.6931,52.3259,64.8845,69.6419,56.6127,47.1699,42.5793,50.8035,64.0312,56.6392,58
74.4043,72.8011,77.801,76.2168,78.6003,76.6942,79.0253,78.7464,77.2334,82.2192,79.9812,77.1038,85.4283,79.6116,84.0536,81.3019,88.6002,91.022,88.2043,97.8008,4.24264,32.9848,26.9072,13.4536,25.9422,30,31.1448,8.544,0,34.8281,32.8938,11.1803,21.8403,15.2971,33.2866,19.799,17.1172,24.0416,6.40312,38.0789,10.198,53.8145,19.7231,17.2047,25.02,42.638,23.4307,51.6236,14.4222,30.0167,40.3113,30.4795,48.9183,56.0357,44.0454,34.4384,47.5079,56.356,33.4215,61.9112,22.0907,61.7414,38.6264,56.356,49.0408,48.6004,24.0832,43.566,28.0179,88.6002,99.5038,49.8197,72,45.2769,44.4185,87.0517,78,79.0253,64.2573,66.1211,81.5843,74.6726,78.9177,47.4236,57.3062,51.4782,72.4431,71.1126,62.2896,32.0156,53.8238,66.0379,71.8401,59.4138,48.0208,41.7852,53.7401,63.6946,60.3075,61.8466
108.467,106.963,111.946,110.454,112.699,111.072,113.278,113.172,111.732,116.692,114.551,111.83,120.254,114.285,118.811,115.935,123.406,125.801,122.886,131.894,34.6554,14.8661,8.06226,21.6333,34.2345,9.21954,19.4165,33.1059,34.8281,0,55.3624,44.9444,55.5698,44.1022,67.2681,54.5619,48.3322,57.8014,28.6007,37.855,29.4109,59.439,42.5441,34.5398,21.095,55,38.0789,58.8558,38.9487,23.1948,42.7551,45.5412,59.2115,57.2451,50.4876,54.3415,48.0833,72.0069,43.0116,75.1665,24.5153,56.0803,37.108,53.2259,29.7321,52.3927,20.2237,33.121,38.2099,77.1038,78.7909,38.0132,50.0899,32.45,11.0454,65,68.7677,57.2713,55.8032,46.8722,65.215,56.8595,61.2944,16.1245,23.7697,28.3019,47.1275,38.0789,44.8219,21.587,19.2354,31.7805,37.0135,24.8395,14.3178,13.8924,19.4165,32.0624,26.8328,28.6356
62.1772,61.2699,65.7647,64.846,66.242,66.2118,67.5352,68.4471,67.624,72.0139,70.7743,75.9539,81.0432,78.9177,81.7863,80.895,84.8999,87.8009,86.6833,84.3149,29.1204,44.2945,49.8197,41.0488,22.4722,55.4437,39.4462,41.4367,32.8938,55.3624,0,36.4005,40.6079,17.8885,29.1548,30.2324,43.2782,41.6173,36.6742,28.8444,29.0172,29.4279,14.0357,21.2132,34.9285,16.1245,17.4642,26.4764,19.2354,35.5106,26.4008,12.0416,21.8403,35.0143,23.1948,4,30.8058,24.2074,18.0278,30.4138,31.0161,45.2769,30.2324,39.3192,50.3289,28.0713,35.4683,40,19.2094,72,90.471,43.909,68.4251,42.8019,60.3738,80.9938,61.0082,73.9256,49.6488,61.2699,70.6116,66.4078,69.6419,60.208,70.7248,55.1725,72.4017,81.5659,56.7979,38.2753,70.2353,79.8812,88.3233,78.7909,63.5295,53.8516,74.0945,73,81.9329,83.8153
66.7308,65,69.9714,68.2642,70.8308,68.5055,71.0211,70.4557,68.8186,73.8173,71.4003,67.0075,75.743,69.4046,74.027,71.0282,78.7464,81.0555,78.0064,89.8888,14.0357,44.1475,36.8917,23.3238,35.4401,38.9487,42.2966,12.8062,11.1803,44.9444,36.4005,0,10.7703,19.105,26.9258,12.3693,7.2111,13,16.5529,47.8017,21,61.2944,25.807,26.2488,36.1248,49.0408,31.7805,58.8218,21.4709,41.0122,49.3964,37.4433,55.4437,64.4127,51.9711,38.9487,56.4624,60.6053,41.5933,66.7083,33,71.1688,48.5077,65.5515,60.1332,56.8243,35.2278,54.231,36.7696,98.3717,110.291,60.407,83.0241,56.0803,55.0091,98.0051,87.5957,90,74.0405,77.026,92.0706,85.3756,89.56,58.3095,67.9779,62.6498,83.6002,81.939,73.1095,43.1045,64.1405,76.5376,81.8413,69.029,58.5918,52.811,63.2535,74.6726,69.3109,70.7107
58.6941,56.8595,61.7414,59.9333,62.6498,59.9416,62.6099,61.7738,60.0333,65,62.434,56.7274,65.7647,59.0339,63.7809,60.6053,68.6222,70.8378,67.624,81.4125,24.1868,54.8179,47.5079,34,44.4072,49.2037,52.7731,22.8035,21.8403,55.5698,40.6079,10.7703,0,25.632,22.2036,10.6301,8.94427,2.23607,27.313,56.7186,31.257,67.9779,32.8938,35.2278,46.5296,55.0727,40.025,65.2993,29.6142,51.2445,57.7235,44.3847,61.4003,71.8679,59.2368,43.8292,64.56,64.3817,49.3356,70.8378,43.1856,79.555,57.5587,73.7631,70.4557,64.2573,45.7056,64.0078,45.1221,106.963,120.067,70.0643,93.1933,66.0076,65.7419,108.042,96.0469,100.08,82.7647,87.023,101.494,95.0842,99.1817,69.0797,78.721,73.1642,94.0479,92.7038,83,53.4603,74.793,87.2353,92.358,79.404,69.3181,63.5689,73.6003,85.44,79.3977,80.7217
65.0692,63.7024,68.6222,67.2681,69.3109,68.1175,70.0928,70.2922,69.029,73.8783,72.0069,72.6154,79.6492,75.3923,79.2023,77.2528,83.1865,85.8662,83.7735,88.3912,12,37.0135,37.1214,25.7099,20.2237,41.7852,33.2866,23.7697,15.2971,44.1022,17.8885,19.105,25.632,0,24.6982,17.0294,26.2488,27.2029,20.025,32,14.7648,42.5441,7.28011,12.083,27.2029,30,15,39.9625,5.83095,30.4138,32.3883,18.7883,36.4005,46.2385,33.6155,20,39.0512,41.8808,23.7697,47.8017,23.0217,54.1295,33.0151,48.2701,49.0408,38.6264,27.0185,40.7922,20.025,81.5843,96.1301,46.3897,70.6116,43.1741,51.6624,84.8528,70.6116,77.1038,57.5587,63.9531,77.0065,71.1758,75.06,53.1507,63.7024,52.8015,72.7324,76.4003,59.6825,33.121,61.6198,72.8629,80.0562,68.8186,55.1725,46.8615,63.5138,68.2422,70.8308,72.5603
41.2311,39.6989,44.6878,43.1856,45.4533,43.8406,46.0109,45.9674,44.5982,49.5177,47.5079,48.3839,55.0091,51.2445,54.7814,53.1601,58.6003,61.327,59.4643,64.6607,32.6497,61.6117,59.6657,46.6154,44.0114,63.2456,57.9828,39,33.2866,67.2681,29.1548,26.9258,22.2036,24.6982,0,14.5602,30.0167,21.587,39.6611,54.5711,38.2099,58.5491,30.0832,36.7151,51.8652,45.2769,38.2753,55.5788,30.5287,55.0727,53.6004,38.3275,50.8035,64.1249,52,33.1361,59.1354,49.1935,44.5533,55.9017,47.7074,74.027,55.7853,68.0294,73.4098,57.0088,51.614,64.5136,42.72,101.045,118.377,69.6419,94.255,67.0671,75.743,107.935,90.0222,100.424,78.1601,87.3613,98.732,93.7443,97.3242,77.6209,88.0909,77.3692,96.933,101.02,82.9699,57.8014,85.5862,97.1854,103.947,92.0978,79.3095,71.4003,86.5563,92.9139,93.4077,95
54.9181,53.2541,58.2495,56.6127,59.0762,57.0088,59.4054,59.0339,57.4891,62.482,60.208,57.8014,65.8027,60.4152,64.6607,62.1772,69.0652,71.5612,68.9638,78.2368,20.2485,50.9902,46.6905,33.2415,37.054,49.679,48.1041,24.5967,19.799,54.5619,30.2324,12.3693,10.6301,17.0294,14.5602,0,16.2788,11.4018,26.1725,49.0102,26.8328,58.3095,24.1868,28.2843,41.7852,45.1885,32.0156,55.5428,22.0907,45.8803,49.366,35.171,51.4296,62.6418,50,33.6155,55.9017,53.8145,40.6079,60.3075,37.9473,71.0211,50,65.1153,65,55.0818,41.2311,57.4282,37.054,98.4784,113.071,63.1981,87.1321,59.6825,63.8201,101.597,87.4757,93.771,74.5453,80.6226,94.0213,88.0909,92.0217,66.3702,76.5506,68.3081,88.7694,90.05,76.4199,48.3839,73.4098,85.4459,91.5478,79.2086,67.424,60.4152,73.5391,82.2982,80.0562,81.5659
67.624,65.7951,70.6824,68.8767,71.5891,68.884,71.5542,70.7107,68.9638,73.9256,71.3442,65.0692,74.3303,67.2681,72.1388,68.7677,77.0779,79.2086,75.8222,90.3549,20.6155,49.366,40.3113,27.2029,42.3792,41.3401,48.0104,15.2315,17.1172,48.3322,43.2782,7.2111,8.94427,26.2488,30.0167,16.2788,0,10.8167,21.2132,54.7083,27.2947,68.5055,33.0151,33.2415,42.0119,56.2228,38.9102,66.0303,28.6531,47.0956,56.4624,44.6542,62.6259,71.5891,59.1692,45.9674,63.561,67.4759,48.7647,73.6614,39.2046,78.1857,55.3624,72.6154,66,64.0078,41,60.6712,43.8634,105.304,116.619,66.9104,89.0225,62.3939,58.8727,104.12,94.578,96.0833,80.9568,83.2166,98.656,91.7878,96.026,62.6418,71.8679,68.1836,89.202,86.0349,79.404,49.0102,67.5426,80.1124,84.7231,71.5612,62.3939,57.4891,65.7343,79.1202,71.218,72.4707
57.0088,55.1543,60.0083,58.1808,60.9262,58.1378,60.8358,59.9416,58.1808,63.1348,60.5392,54.5619,63.6553,56.8507,61.6198,58.4123,66.4831,68.6804,65.437,79.6053,26.3059,57.0088,49.7393,36.2353,46.2709,51.4004,54.9181,25,24.0416,57.8014,41.6173,13,2.23607,27.2029,21.587,11.4018,10.8167,0,29.5466,58.5491,33.3766,69.3542,34.4819,37.1214,48.6621,56.356,41.7732,66.6408,31.4006,53.3385,59.439,45.8803,62.6498,73.3894,60.7454,44.9444,66.2193,65.192,50.9608,71.7008,45.2769,81.2527,59.4138,75.4321,72.5603,65.7875,47.8539,66,46.8722,108.683,122.037,72.0278,95.2575,68.0294,67.9779,110.073,97.7446,102.122,84.5281,89.0505,103.392,97.0464,101.124,71.3092,80.9568,75.3127,96.1769,94.9368,85.0059,55.5788,77.026,89.4707,94.578,81.6088,71.5542,65.7875,75.8024,87.6641,81.5659,82.8794
80.8022,79.2023,84.2021,82.6196,85,83.0963,85.4283,85.1469,83.6301,88.6172,86.3713,83.2346,91.6788,85.703,90.2109,87.367,94.8103,97.2008,94.3027,104.202,8.06226,28.1603,20.6155,7.07107,25.4951,23.6008,27.074,7.61577,6.40312,28.6007,36.6742,16.5529,27.313,20.025,39.6611,26.1725,21.2132,29.5466,0,36.8917,9.21954,54.5619,22.8035,18.0278,21.3776,44.4185,24.4131,52.6308,17.4642,26.6833,39.8246,32.249,50.4777,55.9732,44.5982,37.6431,47.0106,59.2368,34.0588,64.405,19.3132,60.5392,37.2156,55.4707,45.0999,48.7955,20.2237,40.8044,28.3196,86.8159,96.1769,47.1275,68.1836,42.2019,38.4708,83.3847,76.4788,75.326,62.6099,62.6498,78.848,71.5891,75.9276,41.7852,51.4296,47.0425,68.0661,65.3911,59.0339,28.2843,47.7074,60.0333,65.6049,53.0754,42.0595,36.4005,47.3814,58.1893,53.9073,55.4437
90.9175,89.9444,94.5145,93.5361,95.0158,94.8262,96.2549,97.0618,96.1509,100.648,99.2824,102.883,108.849,105.773,109.11,107.703,112.606,115.434,113.886,113.159,34.176,23.1948,36.2491,36.0694,12.3693,42.5441,18.4391,44.4185,38.0789,37.855,28.8444,47.8017,56.7186,32,54.5711,49.0102,54.7083,58.5491,36.8917,0,28.178,21.587,25.0799,21.587,18.868,19.6977,17,21.095,27.1662,14.8661,5,17,22.2036,20.2485,13.0384,25.6125,10.8167,36.1386,10.8167,38.1182,18.3848,23.7065,1.41421,18.6011,22.0227,14.5602,20.2485,11.3137,12.0416,50.5964,64.195,15.2315,39.9249,14.1421,38.1182,53.3667,39.9249,45.8803,26.2488,32.8938,45.0111,39.3192,43.1045,35.9026,45.5412,27.2029,43.566,54.3783,28.4605,16.2788,46.8722,54.231,63.5689,56.5685,40.4475,30.2655,53.0848,45.793,61.131,63.1269
79.2465,77.7946,82.7587,81.3204,83.4865,82.0366,84.1487,84.1724,82.807,87.7268,85.703,84.5991,92.358,87.2353,91.4166,89.0056,95.7183,98.27,95.7706,102.65,7.07107,24.1661,22.3607,12.0416,16.4012,27.2029,21.587,16.4012,10.198,29.4109,29.0172,21,31.257,14.7648,38.2099,26.8328,27.2947,33.3766,9.21954,28.178,0,45.3431,15,8.94427,15.2971,35.3553,15.2643,43.4166,10.198,20.025,30.8058,23.2594,41.3401,46.8615,35.3836,29.4279,38.0132,50.5964,24.8395,55.5428,12,51.8845,28.6356,46.6476,39.2046,39.6232,14.5602,33.3766,19.105,78.5493,89.3588,39.6232,62.0322,35.1283,37.5366,77.0065,68.0294,69,54.231,56.0357,71.3863,64.4981,68.7314,39.6611,50,41.9762,62.8013,63.2851,52.1536,22.2036,47.3814,59.0339,65.7647,54.2033,41.1096,33.6155,48.8262,55.4707,56.0803,57.8014
87.3613,86.8332,90.802,90.2497,91.0934,91.9239,92.72,94.1116,93.6216,97.5295,96.7729,104.235,108.342,107.229,109.659,109.225,112.294,115.261,114.63,107.541,49.5782,44.7214,57.5847,55.4707,29.4109,63.9062,40.025,61.5224,53.8145,59.439,29.4279,61.2944,67.9779,42.5441,58.5491,58.3095,68.5055,69.3542,54.5619,21.587,45.3431,0,35.5106,36.7696,39.9249,13.3417,30.4138,3,40,36.4005,16.7631,23.8537,8.06226,7.2111,10,25.4951,12.0416,19.799,20.5183,18.7883,38.4708,18.868,22.3607,14.1421,39.0512,7.07107,41.2311,29.1548,26.2488,43.2897,64.4748,28.4605,48.1664,31.4006,59.0339,57.4282,32.5576,51.7397,23.8537,41.2311,44.7214,42.8019,44.9444,56.0803,64.7765,44.3847,54.4059,71.1688,37.2022,37.855,67.1193,72.7805,82.5651,77.0584,61.0082,51.0098,74.027,62.9365,82.0061,84.006
69.029,67.8012,72.6223,71.4003,73.2462,72.4224,74.2024,74.6324,73.4983,78.2368,76.5506,78.4347,85,81.2712,84.8646,83.1685,88.6397,91.3893,89.5377,92.0978,15.6525,33.3017,36.4005,27.0185,13.9284,41.7732,29,28.178,19.7231,42.5441,14.0357,25.807,32.8938,7.28011,30.0832,24.1868,33.0151,34.4819,22.8035,25.0799,15,35.5106,0,8.06226,23.4307,23.3452,8.24621,33.0151,5.38516,25.6125,25.1794,11.6619,29.7321,39,26.4008,14.8661,31.7805,36.6742,16.4924,42.19,19.2094,46.8722,26.1725,41,43.382,31.3847,23.6008,34.4819,13.0384,74.3303,89.2749,39.8121,64.2884,37,48.8262,78.2624,63.3482,70.6116,50.3587,57.4891,70.0071,64.3817,68.1836,49.5782,60.208,47.5079,66.8506,72.2496,53.1507,28.4253,58.8218,69.4262,77.201,66.7308,52.2015,43.1856,61.7171,63.8905,69.3542,71.1758
76.5768,75.2861,80.1561,78.8733,80.8084,79.8123,81.6884,82.0061,80.8022,85.6037,83.8153,84.6936,91.7061,87.4643,91.2853,89.3197,95.2575,97.9439,95.8541,99.7647,13.0384,25.4558,28.6356,20.6155,9.21954,34.2345,21.4009,24.7588,17.2047,34.5398,21.2132,26.2488,35.2278,12.083,36.7151,28.2843,33.2415,37.1214,18.0278,21.587,8.94427,36.7696,8.06226,0,15.5563,26.4197,6.40312,34.7131,6.32456,18.3576,23.2594,14.3178,32.45,38.833,26.9072,21.0238,30.4138,41.7612,16.2788,46.6154,11.3137,44.9444,22.3607,39.3954,37,31.4006,15.6205,29.1548,10.8167,72.1249,85,35.0143,58.8558,31.4006,40.8044,73.3348,61.3514,65.4905,47.8017,52.345,66.2722,60,64.0312,41.7253,52.345,40.7185,60.7289,64.6607,48.1664,21.095,50.8035,61.5549,69.2026,58.6686,44.2041,35.3553,53.6656,56.4004,61.327,63.1585
92.0978,90.7855,95.6713,94.3663,96.3328,95.268,97.1854,97.4526,96.2133,101.045,99.2018,99.2824,106.677,101.98,106.005,103.788,110.145,112.77,110.463,115.313,22.3607,9.89949,17.72,18.3576,13.1529,24.0416,6.32456,28.8617,25.02,21.095,34.9285,36.1248,46.5296,27.2029,51.8652,41.7852,42.0119,48.6621,21.3776,18.868,15.2971,39.9249,23.4307,15.5563,0,34.0588,17.4642,38.8973,21.4009,5.38516,23.2594,24.5153,38.6394,39.1152,30.3645,33.5261,29.6816,51.0098,22.0227,54.4518,4.24264,41.1096,18.6011,36.7967,24.0208,33.1059,1.41421,19.6977,17.1172,66.242,74.8131,26,47.0106,20.8806,25.5539,62.1289,56.3028,54.0833,42.4382,41.3038,57.5674,50.2195,54.5711,26.1725,36.7967,26.6833,47.5184,49.2037,37.6563,7,35.5106,46.0109,53.8238,43.8634,28.8444,19.799,39.2173,41.0488,47.1275,49.0408
75.9605,75.2728,79.4796,78.7718,79.8499,80.3243,81.3449,82.5409,81.9085,86.0349,85.0706,91.5478,96.1041,94.5304,97.1648,96.5194,100.02,102.961,102.108,97.0618,38.4187,41.3038,51.4782,46.6154,21.3776,57.7062,36.2215,50.8035,42.638,55,16.1245,49.0408,55.0727,30,45.2769,45.1885,56.2228,56.356,44.4185,19.6977,35.3553,13.3417,23.3452,26.4197,34.0588,0,20.1246,10.4403,28.3196,32.1403,15.2643,12.2066,6.40312,19.0263,8.60233,12.1655,16.6433,17.0294,12.0416,20.6155,31.4006,29.8329,21.0238,24.0416,41.3401,12.6491,35.1283,30.5287,17.4642,56.0357,75.5844,32.5576,55.8032,33.2866,57.0701,67.082,45.0999,60.5392,34.4819,48.6004,55.6597,52.3259,55.1543,55.3624,65.192,46.6476,60.8769,73.9256,44.2041,34.3657,66.2193,73.9256,83.2166,75.71,59.6657,49.4773,71.8471,65.3682,79.9062,81.8841
76.6094,75.452,80.2122,79.0569,80.8022,80.1561,81.8413,82.3772,81.3019,85.9826,84.3801,86.6487,93.1075,89.493,93.0484,91.3947,96.7729,99.5389,97.7394,99.4887,19.2094,26.9258,33.0606,26.5707,5.83095,39,22.2036,31.1448,23.4307,38.0789,17.4642,31.7805,40.025,15,38.2753,32.0156,38.9102,41.7732,24.4131,17,15.2643,30.4138,8.24621,6.40312,17.4642,20.1246,0,28.3196,10.4403,18.4391,17.72,8.24621,26.0768,32.7567,20.6155,16.2788,24.6982,35.9026,10,40.4969,13.6015,39.5601,18.0278,33.8378,35.3553,25.2389,18.0278,26.2488,5.09902,66.9403,81.1542,31.5753,56.0446,28.7924,42.9418,70.0357,56.0446,62.3699,42.7551,49.2443,62.0081,56.2228,60.075,43.0116,53.6004,39.6611,58.6941,65.0538,44.911,21.2603,52.8394,62.8013,71.0211,61.327,46.1411,36.6197,56.648,56.5862,64.5136,66.4078
84.4808,83.9345,87.9318,87.3613,88.2326,89.0225,89.8443,91.214,90.7083,94.6414,93.8616,101.242,105.38,104.235,106.677,106.231,109.33,112.294,111.647,104.785,47.3814,44.2832,56.6127,53.8516,27.7849,62.9365,39.4588,59.4643,51.6236,58.8558,26.4764,58.8218,65.2993,39.9625,55.5788,55.5428,66.0303,66.6408,52.6308,21.095,43.4166,3,33.0151,34.7131,38.8973,10.4403,28.3196,0,37.6431,35.6931,16.1245,21.4009,5.09902,9.84886,8.544,22.561,12.6491,17.8045,18.6011,17.72,37.1618,21.4709,22.0227,16.4012,39.8497,7.28011,40.1622,29.6142,24.4131,46.2709,67.2309,29.5466,50.2096,32.0156,59.0085,59.9083,35.5106,54.037,26.4197,43.1856,47.4236,45.2217,47.5079,56.3205,65.307,45.2217,56.2228,72.2357,39.0512,37.3363,67.3647,73.4983,83.1986,77.2334,61.131,51.0392,74.0068,63.9062,82.0244,84.0238
70.7672,69.4262,74.3303,73,75.0067,73.8783,75.8222,76.0592,74.8131,79.6492,77.801,78.3901,85.4751,81.1542,85,83.006,89.0056,91.6788,89.5545,94.0479,10.2956,31.241,32.311,22.0227,15,37.3631,27.4591,22.8254,14.4222,38.9487,19.2354,21.4709,29.6142,5.83095,30.5287,22.0907,28.6531,31.4006,17.4642,27.1662,10.198,40,5.38516,6.32456,21.4009,28.3196,10.4403,37.6431,0,24.5967,28.1603,16.2788,34.6554,42.9418,30.5287,20.2485,35.1141,42.0476,20.1246,47.5079,17.2047,50,28.0713,44.2719,43.3244,35.3553,21.2603,35.3553,15.5242,77.3692,91.022,41.1096,65.1153,37.6563,46.0977,79.511,66.4831,71.7008,53.1507,58.5491,72.111,66.0303,70,47.4236,58,47.0106,67.0522,70.6045,54.3323,27.2947,56.0803,67.1789,74.5185,63.5138,49.5782,41.1096,58.3095,62.426,65.7647,67.5352
94.6414,93.4077,98.2344,97.0052,98.8585,98.0051,99.8098,100.21,99.0454,103.812,102.078,102.956,110.059,105.702,109.59,107.541,113.6,116.276,114.127,117.686,27.074,9.21954,21.4709,23.7065,13.0384,27.7308,4.12311,34.2053,30.0167,23.1948,35.5106,41.0122,51.2445,30.4138,55.0727,45.8803,47.0956,53.3385,26.6833,14.8661,20.025,36.4005,25.6125,18.3576,5.38516,32.1403,18.4391,35.6931,24.5967,0,19.6469,24.1661,36.0555,34.8855,27.2947,33.541,25.4951,49.163,20.3961,52.0384,8.06226,36.0694,14.3178,32.0156,19.2354,29.4109,6.7082,14.3178,16.5529,60.9016,69.5845,20.6155,42.0119,15.5242,25.2982,57.0351,51.0392,49.0102,37.2022,36.1248,52.2015,44.911,49.2443,24.6982,35.2278,22.4722,42.9535,46.6905,32.3883,2.82843,34.9285,44.4072,52.8394,43.9659,28.2312,18.3576,39.8121,38.2884,47.8539,49.8197
88.5494,87.6641,92.1303,91.236,92.5905,92.6121,93.9149,94.8472,94.0213,98.4124,97.17,101.637,107.205,104.561,107.703,106.513,111.018,113.886,112.539,110.454,36.2353,28.1603,40.8534,39.6989,14.4222,47.1699,23.3452,47.2017,40.3113,42.7551,26.4008,49.3964,57.7235,32.3883,53.6004,49.366,56.4624,59.439,39.8246,5,30.8058,16.7631,25.1794,23.2594,23.2594,15.2643,17.72,16.1245,28.1603,19.6469,0,15.2971,17.2627,16.2788,8.06226,22.8254,7.2111,31.3209,9.05539,33.1361,22.2036,21.8403,6.08276,16.1555,26.0768,9.84886,24.5967,15.2643,12.6491,49.2443,64.7765,17.8045,42.0595,18.0278,43.1045,54.7083,38.3275,47.5395,25.1794,34.8855,45.1774,40.2616,43.7379,40.7922,50.2892,31.3847,46.4004,58.6686,30.4138,21.2132,51.788,58.8727,68.3081,61.5224,45.3982,35.2278,58.0775,50.1199,66.1211,68.1175
73.9256,72.9452,77.5242,76.5376,78.032,77.8267,79.2591,80.0625,79.1581,83.6481,82.2922,86.3481,92.0272,89.2693,92.4446,91.2195,95.8175,98.6712,97.2677,96.2601,26.2488,33.2415,41,34.7851,11.4018,47.0425,28.2312,38.6005,30.4795,45.5412,12.0416,37.4433,44.3847,18.7883,38.3275,35.171,44.6542,45.8803,32.249,17,23.2594,23.8537,11.6619,14.3178,24.5153,12.2066,8.24621,21.4009,16.2788,24.1661,15.2971,0,18.4391,27.5136,14.8661,9.43398,21.0238,27.6586,6.32456,32.311,21.095,36.1248,18.3576,30.1496,38.2884,19.9249,25.318,28.0179,7.61577,63.5059,80.0625,32.2025,56.8595,30.8058,49.3964,69.9214,52.469,62.6259,40,49.7695,60.407,55.5428,59.0339,48.7647,59.1692,43.1393,60.5392,69.6563,45.31,26.8328,59.0931,68.2642,76.9415,68.0074,52.3927,42.4853,63.6003,61.0737,71.5681,73.4983
79.404,78.848,82.8613,82.28,83.1685,83.9345,84.7703,86.1278,85.6154,89.56,88.7694,96.1873,100.285,99.1817,101.597,101.178,104.235,107.201,106.569,99.8098,44.6878,45,56.2939,52.3259,26.5707,62.5859,40.0125,57.0088,48.9183,59.2115,21.8403,55.4437,61.4003,36.4005,50.8035,51.4296,62.6259,62.6498,50.4777,22.2036,41.3401,8.06226,29.7321,32.45,38.6394,6.40312,26.0768,5.09902,34.6554,36.0555,17.2627,18.4391,0,14.8661,9.21954,18.0278,15.8114,14.3178,17.088,16,36.4005,26.4008,23.3452,21.095,42.5441,10.6301,39.8121,31.9531,22.8473,51.3517,72.2357,32.7567,54.4885,34.5398,60.2993,64.6607,40.6079,58.6003,31.305,47.3814,52.3927,49.93,52.3546,58.0517,67.4463,47.927,60.208,75.1532,43.1393,38,69.0507,75.8947,85.44,78.7718,62.6498,52.469,75.2396,66.7083,83.2947,85.2877
94.255,93.6803,97.719,97.1236,98.0306,98.7623,99.6243,100.96,100.424,104.403,103.581,110.549,114.935,113.534,116.108,115.525,118.87,121.824,121.062,114.634,51.8652,42.3792,56.356,55.9732,30.4795,62.6099,38.0789,63.2535,56.0357,57.2451,35.0143,64.4127,71.8679,46.2385,64.1249,62.6418,71.5891,73.3894,55.9732,20.2485,46.8615,7.2111,39,38.833,39.1152,19.0263,32.7567,9.84886,42.9418,34.8855,16.2788,27.5136,14.8661,0,12.6491,31.0161,9.43398,26.9072,22.8254,25.2389,38.4187,11.6619,20.5913,7.2111,34.1321,7.61577,40.4969,25.1794,28.0179,37.0135,57.3847,23.1948,41.2311,27.0185,55.5788,50.2195,26.0768,44.5982,16.6433,34.4093,37.5766,35.609,37.7359,52.0865,60.1332,39.3192,47.7074,65.521,30.5287,35.8469,63.0317,67.7422,77.6466,73.0616,57.2189,47.5184,70.4557,57.4891,78.3135,80.3057
84.309,83.5703,87.8465,87.0919,88.2383,88.6002,89.6939,90.824,90.1388,94.3398,93.3006,99.1413,104.048,102.108,104.924,104.087,107.935,110.856,109.836,105.589,39.8246,36.0555,48.0833,45.4863,19.4165,54.4059,31.1448,51.6236,44.0454,50.4876,23.1948,51.9711,59.2368,33.6155,52,50,59.1692,60.7454,44.5982,13.0384,35.3836,10,26.4008,26.9072,30.3645,8.60233,20.6155,8.544,30.5287,27.2947,8.06226,14.8661,9.21954,12.6491,0,19.2354,8.06226,23.4094,10.6301,25.0799,28.6356,22.0907,14.1421,16.1245,33.541,5.09902,31.6228,22.8473,16.2788,49.0918,67.4463,24.2074,47.2017,25.4951,51.1566,58.6003,38.0526,51.9711,26.4764,40,47.5395,43.8634,46.8188,48.8365,58.2409,38.9102,52.345,66.1891,35.609,29.0689,59.8415,66.7308,76.243,69.5845,53.4603,43.2897,66.1211,57.6975,74.1687,76.1643
65.7419,64.8845,69.3181,68.4471,69.7711,69.857,71.1126,72.0902,71.3092,75.6439,74.4648,79.9062,84.8999,82.8734,85.703,84.8528,88.7694,91.6788,90.6091,87.6641,30.4631,42.5441,49.2544,41.4367,20.6155,55.0818,37.5766,42.9535,34.4384,54.3415,4,38.9487,43.8292,20,33.1361,33.6155,45.9674,44.9444,37.6431,25.6125,29.4279,25.4951,14.8661,21.0238,33.5261,12.1655,16.2788,22.561,20.2485,33.541,22.8254,9.43398,18.0278,31.0161,19.2354,0,26.9258,21.9545,14.8661,27.8029,29.8329,41.3038,27.0185,35.3553,47.3814,24.0832,34.2053,36.8782,17,68,86.5852,40.4969,64.8845,39.6989,58.6941,77.2528,57.0088,70.2638,45.7056,57.7062,66.7083,62.6259,65.8027,58.1808,68.6003,52.345,69.0652,79.0253,53.2353,36.2353,68.4471,77.6981,86.3539,77.2528,61.7414,51.8845,72.7324,70.4344,80.6536,82.5651
92.3093,91.5478,95.8541,95.0789,96.2549,96.566,97.6934,98.7927,98.0816,102.318,101.242,106.705,111.826,109.659,112.588,111.629,115.694,118.6,117.478,113.649,43.4166,33.2415,46.9574,46.6905,21.6333,53.2259,28.7924,54.4059,47.5079,48.0833,30.8058,56.4624,64.56,39.0512,59.1354,55.9017,63.561,66.2193,47.0106,10.8167,38.0132,12.0416,31.7805,30.4138,29.6816,16.6433,24.6982,12.6491,35.1141,25.4951,7.2111,21.0238,15.8114,9.43398,8.06226,26.9258,0,30.0167,15.2971,30.3645,29.0689,15.1327,11.1803,9.21954,27.2029,5.38516,31.0644,17.1172,19.6977,42.5793,59.6657,17,39.2046,19.4165,47.0956,50.5668,31.5753,43.909,19.0263,32.0156,39.8121,35.8469,38.8973,44.0454,52.7731,32.573,44.5533,59.6154,27.6586,26.5707,55.0818,60.8769,70.6116,65.0308,49,39.0512,62.0725,51.264,70.0286,72.0278
70.7107,70.4557,73.9797,73.6817,74.1485,75.5381,75.9539,77.6466,77.4145,80.895,80.5047,90.2718,93.0484,93.2631,95.0211,95.2575,97.0464,100.045,100.02,89.493,52.3259,58.3095,68.2642,62.3618,38.1182,74.4312,53.2353,64.846,56.356,72.0069,24.2074,60.6053,64.3817,41.8808,49.1935,53.8145,67.4759,65.192,59.2368,36.1386,50.5964,19.799,36.6742,41.7612,51.0098,17.0294,35.9026,17.8045,42.0476,49.163,31.3209,27.6586,14.3178,26.9072,23.4094,21.9545,30.0167,0,29,6.7082,48.1664,38.4187,37.3631,33.9411,56.8595,24.6982,52.0384,46.2385,34.1321,60.0833,83.2406,47.0106,67.9412,48.8467,73.9797,77.0065,50.1597,71.5052,43.4166,60.959,63.8122,62.482,64.405,72.0347,81.6088,62.2415,74.027,89.4707,56.8507,51.3517,82.9759,90.1388,99.6243,92.5743,76.4853,66.2873,88.8144,81.0247,96.8762,98.8585
80.1311,79.177,83.7257,82.7647,84.22,84.0773,85.4751,86.3134,85.4283,89.8944,88.5664,92.6499,98.3514,95.5667,98.7623,97.5141,102.142,104.995,103.581,102.343,29.2062,29.6142,39.4588,35.3553,9.48683,45.7056,24.5153,41.0122,33.4215,43.0116,18.0278,41.5933,49.3356,23.7697,44.5533,40.6079,48.7647,50.9608,34.0588,10.8167,24.8395,20.5183,16.4924,16.2788,22.0227,12.0416,10,18.6011,20.1246,20.3961,9.05539,6.32456,17.088,22.8254,10.6301,14.8661,15.2971,29,0,32.5576,19.4165,30.4138,12.2066,24.5153,32.5269,15.2643,23.0868,22.0227,5.83095,57.8705,73.8241,25.9422,50.5668,24.8395,45.607,63.6003,46.8722,56.3028,34.0588,43.4626,54.231,49.2443,52.7731,44.3847,54.5619,37.5366,54.3783,64.405,39,22.8035,55.0273,63.5295,72.4983,64.2884,48.3839,38.2753,60.208,55.8032,68.2495,70.214
76.3217,76.1643,79.511,79.3095,79.6304,81.2219,81.4985,83.2947,83.1505,86.4696,86.209,96.5194,99,99.5038,101.124,101.494,103,106,106.118,94.3716,57.8014,61,72.0069,67.0671,41.9762,78.2624,56.0089,70.3278,61.9112,75.1665,30.4138,66.7083,70.8378,47.8017,55.9017,60.3075,73.6614,71.7008,64.405,38.1182,55.5428,18.7883,42.19,46.6154,54.4518,20.6155,40.4969,17.72,47.5079,52.0384,33.1361,32.311,16,25.2389,25.0799,27.8029,30.3645,6.7082,32.5576,0,51.9711,36.1248,39.2046,32.45,57.5674,25,55.5788,47.2969,38.0789,55.5428,79.6116,47.1699,66.4003,49.7293,76.2365,74.3303,46.1411,69.3542,41.0366,59.6406,60.6053,60.1082,61.6198,73.8241,82.9759,62.9365,72.9452,89.8888,55.7584,54,84.8528,91.214,100.896,94.6414,78.5175,68.3593,91.1976,81.5966,99.2472,101.242
87.8635,86.5563,91.4385,90.1388,92.0978,91.0494,92.957,93.2363,92.0054,96.8297,95,95.2733,102.577,97.9898,101.966,99.8098,106.066,108.706,106.452,111.072,19.0263,14.1421,20.0998,17.6918,10.0499,26.3059,10.2956,26.9258,22.0907,24.5153,31.0161,33,43.1856,23.0217,47.7074,37.9473,39.2046,45.2769,19.3132,18.3848,12,38.4708,19.2094,11.3137,4.24264,31.4006,13.6015,37.1618,17.2047,8.06226,22.2036,21.095,36.4005,38.4187,28.6356,29.8329,29.0689,48.1664,19.4165,51.9711,0,41.6173,18.4391,36.8782,27.2947,31.9061,4.47214,21.587,14.0357,67.5426,77.4145,27.8927,50.04,23.1948,29.6816,65.0077,57.3062,57,43.4166,44.0454,59.6657,52.6118,56.8859,30.4138,41.0366,30.3645,50.9902,53.4135,40.1995,10.4403,39.6611,50.2494,58.0086,47.8539,33.0151,24.0416,43.0813,45.2217,50.9215,52.811
105.622,104.995,109.11,108.467,109.444,110.064,111,112.272,111.683,115.741,114.843,121.198,125.929,124.169,126.921,126.151,129.838,132.774,131.848,126.21,57.7754,41.6173,56.8507,59.203,35.8469,62.8013,38.2884,68.0955,61.7414,56.0803,45.2769,71.1688,79.555,54.1295,74.027,71.0211,78.1857,81.2527,60.5392,23.7065,51.8845,18.868,46.8722,44.9444,41.1096,29.8329,39.5601,21.4709,50,36.0694,21.8403,36.1248,26.4008,11.6619,22.0907,41.3038,15.1327,38.4187,30.4138,36.1248,41.6173,0,23.3238,6,28.8617,17.2627,42.5206,23.0217,34.4819,27.4591,45.8803,18.3848,30.5287,23.7065,52.2015,38.6005,16.4924,33.2415,5,24.1661,26,24.0832,26.0768,47.8017,54.3323,33.3766,37.5766,57.5587,20.8806,36.1248,58.2495,61,71,68.2495,53.1601,44.3847,66.4831,50.0899,73.9797,75.9276
92.2822,91.3017,95.8801,94.8947,96.3846,96.1769,97.6166,98.4124,97.4936,102,100.623,104.12,110.136,107.005,110.368,108.931,113.886,116.709,115.135,114.547,34.7851,22.3607,35.7771,36.1248,13.1529,42.0476,17.72,44.7772,38.6264,37.108,30.2324,48.5077,57.5587,33.0151,55.7853,50,55.3624,59.4138,37.2156,1.41421,28.6356,22.3607,26.1725,22.3607,18.6011,21.0238,18.0278,22.0227,28.0713,14.3178,6.08276,18.3576,23.3452,20.5913,14.1421,27.0185,11.1803,37.3631,12.2066,39.2046,18.4391,23.3238,0,18.4391,20.6155,15.2971,20,9.89949,13.1529,49.98,63.1269,13.9284,38.6264,12.7279,37.054,52.1728,39.3954,44.643,25.632,31.6228,44.0454,38.2099,42.0476,34.7131,44.2719,25.807,42.19,53,27.2029,15.5242,45.7056,52.9245,62.2977,55.4437,39.3192,29.1548,52.0384,44.4185,60.075,62.0725
99.96,99.2975,103.465,102.786,103.817,104.355,105.342,106.569,105.948,110.055,109.11,115.261,120.075,118.229,121.017,120.208,123.976,126.905,125.936,120.768,52.3259,38.4708,53.2541,54.5619,30.4138,59.3633,34.6699,62.9682,56.356,53.2259,39.3192,65.5515,73.7631,48.2701,68.0294,65.1153,72.6154,75.4321,55.4707,18.6011,46.6476,14.1421,41,39.3954,36.7967,24.0416,33.8378,16.4012,44.2719,32.0156,16.1555,30.1496,21.095,7.2111,16.1245,35.3553,9.21954,33.9411,24.5153,32.45,36.8782,6,18.4391,0,28.0179,11.4018,38.2099,20.2485,28.7924,33.3766,51.5461,17.0294,34.0588,21.587,50.448,43.566,22.3607,37.6431,10.4403,27.2029,31.6228,28.8444,31.305,46.5296,54,33.0151,40.4969,58.6941,23.3238,32.45,57.3149,61.2944,71.2531,67.3647,51.788,42.45,65.1153,50.8035,72.8354,74.8131
111.772,110.675,115.378,114.28,115.935,115.434,117.047,117.661,116.619,121.264,119.708,121.631,128.378,124.423,128.156,126.289,132.004,134.737,132.774,134.402,46.2709,18.0278,33.121,40.7922,29.5296,38.0132,18.0278,52.345,49.0408,29.7321,50.3289,60.1332,70.4557,49.0408,73.4098,65,66,72.5603,45.0999,22.0227,39.2046,39.0512,43.382,37,24.0208,41.3401,35.3553,39.8497,43.3244,19.2354,26.0768,38.2884,42.5441,34.1321,33.541,47.3814,27.2029,56.8595,32.5269,57.5674,27.2947,28.8617,20.6155,28.0179,0,32.573,25,10.8167,31.6228,47.3814,51.4198,11,23.0868,8.06226,23.7065,38.3275,39.4081,30.2655,27.313,18.0278,35.8469,27.7308,32.2025,18.9737,26.0192,5.38516,23.7697,32.6497,15.2643,17.0294,29.4279,33.7343,43.566,39.4588,24.3516,16.4012,37.6431,24.1661,45.1221,47.0744
88.6002,87.9204,92.1141,91.4166,92.477,92.9731,93.984,95.1893,94.5569,98.6813,97.719,103.947,108.683,106.921,109.659,108.904,112.588,115.521,114.586,109.567,44.4072,37.6563,50.6952,49.2037,23.3452,57.0088,32.9848,55.9732,48.6004,52.3927,28.0713,56.8243,64.2573,38.6264,57.0088,55.0818,64.0078,65.7875,48.7955,14.5602,39.6232,7.07107,31.3847,31.4006,33.1059,12.6491,25.2389,7.28011,35.3553,29.4109,9.84886,19.9249,10.6301,7.61577,5.09902,24.0832,5.38516,24.6982,15.2643,25,31.9061,17.2627,15.2971,11.4018,32.573,0,34.4384,22.3607,20.6155,44.0454,62.9365,22.3607,43.9318,24.7386,52.0096,54.5894,33.0151,48.2597,21.8403,36.7967,43.0116,39.8246,42.5441,49.163,58.0517,37.9473,49.5782,65,32.5269,30.8058,60.208,66.2193,75.9276,70.1142,54.037,44,67.0075,56.648,75,77
92.0217,90.6863,95.5877,94.2603,96.2601,95.1315,97.0824,97.3088,96.0469,100.896,99.0202,98.8383,106.33,101.518,105.589,103.315,109.772,112.379,110.018,115.278,21.587,10,16.4924,17,14.0357,22.8035,7.07107,27.6586,24.0832,20.2237,35.4683,35.2278,45.7056,27.0185,51.614,41.2311,41,47.8539,20.2237,20.2485,14.5602,41.2311,23.6008,15.6205,1.41421,35.1283,18.0278,40.1622,21.2603,6.7082,24.5967,25.318,39.8121,40.4969,31.6228,34.2053,31.0644,52.0384,23.0868,55.5788,4.47214,42.5206,20,38.2099,25,34.4384,0,21.0238,18.0278,67.6018,75.9539,27.313,48.0416,22.1359,25.2389,63.1981,57.6888,55.1453,43.8292,42.4264,58.8218,51.4198,55.7853,26.1725,36.7696,27.4591,48.3735,49.4065,38.833,8.06226,35.2278,45.9674,53.6004,43.382,28.6007,19.8494,38.6264,41.3401,46.4866,48.3839
101.872,100.846,105.475,104.446,106,105.679,107.187,107.912,106.944,111.508,110.059,112.894,119.231,115.741,119.269,117.644,122.931,125.718,123.976,124.278,40.1995,18.6011,33.9706,38.0132,20.6155,39.8246,15.6205,48.3839,43.566,33.121,40,54.231,64.0078,40.7922,64.5136,57.4282,60.6712,66,40.8044,11.3137,33.3766,29.1548,34.4819,29.1548,19.6977,30.5287,26.2488,29.6142,35.3553,14.3178,15.2643,28.0179,31.9531,25.1794,22.8473,36.8782,17.1172,46.2385,22.0227,47.2969,21.587,23.0217,9.89949,20.2485,10.8167,22.3607,21.0238,0,21.9317,46.6476,56.0803,6.32456,29.8329,2.82843,30.4138,44.1814,37.0135,36.3456,23.3452,23.1948,38.0789,31.1448,35.3553,27,35.6931,16.1245,32.6497,43.4166,19.0263,13.6015,38.0132,43.9659,53.6004,48,32.0624,22.3607,45.2769,34.8855,53.1507,55.1453
80.1561,79.0759,83.7616,82.6801,84.3149,83.863,85.44,86.093,85.0882,89.6939,88.193,91.0934,97.3088,93.9628,97.4064,95.8801,101.02,103.817,102.142,102.801,23.8537,25.632,34.1321,29.5296,4,40.3113,20.6155,35.3836,28.0179,38.2099,19.2094,36.7696,45.1221,20.025,42.72,37.054,43.8634,46.8722,28.3196,12.0416,19.105,26.2488,13.0384,10.8167,17.1172,17.4642,5.09902,24.4131,15.5242,16.5529,12.6491,7.61577,22.8473,28.0179,16.2788,17,19.6977,34.1321,5.83095,38.0789,14.0357,34.4819,13.1529,28.7924,31.6228,20.6155,18.0278,21.9317,0,61.8466,76.2365,26.9258,51.5461,24.5967,41.7852,65.307,50.9608,57.7235,37.6563,44.643,57,51.3517,55.1453,41.1825,51.6236,36.2353,54.5619,62.3699,40.2616,19.2354,51.4782,60.7454,69.3542,60.407,44.7772,34.8855,56.0446,53.8145,64.0312,65.9697
130.269,129.838,133.645,133.195,133.881,134.937,135.591,137.102,136.693,140.464,139.832,147.489,151.605,150.479,152.948,152.473,155.563,158.534,157.918,149.576,84.7585,64.2028,79.8123,84.5991,62.9365,85.1469,62.1289,94.4299,88.6002,77.1038,72,98.3717,106.963,81.5843,101.045,98.4784,105.304,108.683,86.8159,50.5964,78.5493,43.2897,74.3303,72.1249,66.242,56.0357,66.9403,46.2709,77.3692,60.9016,49.2443,63.5059,51.3517,37.0135,49.0918,68,42.5793,60.0833,57.8705,55.5428,67.5426,27.4591,49.98,33.3766,47.3814,44.0454,67.6018,46.6476,61.8466,0,26.4008,40.4969,32.8938,46.0435,70.2922,28.2843,11.0454,29.2746,24.3516,31.9061,15.2971,22.8473,19.6469,64.8151,67.6018,49.679,40.5216,64.846,32.6497,60.208,73.2462,71.3092,80.6536,82.365,70,63.6553,82.3772,60.0083,88.6848,90.4268
151.489,150.841,154.984,154.324,155.322,155.901,156.869,158.114,157.493,161.595,160.655,166.307,171.479,169.248,172.244,171.21,175.354,178.264,177.124,172.012,96.2549,69.3758,83.8153,92.1954,76.0263,87.8465,69.2315,103.576,99.5038,78.7909,90.471,110.291,120.067,96.1301,118.377,113.071,116.619,122.037,96.1769,64.195,89.3588,64.4748,89.2749,85,74.8131,75.5844,81.1542,67.2309,91.022,69.5845,64.7765,80.0625,72.2357,57.3847,67.4463,86.5852,59.6657,83.2406,73.8241,79.6116,77.4145,45.8803,63.1269,51.5461,51.4198,62.9365,75.9539,56.0803,76.2365,26.4008,0,50.01,28.7924,54.231,69.3542,13.8924,33.6006,21.5407,41.1096,33.541,19.9249,25,21.095,63.5295,62.0081,50.9215,32.45,53.9073,37.2156,67.897,68.6003,62.2415,69.814,75.743,67.7422,65,77.6209,52.4976,82.0731,83.4506
106.066,105.119,109.659,108.706,110.145,110.018,111.414,112.254,111.36,115.836,114.495,118.004,124.064,120.88,124.278,122.801,127.812,130.633,129.035,128.16,46.3897,24.0416,39.6232,44.2832,26.1725,45.2769,21.6333,54.7083,49.8197,38.0132,43.909,60.407,70.0643,46.3897,69.6419,63.1981,66.9104,72.0278,47.1275,15.2315,39.6232,28.4605,39.8121,35.0143,26,32.5576,31.5753,29.5466,41.1096,20.6155,17.8045,32.2025,32.7567,23.1948,24.2074,40.4969,17,47.0106,25.9422,47.1699,27.8927,18.3848,13.9284,17.0294,11,22.3607,27.313,6.32456,26.9258,40.4969,50.01,0,24.6982,5.65685,33.8378,38.4708,31.1448,30.8058,17.8045,17.72,31.7805,25.02,29.1548,29.6142,37.0135,16.1245,28.6007,42.72,13.3417,19.7231,40.3113,44.5533,54.4518,50.3587,34.9285,26,48.2701,34.4819,55.9017,57.8705
130.599,129.692,134.183,133.27,134.648,134.618,135.96,136.854,135.989,140.428,139.129,142.636,148.762,145.499,148.946,147.411,152.506,155.322,153.688,152.463,69.0652,40.7922,55.0273,63.7887,50.448,59.0931,41.1096,75.4255,72,50.0899,68.4251,83.0241,93.1933,70.6116,94.255,87.1321,89.0225,95.2575,68.1836,39.9249,62.0322,48.1664,64.2884,58.8558,47.0106,55.8032,56.0446,50.2096,65.1153,42.0119,42.0595,56.8595,54.4885,41.2311,47.2017,64.8845,39.2046,67.9412,50.5668,66.4003,50.04,30.5287,38.6264,34.0588,23.0868,43.9318,48.0416,29.8329,51.5461,32.8938,28.7924,24.6982,0,27.4591,41.0488,15.2971,30,7.28011,25.9422,7.2111,17.8885,10.198,13.4164,35.2278,35.609,22.1359,8,32.0156,11.6619,40.0125,41.7732,38.4838,47.7598,50.2195,39.8246,36.2491,50.9902,27.2947,56.6127,58.2495
104.623,103.586,108.227,107.187,108.757,108.407,109.932,110.639,109.659,114.237,112.77,115.434,121.852,118.271,121.84,120.167,125.539,128.316,126.531,127.063,42.0476,18.3848,33.9706,39,23.0868,39.6232,16.1245,49.7293,45.2769,32.45,42.8019,56.0803,66.0076,43.1741,67.0671,59.6825,62.3939,68.0294,42.2019,14.1421,35.1283,31.4006,37,31.4006,20.8806,33.2866,28.7924,32.0156,37.6563,15.5242,18.0278,30.8058,34.5398,27.0185,25.4951,39.6989,19.4165,48.8467,24.8395,49.7293,23.1948,23.7065,12.7279,21.587,8.06226,24.7386,22.1359,2.82843,24.5967,46.0435,54.231,5.65685,27.4591,0,28.8617,42.0476,36.7967,34.1321,23.4307,21.0238,36.6879,29.4279,33.7343,25.0799,33.3766,13.4164,29.9666,40.7063,17.0294,14.3178,36.0139,41.4849,51.1957,46.0435,30.2655,20.8806,43.566,32.2025,51.3517,53.3385
116.675,115.261,120.208,118.802,120.917,119.553,121.631,121.696,120.341,125.256,123.24,121.491,129.619,124.02,128.413,125.718,132.88,135.351,132.608,140.036,43.6005,16.1555,18.6815,31.7805,38.0789,20.025,21.1896,43.6578,44.4185,11.0454,60.3738,55.0091,65.7419,51.6624,75.743,63.8201,58.8727,67.9779,38.4708,38.1182,37.5366,59.0339,48.8262,40.8044,25.5539,57.0701,42.9418,59.0085,46.0977,25.2982,43.1045,49.3964,60.2993,55.5788,51.1566,58.6941,47.0956,73.9797,45.607,76.2365,29.6816,52.2015,37.054,50.448,23.7065,52.0096,25.2389,30.4138,41.7852,70.2922,69.3542,33.8378,41.0488,28.8617,0,55.4707,62.9682,48.0208,50.9902,38.8973,57.3149,48.8365,53.1507,5.83095,13,20.6155,37.1618,27.2029,37.6431,22.8035,10,21.6333,28.4253,18.6815,3.60555,8.06226,15,21.0238,23.0217,25.02
142.864,142.077,146.414,145.619,146.82,147.078,148.246,149.308,148.556,152.846,151.714,156.208,161.914,159.11,162.361,161.047,165.723,168.585,167.171,164.137,84,56.0892,70.214,79.0759,64.6297,74.0945,56.3205,90.6697,87.0517,65,80.9938,98.0051,108.042,84.8528,107.935,101.597,104.12,110.073,83.3847,53.3667,77.0065,57.4282,78.2624,73.3348,62.1289,67.082,70.0357,59.9083,79.511,57.0351,54.7083,69.9214,64.6607,50.2195,58.6003,77.2528,50.5668,77.0065,63.6003,74.3303,65.0077,38.6005,52.1728,43.566,38.3275,54.5894,63.1981,44.1814,65.307,28.2843,13.8924,38.4708,15.2971,42.0476,55.4707,0,30.8869,8.06226,33.6006,21.0238,14.7648,14.7648,12.7279,49.6488,48.2701,37.3631,18.6011,41.0488,25.1794,55.1453,54.8179,49.0408,57.1402,62.2254,53.8516,51.264,63.8905,38.8973,68.593,70.0357
119.817,119.331,123.227,122.723,123.491,124.427,125.16,126.606,126.147,130,129.294,136.62,140.89,139.607,142.144,141.598,144.838,147.801,147.105,139.517,74.0945,55.1725,70.7672,74.6257,52.2015,76.3675,52.6308,84.0773,78,68.7677,61.0082,87.5957,96.0469,70.6116,90.0222,87.4757,94.578,97.7446,76.4788,39.9249,68.0294,32.5576,63.3482,61.3514,56.3028,45.0999,56.0446,35.5106,66.4831,51.0392,38.3275,52.469,40.6079,26.0768,38.0526,57.0088,31.5753,50.1597,46.8722,46.1411,57.3062,16.4924,39.3954,22.3607,39.4081,33.0151,57.6888,37.0135,50.9608,11.0454,33.6006,31.1448,30,36.7967,62.9682,30.8869,0,28.8617,13.8924,26.6833,16.1245,20.0998,18.9737,57.8014,62.0322,42.5441,38,61.5224,26,50.6063,67.1193,66.9403,76.6877,76.6942,63.1348,55.8032,76.0263,55.5428,82.8553,84.6936
135.989,135.148,139.556,138.708,139.989,140.118,141.365,142.352,141.549,145.908,144.7,148.762,154.651,151.648,154.984,153.574,158.433,161.276,159.765,157.544,76.0066,48.0521,62.2977,71.0211,56.8859,66.3099,48.2597,82.6075,79.0253,57.2713,73.9256,90,100.08,77.1038,100.424,93.771,96.0833,102.122,75.326,45.8803,69,51.7397,70.6116,65.4905,54.0833,60.5392,62.3699,54.037,71.7008,49.0102,47.5395,62.6259,58.6003,44.5982,51.9711,70.2638,43.909,71.5052,56.3028,69.3542,57,33.2415,44.643,37.6431,30.2655,48.2597,55.1453,36.3456,57.7235,29.2746,21.5407,30.8058,7.28011,34.1321,48.0208,8.06226,28.8617,0,28.3196,13.1529,14.0357,9.43398,10.0499,42.19,41.7253,29.4109,12.2066,36.2491,17.4642,47.0956,48.1041,43.566,52.3259,56.0803,46.6154,43.4626,57.28,32.8024,62.482,64.0312
110.386,109.731,113.886,113.217,114.232,114.791,115.767,117.004,116.387,120.487,119.549,125.603,130.495,128.565,131.4,130.541,134.391,137.317,136.312,131.095,60.407,41.7732,57.28,60.7454,38.6005,63.0317,38.9487,70.214,64.2573,55.8032,49.6488,74.0405,82.7647,57.5587,78.1601,74.5453,80.9568,84.5281,62.6099,26.2488,54.231,23.8537,50.3587,47.8017,42.4382,34.4819,42.7551,26.4197,53.1507,37.2022,25.1794,40,31.305,16.6433,26.4764,45.7056,19.0263,43.4166,34.0588,41.0366,43.4166,5,25.632,10.4403,27.313,21.8403,43.8292,23.3452,37.6563,24.3516,41.1096,17.8045,25.9422,23.4307,50.9902,33.6006,13.8924,28.3196,0,19.9249,21.1896,19.105,21.095,46.2385,51.9711,31.3209,33.2415,54.1479,17.1172,36.8782,56.3205,58.1378,68.1175,66.2193,51.6236,43.4166,64.846,47.0106,72.1249,74.0405
123.434,122.54,127.016,126.115,127.475,127.475,128.798,129.711,128.86,133.282,132.004,135.724,141.739,138.6,141.989,140.52,145.499,148.327,146.751,145.262,63.0079,36.0555,50.9902,58.6941,43.7379,55.5698,35.6931,70.0357,66.1211,46.8722,61.2699,77.026,87.023,63.9531,87.3613,80.6226,83.2166,89.0505,62.6498,32.8938,56.0357,41.2311,57.4891,52.345,41.3038,48.6004,49.2443,43.1856,58.5491,36.1248,34.8855,49.7695,47.3814,34.4093,40,57.7062,32.0156,60.959,43.4626,59.6406,44.0454,24.1661,31.6228,27.2029,18.0278,36.7967,42.4264,23.1948,44.643,31.9061,33.541,17.72,7.2111,21.0238,38.8973,21.0238,26.6833,13.1529,19.9249,0,18.4391,10,14.4222,33.2415,35.7771,18.6011,13.4164,35.0571,4.47214,34.3657,41.3401,40.2616,50.01,50.5371,38.2884,33.0151,50.4777,28.8617,56.8243,58.5918
131.575,130.92,135.074,134.406,135.418,135.978,136.956,138.192,137.568,141.676,140.73,146.509,151.585,149.459,152.398,151.427,155.467,158.382,157.29,152.201,78.0897,53.6656,68.9638,75.6108,57.1402,73.7835,52.5547,86.4002,81.5843,65.215,70.6116,92.0706,101.494,77.0065,98.732,94.0213,98.656,103.392,78.848,45.0111,71.3863,44.7214,70.0071,66.2722,57.5674,55.6597,62.0081,47.4236,72.111,52.2015,45.1774,60.407,52.3927,37.5766,47.5395,66.7083,39.8121,63.8122,54.231,60.6053,59.6657,26,44.0454,31.6228,35.8469,43.0116,58.8218,38.0789,57,15.2971,19.9249,31.7805,17.8885,36.6879,57.3149,14.7648,16.1245,14.0357,21.1896,18.4391,0,8.48528,4.47214,51.6236,53.2541,37.0135,25.2982,49.6488,20.5913,50.9215,59.203,56.3649,65.5515,67.9559,56.5862,51.4004,68.4105,45.1774,74.3303,76.0066
128.156,127.389,131.7,130.924,132.098,132.401,133.54,134.629,133.899,138.159,137.058,141.891,147.411,144.81,147.963,146.758,151.242,154.12,152.801,149.375,71.3442,45.6946,60.8276,68.0074,51.0392,65.5134,44.9222,79.0759,74.6726,56.8595,66.4078,85.3756,95.0842,71.1758,93.7443,88.0909,91.7878,97.0464,71.5891,39.3192,64.4981,42.8019,64.3817,60,50.2195,52.3259,56.2228,45.2217,66.0303,44.911,40.2616,55.5428,49.93,35.609,43.8634,62.6259,35.8469,62.482,49.2443,60.1082,52.6118,24.0832,38.2099,28.8444,27.7308,39.8246,51.4198,31.1448,51.3517,22.8473,25,25.02,10.198,29.4279,48.8365,14.7648,20.0998,9.43398,19.105,10,8.48528,0,4.47214,43.1393,44.9444,28.6007,18.1108,42.2019,12.6491,43.4166,50.8035,48.4665,57.8705,59.6825,48.1041,43.0116,60,37.1618,66.0379,67.7422
131.103,130.384,134.629,133.899,135.004,135.418,136.488,137.641,136.956,141.152,140.118,145.344,150.685,148.277,151.344,150.233,154.538,157.433,156.205,152.069,75.5381,50.1597,65.2993,72.4224,55,69.9714,49.3356,83.4326,78.9177,61.2944,69.6419,89.56,99.1817,75.06,97.3242,92.0217,96.026,101.124,75.9276,43.1045,68.7314,44.9444,68.1836,64.0312,54.5711,55.1543,60.075,47.5079,70,49.2443,43.7379,59.0339,52.3546,37.7359,46.8188,65.8027,38.8973,64.405,52.7731,61.6198,56.8859,26.0768,42.0476,31.305,32.2025,42.5441,55.7853,35.3553,55.1453,19.6469,21.095,29.1548,13.4164,33.7343,53.1507,12.7279,18.9737,10.0499,21.095,14.4222,4.47214,4.47214,0,47.4236,48.8262,33.0151,20.8806,45.2217,17.088,47.8017,54.8179,51.8941,61.0983,63.5138,52.3259,47.4342,64.0312,40.7063,69.8928,71.5612
118.191,116.846,121.754,120.416,122.43,121.264,123.24,123.434,122.147,127.016,125.1,124.169,132.019,126.764,131.027,128.503,135.37,137.906,135.326,141.45,46.1411,16.2788,23.0868,35.4401,37.7359,25.318,20.8087,47.5395,47.4236,16.1245,60.208,58.3095,69.0797,53.1507,77.6209,66.3702,62.6418,71.3092,41.7852,35.9026,39.6611,56.0803,49.5782,41.7253,26.1725,55.3624,43.0116,56.3205,47.4236,24.6982,40.7922,48.7647,58.0517,52.0865,48.8365,58.1808,44.0454,72.0347,44.3847,73.8241,30.4138,47.8017,34.7131,46.5296,18.9737,49.163,26.1725,27,41.1825,64.8151,63.5295,29.6142,35.2278,25.0799,5.83095,49.6488,57.8014,42.19,46.2385,33.2415,51.6236,43.1393,47.4236,0,10.6301,15.2643,31.3847,23.7065,32.2025,21.9545,11.0454,19.8494,28.178,21,5.38516,6.40312,18.6815,16.4924,26.3059,28.2843
128.763,127.405,132.322,130.969,133.004,131.795,133.795,133.959,132.654,137.535,135.591,134.302,142.302,136.858,141.198,138.571,145.609,148.111,145.437,152.043,56.3028,26.9072,31.6228,44.7772,48.2597,32.249,31.4006,56.648,57.3062,23.7697,70.7248,67.9779,78.721,63.7024,88.0909,76.5506,71.8679,80.9568,51.4296,45.5412,50,64.7765,60.208,52.345,36.7967,65.192,53.6004,65.307,58,35.2278,50.2892,59.1692,67.4463,60.1332,58.2409,68.6003,52.7731,81.6088,54.5619,82.9759,41.0366,54.3323,44.2719,54,26.0192,58.0517,36.7696,35.6931,51.6236,67.6018,62.0081,37.0135,35.609,33.3766,13,48.2701,62.0322,41.7253,51.9711,35.7771,53.2541,44.9444,48.8262,10.6301,0,21.0238,29.7321,14.3178,36.0555,32.45,6.7082,9.21954,18.0278,14.7648,9.48683,17.0294,15.6205,9.84886,21.095,22.8254
116.25,115.109,119.854,118.714,120.433,119.817,121.495,122.037,120.95,125.642,124.02,125.399,132.378,128.156,132.004,130,135.956,138.654,136.565,139.014,49.0306,19.0263,32.8938,42.107,33.8378,37.1214,20.3961,54.0093,51.4782,28.3019,55.1725,62.6498,73.1642,52.8015,77.3692,68.3081,68.1836,75.3127,47.0425,27.2029,41.9762,44.3847,47.5079,40.7185,26.6833,46.6476,39.6611,45.2217,47.0106,22.4722,31.3847,43.1393,47.927,39.3192,38.9102,52.345,32.573,62.2415,37.5366,62.9365,30.3645,33.3766,25.807,33.0151,5.38516,37.9473,27.4591,16.1245,36.2353,49.679,50.9215,16.1245,22.1359,13.4164,20.6155,37.3631,42.5441,29.4109,31.3209,18.6011,37.0135,28.6007,33.0151,15.2643,21.0238,0,21.0238,27.2947,17.0294,19.9249,25,28.4429,38.3275,34.9285,20.5913,14.4222,33.6155,18.7883,40.8044,42.72
134.462,133.462,138.062,137.058,138.571,138.311,139.789,140.545,139.589,144.139,142.706,145.248,151.796,148.061,151.714,149.94,155.467,158.231,156.371,156.707,69.8713,40,52.9528,63.0317,52.9245,56.3205,41.3038,75,72.4431,47.1275,72.4017,83.6002,94.0479,72.7324,96.933,88.7694,89.202,96.1769,68.0661,43.566,62.8013,54.4059,66.8506,60.7289,47.5184,60.8769,58.6941,56.2228,67.0522,42.9535,46.4004,60.5392,60.208,47.7074,52.345,69.0652,44.5533,74.027,54.3783,72.9452,50.9902,37.5766,42.19,40.4969,23.7697,49.5782,48.3735,32.6497,54.5619,40.5216,32.45,28.6007,8,29.9666,37.1618,18.6011,38,12.2066,33.2415,13.4164,25.2982,18.1108,20.8806,31.3847,29.7321,21.0238,0,24.3516,17.2047,40.6079,36.2353,31.3847,40.3113,43.9318,35.3553,33.7343,45.3431,20.6155,50.3289,51.8556
141.227,139.946,144.81,143.534,145.454,144.461,146.349,146.649,145.417,150.243,148.405,147.851,155.618,150.456,154.693,152.201,159,161.555,159.013,164.347,69.8355,39.4081,45.8803,58.8727,59.4138,46.5296,43.2782,70.8378,71.1126,38.0789,81.5659,81.939,92.7038,76.4003,101.02,90.05,86.0349,94.9368,65.3911,54.3783,63.2851,71.1688,72.2496,64.6607,49.2037,73.9256,65.0538,72.2357,70.6045,46.6905,58.6686,69.6563,75.1532,65.521,66.1891,79.0253,59.6154,89.4707,64.405,89.8888,53.4135,57.5587,53,58.6941,32.6497,65,49.4065,43.4166,62.3699,64.846,53.9073,42.72,32.0156,40.7063,27.2029,41.0488,61.5224,36.2491,54.1479,35.0571,49.6488,42.2019,45.2217,23.7065,14.3178,27.2947,24.3516,0,37.054,43.8634,20,8.94427,16.1245,23.2594,23.7697,29.6816,26.9258,8.60233,29.1548,30.2324
118.962,118.068,122.544,121.643,123.004,123.004,124.326,125.24,124.391,128.81,127.534,131.32,137.295,134.201,137.568,136.125,141.06,143.892,142.338,140.801,59.0762,33.1059,48.3735,55.3624,39.4588,53.2541,32.28,66.4906,62.2896,44.8219,56.7979,73.1095,83,59.6825,82.9699,76.4199,79.404,85.0059,59.0339,28.4605,52.1536,37.2022,53.1507,48.1664,37.6563,44.2041,44.911,39.0512,54.3323,32.3883,30.4138,45.31,43.1393,30.5287,35.609,53.2353,27.6586,56.8507,39,55.7584,40.1995,20.8806,27.2029,23.3238,15.2643,32.5269,38.833,19.0263,40.2616,32.6497,37.2156,13.3417,11.6619,17.0294,37.6431,25.1794,26,17.4642,17.1172,4.47214,20.5913,12.6491,17.088,32.2025,36.0555,17.0294,17.2047,37.054,0,30.8058,41.1461,41.4367,51.3517,50.6952,37.4433,31.1448,50.1199,30.1496,56.8595,58.6941
97.4526,96.2133,101.045,99.8098,101.671,100.802,102.616,103.005,101.833,106.607,104.862,105.603,112.77,108.337,112.259,110.168,116.297,118.962,116.778,120.507,29.2746,7,20.8087,24.6982,15.8114,26.9258,2.23607,35.6931,32.0156,21.587,38.2753,43.1045,53.4603,33.121,57.8014,48.3839,49.0102,55.5788,28.2843,16.2788,22.2036,37.855,28.4253,21.095,7,34.3657,21.2603,37.3363,27.2947,2.82843,21.2132,26.8328,38,35.8469,29.0689,36.2353,26.5707,51.3517,22.8035,54,10.4403,36.1248,15.5242,32.45,17.0294,30.8058,8.06226,13.6015,19.2354,60.208,67.897,19.7231,40.0125,14.3178,22.8035,55.1453,50.6063,47.0956,36.8782,34.3657,50.9215,43.4166,47.8017,21.9545,32.45,19.9249,40.6079,43.8634,30.8058,0,32.311,41.6173,50.1199,41.4849,25.632,15.6525,37.4833,35.4683,45.5412,47.5184
126.59,125.16,130.115,128.693,130.832,129.418,131.522,131.552,130.177,135.104,133.056,130.92,139.201,133.405,137.877,135.074,142.411,144.845,142.004,149.967,53.2635,25.9422,27.2947,40.8167,47.8539,26.9258,30.8707,52.3259,53.8238,19.2354,70.2353,64.1405,74.793,61.6198,85.5862,73.4098,67.5426,77.026,47.7074,46.8722,47.3814,67.1193,58.8218,50.8035,35.5106,66.2193,52.8394,67.3647,56.0803,34.9285,51.788,59.0931,69.0507,63.0317,59.8415,68.4471,55.0818,82.9759,55.0273,84.8528,39.6611,58.2495,45.7056,57.3149,29.4279,60.208,35.2278,38.0132,51.4782,73.2462,68.6003,40.3113,41.7732,36.0139,10,54.8179,67.1193,48.1041,56.3205,41.3401,59.203,50.8035,54.8179,11.0454,6.7082,25,36.2353,20,41.1461,32.311,0,12.6491,18.4391,10.0499,6.7082,16.7631,9.21954,16.5529,15.8114,17.72
137.931,136.561,141.485,140.121,142.172,140.929,142.948,143.087,141.767,146.659,144.693,143.122,151.238,145.647,150.047,147.34,154.509,156.984,154.237,161.227,65.215,36.1248,39.8121,53.2353,57.4282,39.5601,40.6079,64.8845,66.0379,31.7805,79.8812,76.5376,87.2353,72.8629,97.1854,85.4459,80.1124,89.4707,60.0333,54.231,59.0339,72.7805,69.4262,61.5549,46.0109,73.9256,62.8013,73.4983,67.1789,44.4072,58.8727,68.2642,75.8947,67.7422,66.7308,77.6981,60.8769,90.1388,63.5295,91.214,50.2494,61,52.9245,61.2944,33.7343,66.2193,45.9674,43.9659,60.7454,71.3092,62.2415,44.5533,38.4838,41.4849,21.6333,49.0408,66.9403,43.566,58.1378,40.2616,56.3649,48.4665,51.8941,19.8494,9.21954,28.4429,31.3847,8.94427,41.4367,41.6173,12.6491,0,10,14.3178,18.0278,26.2488,18.2483,11.4018,20.2485,21.4009
145,143.558,148.519,147.085,149.241,147.787,149.913,149.913,148.519,153.457,151.38,148.809,157.267,151.238,155.801,152.869,160.415,162.8,159.841,168.386,71.5052,44.1022,45,58.6003,65.8635,43.4166,48.8774,69.6419,71.8401,37.0135,88.3233,81.8413,92.358,80.0562,103.947,91.5478,84.7231,94.578,65.6049,63.5689,65.7647,82.5651,77.201,69.2026,53.8238,83.2166,71.0211,83.1986,74.5185,52.8394,68.3081,76.9415,85.44,77.6466,76.243,86.3539,70.6116,99.6243,72.4983,100.896,58.0086,71,62.2977,71.2531,43.566,75.9276,53.6004,53.6004,69.3542,80.6536,69.814,54.4518,47.7598,51.1957,28.4253,57.1402,76.6877,52.3259,68.1175,50.01,65.5515,57.8705,61.0983,28.178,18.0278,38.3275,40.3113,16.1245,51.3517,50.1199,18.4391,10,0,13.6015,25,34.4819,19.3132,21.2132,17.0294,17.2627
133.304,131.795,136.781,135.281,137.535,135.882,138.105,137.975,136.517,141.485,139.316,136.033,144.693,138.405,143.056,140,147.757,150.083,147.003,156.732,59.4643,34.7851,32.5269,46.0109,56.648,30.2324,39.8497,56.6127,59.4138,24.8395,78.7909,69.029,79.404,68.8186,92.0978,79.2086,71.5612,81.6088,53.0754,56.5685,54.2033,77.0584,66.7308,58.6686,43.8634,75.71,61.327,77.2334,63.5138,43.9659,61.5224,68.0074,78.7718,73.0616,69.5845,77.2528,65.0308,92.5743,64.2884,94.6414,47.8539,68.2495,55.4437,67.3647,39.4588,70.1142,43.382,48,60.407,82.365,75.743,50.3587,50.2195,46.0435,18.6815,62.2254,76.6942,56.0803,66.2193,50.5371,67.9559,59.6825,63.5138,21,14.7648,34.9285,43.9318,23.2594,50.6952,41.4849,10.0499,14.3178,13.6015,0,16.1245,26.3059,5.83095,23.3452,6.40312,8.06226
120.208,118.802,123.746,122.348,124.451,123.11,125.176,125.256,123.907,128.818,126.811,125.096,133.222,127.624,132.019,129.321,136.484,138.957,136.213,143.558,47.2017,19.2354,22.1359,35.3412,41.1461,23.0217,24.1661,47.1699,48.0208,14.3178,63.5295,58.5918,69.3181,55.1725,79.3095,67.424,62.3939,71.5542,42.0595,40.4475,41.1096,61.0082,52.2015,44.2041,28.8444,59.6657,46.1411,61.131,49.5782,28.2312,45.3982,52.3927,62.6498,57.2189,53.4603,61.7414,49,76.4853,48.3839,78.5175,33.0151,53.1601,39.3192,51.788,24.3516,54.037,28.6007,32.0624,44.7772,70,67.7422,34.9285,39.8246,30.2655,3.60555,53.8516,63.1348,46.6154,51.6236,38.2884,56.5862,48.1041,52.3259,5.38516,9.48683,20.5913,35.3553,23.7697,37.4433,25.632,6.7082,18.0278,25,16.1245,0,10.198,13.3417,18.0278,21.095,23.0868
111.866,110.535,115.434,114.11,116.103,114.978,116.932,117.154,115.884,120.739,118.849,118.207,125.936,120.83,125.032,122.589,129.321,131.883,129.375,135.104,40.2492,9.89949,19.2354,30.4138,31.3847,22.8473,14.4222,42.5793,41.7852,13.8924,53.8516,52.811,63.5689,46.8615,71.4003,60.4152,57.4891,65.7875,36.4005,30.2655,33.6155,51.0098,43.1856,35.3553,19.799,49.4773,36.6197,51.0392,41.1096,18.3576,35.2278,42.4853,52.469,47.5184,43.2897,51.8845,39.0512,66.2873,38.2753,68.3593,24.0416,44.3847,29.1548,42.45,16.4012,44,19.8494,22.3607,34.8855,63.6553,65,26,36.2491,20.8806,8.06226,51.264,55.8032,43.4626,43.4166,33.0151,51.4004,43.0116,47.4342,6.40312,17.0294,14.4222,33.7343,29.6816,31.1448,15.6525,16.7631,26.2488,34.4819,26.3059,10.198,0,23.0217,21.9317,31,33
127.781,126.254,131.244,129.727,132.008,130.3,132.548,132.382,130.908,135.882,133.69,130.25,138.946,132.612,137.277,134.201,141.993,144.309,141.209,151.212,53.9073,30.5941,26.9072,40.3113,52.2015,24.4131,35.6931,50.8035,53.7401,19.4165,74.0945,63.2535,73.6003,63.5138,86.5563,73.5391,65.7343,75.8024,47.3814,53.0848,48.8262,74.027,61.7171,53.6656,39.2173,71.8471,56.648,74.0068,58.3095,39.8121,58.0775,63.6003,75.2396,70.4557,66.1211,72.7324,62.0725,88.8144,60.208,91.1976,43.0813,66.4831,52.0384,65.1153,37.6431,67.0075,38.6264,45.2769,56.0446,82.3772,77.6209,48.2701,50.9902,43.566,15,63.8905,76.0263,57.28,64.846,50.4777,68.4105,60,64.0312,18.6815,15.6205,33.6155,45.3431,26.9258,50.1199,37.4833,9.21954,18.2483,19.3132,5.83095,13.3417,23.0217,0,25.2389,8.06226,10.0499
132.91,131.655,136.499,135.248,137.131,136.209,138.058,138.405,137.201,142.004,140.207,140.064,147.665,142.706,146.86,144.475,151.093,153.681,151.238,155.974,62.1691,31.3847,39.4588,51.923,50.9117,41,35,64.0312,63.6946,32.0624,73,74.6726,85.44,68.2422,92.9139,82.2982,79.1202,87.6641,58.1893,45.793,55.4707,62.9365,63.8905,56.4004,41.0488,65.3682,56.5862,63.9062,62.426,38.2884,50.1199,61.0737,66.7083,57.4891,57.6975,70.4344,51.264,81.0247,55.8032,81.5966,45.2217,50.0899,44.4185,50.8035,24.1661,56.648,41.3401,34.8855,53.8145,60.0083,52.4976,34.4819,27.2947,32.2025,21.0238,38.8973,55.5428,32.8024,47.0106,28.8617,45.1774,37.1618,40.7063,16.4924,9.84886,18.7883,20.6155,8.60233,30.1496,35.4683,16.5529,11.4018,21.2132,23.3452,18.0278,21.9317,25.2389,0,29.7321,31.241
134.629,133.06,138.058,136.499,138.842,137,139.313,139.054,137.535,142.524,140.264,136.125,145.041,138.409,143.178,139.946,147.99,150.233,146.986,158.051,60.803,38.6394,33.8378,46.8615,60.1664,30.4138,43.7379,56.6392,60.3075,26.8328,81.9329,69.3109,79.3977,70.8308,93.4077,80.0562,71.218,81.5659,53.9073,61.131,56.0803,82.0061,69.3542,61.327,47.1275,79.9062,64.5136,82.0244,65.7647,47.8539,66.1211,71.5681,83.2947,78.3135,74.1687,80.6536,70.0286,96.8762,68.2495,99.2472,50.9215,73.9797,60.075,72.8354,45.1221,75,46.4866,53.1507,64.0312,88.6848,82.0731,55.9017,56.6127,51.3517,23.0217,68.593,82.8553,62.482,72.1249,56.8243,74.3303,66.0379,69.8928,26.3059,21.095,40.8044,50.3289,29.1548,56.8595,45.5412,15.8114,20.2485,17.0294,6.40312,21.095,31,8.06226,29.7321,0,2
136.209,134.629,139.628,138.058,140.417,138.539,140.869,140.584,139.054,144.045,141.767,137.441,146.414,139.703,144.499,141.227,149.335,151.559,148.273,159.625,62.426,40.6079,35.5106,48.4149,62.0967,31.8904,45.7056,58,61.8466,28.6356,83.8153,70.7107,80.7217,72.5603,95,81.5659,72.4707,82.8794,55.4437,63.1269,57.8014,84.006,71.1758,63.1585,49.0408,81.8841,66.4078,84.0238,67.5352,49.8197,68.1175,73.4983,85.2877,80.3057,76.1643,82.5651,72.0278,98.8585,70.214,101.242,52.811,75.9276,62.0725,74.8131,47.0744,77,48.3839,55.1453,65.9697,90.4268,83.4506,57.8705,58.2495,53.3385,25.02,70.0357,84.6936,64.0312,74.0405,58.5918,76.0066,67.7422,71.5612,28.2843,22.8254,42.72,51.8556,30.2324,58.6941,47.5184,17.72,21.4009,17.2627,8.06226,23.0868,33,10.0499,31.241,2,0
