108.977,137.637,103.228,124.423,140.716,133.795,123.556,135.724,91.4385,109.481,114.547,114.285,134.317,155.438,150.336,151.347,147.99,130.177,121.495,94.8472,129.541,138.062,137.753,106.471,119.921,121.248,119.67,118.068,100.846,101.912,16.1555,28.6356,5.38516,34.5254,14.0357,43,31.4006,61.5224,47.8017,25.2389,29.4109,57.2189,56.356,42.638,26.2488,32.45,30.4138,15.5242,44.7214,28.178,33.7343,16.4924,12.0416,37.6962,35.805,25.0799,28.8617,30.0666,21.4009,27.7308,42.9535,5.65685,19.105,21.9317,53.0377,17,38.4708,28.0179,12.083,6.08276,41.3401,29.4109,14.1421,30.4631,35.7771,20.2237,21.095,29.5296,7.2111,13.0384,24.0832,22.4722,31.5753,42.7551,30.0832,48.2701,31.3209,22.0227,30.0167,25.9422,29.1548,32.6497,24.0416,26.6271,38.833,46.3249,35.4683,31.5753,23.7697,35.9026
70.6612,94.1116,60.803,78.2432,102.577,94.0319,89.5377,101.39,53.3104,76.922,85.5102,70.9366,92.8009,113.851,106.075,112.058,111.364,93.4719,91.444,61.131,84.8646,92.3147,90.4268,60.3075,72.4017,77.9872,80.2621,76.844,55.8659,67.3573,37.1214,74.0068,53.7587,61.5549,55.0091,57.6888,32.2025,33.3766,52.5547,36.7967,20.0998,18.3576,15.1327,30.4138,57.7235,34,56.3028,33.7343,73.9256,70.8308,70.4344,32.7567,37.3631,57.2014,48.2597,26.4197,26.9072,20.1246,35.5106,23.0217,49.8197,46.4866,62.0322,68.0294,98.4886,61.7414,32.2025,62.6259,43,43.1741,83.7616,36.8782,35.171,30.4795,31.3847,59.6825,37.2022,72.2011,44.5982,59.2368,61.0328,29.0172,17.72,50.6063,40.7185,31.0644,26.9072,70.7107,20.5913,61.1882,40.3113,19.4165,31.5753,34.7851,19.4165,16.6433,24.1868,17.72,40.5216,13.3417
146.219,172.627,138.593,157.267,178.362,170.742,162.29,174.496,128.425,148.385,154.185,149.241,170.449,191.659,184.859,188.621,186.207,168.22,161.037,133.222,163.686,171.327,169.257,139.313,151.238,156.311,156.63,154.208,134.618,140.207,43.1856,51.4198,41,20.3961,27.2947,82.201,71.1196,99.8649,43,42.4382,63.0317,78.2943,90.5097,81.9878,63.2851,72.45,68.593,51.0392,78.2304,13.0384,8.60233,51.614,46.8722,28.1603,36.1386,53.0754,52.2015,59.4643,61.2699,63.4114,83.2406,38.4708,51,47.3814,24.0208,23.7697,52,16.4012,52.5547,43.8292,8.544,43.4166,48.8262,49.3964,50.9902,21.095,41.8688,12,39.4462,27.8927,18.4391,59.9083,62.9365,82.9699,70.5762,87.4643,52.6972,39.8121,58.7963,61.0328,69.6419,68.2495,63.1348,66.6408,75.6042,82.3286,73.4983,62.9365,64.2573,67.2086
93.8136,119.553,85.5862,104.403,126.016,118.068,111.018,123.167,76.0263,97.4936,104.547,96.1769,117.516,138.708,131.795,136.033,134.239,116.211,111.086,81.8841,110.635,118.406,116.812,86.4002,98.7927,103.247,104.019,101.316,81.5659,88.6848,10.7703,52.8867,30.2655,37.2156,28.6356,51.4782,27.6586,49.3964,36.2215,12.6491,11.4018,32.1403,37.5366,35.0571,42.638,29.8329,43.8634,11.6619,61.5549,44.4185,44.5533,10.8167,13.3417,34.7851,27.2947,0,5.83095,6.40312,22.4722,14,46.8188,21.095,41.7852,46.3249,72.0694,35.4683,18.3576,36.7696,23.8537,19.2354,57.4282,15.0333,11.7047,10.4403,15.6525,33.2866,11.4018,45.793,19.105,33.2415,34.8281,15.2315,10,47.1699,33.1059,39.4588,8.60233,47.0956,5.83095,44.6542,32.2025,17.4642,20.6155,26,25,30.4138,25.0799,10,28.8444,14.1421
88.5268,117.597,83.2166,105.119,120.208,113.358,103.078,115.256,71.0634,89.0225,94.3398,94.3398,114.018,135.093,130.384,130.863,127.475,109.659,101.242,74.3303,109.772,118.533,118.849,87.3212,101.242,101.242,99.2472,97.8008,81.3941,81.3941,21.0238,40.1123,23.0217,49.6488,32.6497,31.305,11.1803,41.0122,55.0818,29.8329,15.2315,47.4236,37.6431,22.2036,24.1661,12.6491,24.2074,11.0454,42.2019,48.2597,52.3927,11.1803,14.1421,50,44.5533,20.2485,26.0768,20.6155,2.23607,11.4018,27.4591,21.4709,28.0713,34.5254,73.5391,37.2022,38.5876,45.5412,9.84886,16.1245,61.6117,33.5261,13,30.4138,35.8469,38.9102,26.3059,49.6488,20.6155,33.4215,42.1545,5.83095,19.2354,27.6586,13.3417,27.8029,28.8444,38.6264,21.2603,27.2029,12.3693,15,3.60555,7.07107,19.3132,26.9258,15.2643,19.2354,8.60233,22.1359
81.5414,112.254,78.3901,101.833,112.294,106.254,94.0479,106.075,64.8845,79.9062,84.0238,89.5545,107.703,128.413,125.22,123.227,118.87,101.415,91.0494,66.2193,105.309,114.586,116.211,84.6463,99.2472,96.1769,92.358,91.7878,78.1601,73.2462,35.1283,41.6293,31.9061,63.2851,44.9222,18.4391,8.06226,34.4384,69.1231,43.9318,25.6125,56.4004,38.1182,15.5242,20.3961,6.32456,17.0294,25.1794,33.8378,59.5063,64.846,25.318,28,64.0312,58.6941,33.6155,39.3954,32.45,12.0416,21.4009,13.3417,33.9559,30.5287,37.7359,82.801,48.3322,51.8941,58.4637,19.3132,28.6356,72.4707,47.5395,27.074,44.0114,49.2443,51.2445,40.4475,60.8358,33.541,44.2832,54.8179,18.3848,29.8329,13.6015,1.41421,20.6155,42.0476,44.0454,33.2866,24.7386,2.23607,22.0227,13,7.61577,21.1896,27.2947,16.1555,29.8329,7.61577,31.1448
82.365,113.719,80.3243,104.293,112.414,106.85,93.6056,105.475,66.3099,79.511,82.807,91.4166,108.706,129.139,126.716,123.458,118.562,101.4,89.8721,66.5733,107.224,116.692,118.878,87.4757,102.259,97.8621,93.1504,93.0376,80.8084,73.4983,40.6079,40.4969,34.5398,68.0294,48.8365,12.0416,14.2127,36.4005,75,49.7293,32.0156,62.6259,42.7551,19.0263,18.3576,12.2066,13.6015,30.8058,28.6356,62.6259,68.6586,31.0483,33.2415,69.2604,64.3273,39.8121,45.618,38.833,17.72,27.8029,8.06226,38.2099,30.4138,37.5366,84.5991,51.5461,58.1378,62.6498,23.1948,33.0606,75.2396,53.4509,32.5576,50.1597,55.4617,55.109,46.0977,63.9062,38.0526,47.4342,58.8558,24.5967,36.2353,8,6.7082,23.1948,48.3011,44.5982,39.6611,22.8254,7.61577,28.3196,19.2354,13.8924,26.8328,32.28,21.9545,36.2353,12.0416,37.4833
99.3579,128.701,94.3398,116.297,130.863,124.197,113.358,125.495,82.0061,99.2472,104.043,105.475,125,146.031,141.51,141.598,137.931,120.208,111.018,84.8528,120.934,129.711,130,98.4886,112.361,112.361,110.114,108.812,92.5743,91.9239,19.4165,30.0666,12.0416,44.0454,24.5153,33.2415,21.2132,51.7397,54.1202,29.4109,24.0208,55.0818,48.7032,32.5269,19.2094,22.0227,21.9317,12.53,38.4187,38.9102,44.3847,13.4164,12.0416,46.0977,42.5441,24.1868,29.4109,27.2029,11.4018,21.095,32.3883,14,18.2483,24.0208,63.0317,27.7308,41.0366,38.3275,1.41421,9.21954,51.9711,33.6006,12.8062,32.5576,38.2099,30.8058,25.2389,40.2492,14.1421,23.7065,34.5254,15.1327,27.2947,32.249,19.3132,38.1838,32.2025,27.5136,27.5136,20.6155,18.3848,25.4951,14.7648,16.2788,30.4631,38.0789,26.4197,27.2947,13,31.0644
147.139,175.414,141.032,161.447,178.899,171.945,161.617,173.761,129.557,147.513,152.201,152.003,172.351,193.507,188.003,189.526,186.132,168.345,159.201,133.004,167.048,175.285,174.27,143.422,156.285,159.013,157.813,156.083,138.13,140.071,46.9574,39.0128,36.4005,33.7343,29.0689,75.0267,69.4262,99.7046,57.0701,49.7293,65.7343,86.8332,93.4773,80.7217,55.3624,70.2922,61.0983,52.2015,67.3647,14.1421,20.8806,53.0094,48.0104,41.7732,48.0416,57.6975,58.5235,63.9531,59.4643,65,77.8267,38.6005,42.0595,36.6742,14.8661,22.4722,61.6604,26.0192,49.679,43.2782,9.43398,51.9711,50.2195,57.0088,60.0167,25,47.7598,13.0384,40.2244,25.6125,25.1794,60.3075,66.7308,77.3692,66.8506,86.3713,59.7746,28.4429,63.5059,52.2015,66.0303,70,62.2254,64.5368,76.6942,84.0238,73.5935,66.7308,60.803,71.1969
109.659,137.277,102.942,123.175,141.676,134.358,125.208,137.412,91.9348,111.252,116.97,113.851,134.469,155.666,149.807,152.109,149.305,131.366,123.822,96.2133,128.81,137.011,136.077,105.152,118.119,120.88,120.216,118.191,99.8649,103.233,10,35.8469,12.8062,28.0179,10,49.2544,34.0147,62.8013,40,17.8885,27.4591,52.0096,55.2178,44.7772,33.6155,35.4683,37.3631,14.1421,52.3546,26.1725,29.5466,14.8661,9.89949,30.3645,28.0179,20.3961,23.0217,26.2488,24.3516,26.9072,48.1664,2.23607,26.8701,29.1548,53.0094,15.8114,31.3847,22.8035,17,7.07107,39.6232,21.9545,12.0416,23.7697,28.7924,16.1245,13.9284,27.5862,2.23607,13,19.3132,22.8035,28.6356,48.0937,34.5254,50.2494,25.1794,27.8927,25.9615,33.6155,33.541,31.8904,25.9422,29.7321,38.8973,46.0109,36.4005,28.6356,28.2843,33.1059
124.908,156.109,122.385,145.784,154.768,149.375,135.602,147.272,108.688,121.606,123.988,133.54,151.238,171.677,169.095,165.855,160.602,143.694,131.046,109.078,149.308,158.597,160.056,128.445,142.874,140.118,135.695,135.506,122.066,115.966,47.927,3.16228,26.4008,58.6003,38.8973,41.7253,49.4773,78.3901,77.2334,56.8243,57.1402,87.8635,80.0625,59.4643,24.1868,49.0408,29.4109,44.911,28.4605,41.2311,50.9902,45.8912,42.72,64.4438,65.2993,56.0446,60.407,60.0167,42.19,54.0093,47.8017,37.1214,15,9.84886,50.8035,35,70.214,49.6488,34.0588,37,48.5077,60.9016,44.3847,62.2415,67.5426,42.0119,52.7731,41.7852,38.9102,32.5576,45.8039,48.0104,60.407,47.0106,42.72,64.622,62.9682,13.8924,60.208,19.7231,42.3792,58.0345,46.1736,44.911,61.6604,69.0507,56.8859,60.407,39.0512,64.195
105.759,132.548,98.3514,117.89,137.906,130.3,122.037,134.239,87.9659,108.227,114.49,109.124,130.108,151.321,144.941,148.165,145.801,127.801,121.235,92.9139,123.847,131.826,130.511,99.8649,112.508,116.181,116.181,113.846,94.8103,99.8649,3.16228,42.4853,19.2354,27.6586,14.7648,51.4198,32.7567,59.6825,35.3553,11.4018,22.6274,45.0444,50.3289,42.72,37.7359,34.5254,40.7185,11.4018,56.8595,30.8058,32.2025,11.7047,8,28.0713,23.7697,13.9284,16,20.1246,24.0208,23.0217,49.0918,8.544,32.8024,35.7771,58.3095,21.5407,24.5967,24.6982,19.3132,10,44.0454,15.6205,9.21954,16.7631,21.9317,19.8494,7.2111,32.2025,6.7082,19.4165,22.0227,20.2485,23.0217,49.163,35.0143,47.927,18.1108,34.9285,19.6977,38.4187,34.0147,27.8029,24.5153,29.1548,35.2278,41.8688,33.541,23.0217,29.1548,27.4591
100.419,128.81,94.4034,115.486,132.276,125.208,115.421,127.613,82.807,101.4,106.85,105.437,125.607,146.755,141.481,142.836,139.703,121.828,113.741,86.5563,120.652,129.139,128.81,97.5295,110.982,112.414,111.072,109.343,91.9239,93.6056,12.2066,34.9285,13.1529,38.0526,20.1246,39.8121,23.7065,53.1507,46.9574,22.2036,20.6155,49.8197,47.4131,34.6699,26.4008,25.0799,29.0689,7,45.607,35.805,39.9249,8,5,39.4588,35.4683,18.0278,22.8254,22.0907,13.9284,18.7883,38.0132,8.94427,23.7697,28.4429,61.6198,24.8395,34.0588,33.2415,7.61577,3.60555,49.2037,26.4008,6.32456,25.6125,31.241,26.4008,18.0278,37.2022,8.24621,21.2132,29.7321,13.6015,23.0868,38,24.1868,40.2244,25.5539,30.1496,22.2036,27.5862,23.1948,23.7065,15.8114,19.3132,30,37.4433,26.8701,23.0868,18.0278,27.2947
80.4984,103.479,70.4557,87.1149,112.379,103.774,99.368,111.234,63.1585,86.6833,95.1262,80.4301,102.416,123.406,115.278,121.795,121.198,103.315,101.139,70.8802,94.0691,101.237,98.813,69.3109,80.8022,87.4586,90.05,86.5332,65.192,77.1622,30.0832,70.7107,49,52.345,47.7598,60.1415,33.9706,42.0119,42.72,28.0179,17.4642,14.7648,24.7386,35.3553,56.8595,36.0694,56.4358,29.0689,74.4312,63.0714,61.8547,28.0713,32.0156,47.634,38.6005,19.4165,18.3576,14,34.4384,21.4709,53.1507,40.4475,59.0339,64.3817,90.802,54.7083,22.3607,54.0833,40.025,38.0132,75.6637,27.5862,30,21.2603,21.6333,51.8941,29.0689,64.405,38.4708,52.6308,52.8394,26.9258,13.6015,53.8145,42.0119,37.3363,17.8045,66.0076,14.0357,59.808,41.4005,19.8494,30.8869,35.2278,23.3238,23.5372,27.0185,13.6015,40.3113,10.8167
60.1664,82.2192,49.3964,66.0681,91.6788,82.8553,79.8123,91.3947,43.4166,67.897,77.2334,59.203,81.2712,102.201,94.0479,100.846,100.722,83.006,82.7345,52.345,72.8354,80.1561,78.2304,48.1664,60.208,66.2193,69.3181,65.5134,43.9318,58.0517,49.2443,84.214,65,73.5391,67.1193,63.1585,39.6232,30.0167,63.0635,48.9183,31.3209,23.0217,11.3137,34.4384,66.3702,41,64.1327,45.2217,81.0432,83.006,82.6196,44.2719,49.0408,68.884,59.8164,38.5876,39.0512,32.249,45.0111,33.541,54.5619,58.3095,72.1734,78.5175,110.639,73.7902,43.2666,74.8131,53.4603,54.7083,95.9635,48.7955,46.8188,42.4264,42.8019,71.8679,49.4065,84.3801,56.4624,71.1758,73.2393,39.4588,29.5466,55.4617,48.0521,33.0151,38.8973,81.7863,32.7567,70.1783,47.8539,29.1548,41.0122,43.1856,26.3059,20.2485,31.4006,29.5466,49.163,25.0799
63.2535,93.1504,59.0339,82.2192,94.7629,88.0909,77.6209,89.8109,46.0435,63.6003,69.3542,70.214,89.0505,110,106.066,105.475,101.98,84.1724,76.1577,48.8365,85.9069,95.0789,96.566,65,79.6241,76.9415,74.027,72.9452,58.5235,55.9017,43.0813,61.0983,48.1664,72.45,57.6888,32.28,15,15.6205,72.0278,49.0306,25.1794,46.8722,20.6155,4.12311,40.025,14.7648,36.2215,34,51.3517,73.6003,77.026,33.541,38.0789,71.0634,63.7887,36.4966,41.1096,32.0156,24.7588,22.8035,23.4094,46.6154,49.6588,56.7979,99.0051,62.6259,52.0865,69.7711,34.7131,41.4005,87.0057,51.4782,36.2353,46.0977,50.01,63.8122,46.8402,75,45.4863,58.8982,66.7308,25.0599,28,24.3516,20.8806,3,43.0116,62.434,33.0151,44.3847,21.1896,19.105,22.0227,20,12.0416,12.0416,11.7047,28,25.0599,26.3059
90.2109,120.441,86.3134,109.202,121.264,115,103.247,115.313,73.2462,89.1067,93.4077,97.4936,116.211,137.058,133.36,132.136,128.004,110.454,100.424,75.1665,113.159,122.25,123.329,91.7061,106.042,104.235,101.02,100.17,85.44,82.2192,28.1603,34.2053,22.4722,55.0091,35.9026,23.0868,12.6491,42.72,62.9682,37.6962,24.1868,56.356,43.2897,23.3238,15.5242,12.53,15,18.7883,33.0151,50.1597,55.7853,19.2354,20.6155,56.4358,51.923,29.2062,35,29.8329,7.2111,20.1246,21.095,25.1794,22.4722,29.5466,73.4098,39,47.4342,49.6488,10.198,20.025,63.0635,41.6293,20.2485,39.1152,44.6542,42.2019,33.8378,51.4782,25.02,34.9285,45.8912,15,28.3019,21.0238,8.06226,28.8444,37.8021,35.2278,30.4795,19.105,7.2111,22.8035,10.7703,8.06226,25.02,32.249,20.0998,28.3019,2.23607,30.8707
96.2081,124.852,90.4434,111.826,128.004,121.017,111.041,123.227,78.6448,97.0052,102.396,101.514,121.511,142.636,137.568,138.6,135.37,117.516,109.293,82.2192,116.812,125.399,125.3,93.9149,107.541,108.467,106.888,105.262,88.193,89.2749,14.8661,36.2215,16.1555,42.19,24.5967,36.4005,19.2354,48.8365,49.7695,24.5967,18.0278,48.7647,43.8634,30.2324,24.7588,20.6155,26.6271,6.40312,43.8634,40.2244,44.3847,7.2111,7.28011,43.1856,38.6005,18.0278,23.4307,20.8806,9.48683,15.5242,34.0147,13.4164,24.5153,30.0167,65.7951,29.2062,35.3836,37.6431,5.83095,8.06226,53.6004,28.6531,7.2111,26.9072,32.5576,30.8707,20.6155,41.6173,12.6491,25.4951,34.176,9.84886,21.095,34.0588,20.025,35.805,26.2488,32.7567,21.1896,26.6271,19.0263,20.2485,11.4018,14.8661,26.0768,33.6155,22.6716,21.095,14.0357,25
109.481,138.975,104.623,126.574,140.858,134.317,123.11,135.207,92.2009,108.977,113.406,115.763,135.207,156.208,151.793,151.644,147.787,130.138,120.42,94.7945,131.229,140.004,140.236,108.747,122.56,122.642,120.254,119.038,102.859,101.863,22.8254,22.1359,3,40.5216,19.4165,38.3275,31.241,61.8466,54.8179,32.2025,33.2415,62.8013,58.8727,42.5206,20.2237,31.8277,25,20.025,38.0789,31.0483,38.0526,21.0238,17.4642,44.2832,42.8019,30.8058,35.1141,35.1283,21.6333,30.8058,39.5601,12.7279,12.0416,15.5242,53.4135,20.2237,45.2769,33.2415,11.6619,11.7047,43.4626,36.4005,19.2354,37.1214,42.5441,25.0799,28.0179,32.28,14.2127,16.1245,29.1548,25,36.0139,39.2173,28.0179,48.1664,37.6962,17.4642,35.2278,19.3132,27.2029,35.4401,25.0599,26.2488,40.7185,48.3322,36.7151,36.0139,22.0227,40.1123
123.037,151.03,116.662,137.058,154.935,147.801,138.058,150.243,105.38,124.016,129.248,127.613,148.071,169.248,163.6,165.469,162.373,144.499,136.18,109.225,142.636,150.881,149.967,119.038,132.004,134.629,133.66,131.795,113.719,116.276,23.0868,31.4006,15.1327,24.6982,6.08276,56.4358,46.0435,75.8222,43.8292,28.0179,41.3401,64.4981,69.0652,57.2014,38.0132,47.1699,43.0465,27.8029,54.5711,13.4164,20,28.6007,23.6008,30.4138,32.249,33.8378,35.5106,39.9249,36.0555,40.6079,57.28,14.2127,26.9258,25.5539,39.2046,2.23607,41.3038,16.1555,26.8328,19.105,26.6271,31.257,25.807,35.0143,39.1152,8.06226,25.0799,14.7648,15.8114,2,12.083,36.0694,42.4853,57.0088,44.7772,62.8013,37.2156,20.5183,39.5601,36.3456,43.8634,45.607,38.4187,41.3401,52.4023,59.6657,49.5177,42.4853,38.4838,46.9574
79.3221,104.69,70.7672,89.627,111.503,103.407,97.0464,109.128,61.5873,83.7735,91.3947,81.3204,102.728,123.907,116.932,121.4,119.887,101.872,97.7394,68.0294,95.7758,103.6,102.215,71.6101,84.22,88.3912,89.4036,86.5563,66.7083,74.686,25.2389,62.1289,41.4367,51.614,43.0465,50.2096,24.0416,36.6742,46.5296,26.6271,8.06226,24.6982,22.8035,26.5707,47.1699,26.1725,46.5296,21.3776,64.4981,59.0762,59.4138,20.3961,25,48.3011,39.9249,14.8661,17,8.48528,24.6982,11.7047,43.4166,34.176,50.2494,56.0089,86.6083,49.6488,26.0768,51.6236,31.1448,30.8058,72.2011,27.7308,22.8035,21.5407,24.3311,48.0104,26.1725,60.4649,32.311,47.0106,49.679,17.4642,5.38516,44.0454,32.0156,29.4279,18.0278,58.4209,9.21954,50.2892,31.4006,9.89949,21.0238,25.2389,14.5602,17.2627,17.4929,5.38516,30.4138,1
106.93,128.6,96.3846,111.198,138.654,129.865,125.936,137.786,89.6939,113.225,121.511,105.948,128.16,148.946,139.946,147.851,147.597,129.769,127.613,97.4166,118.849,125.32,121.696,93.8616,103.947,112.894,116.297,112.508,90.4434,103.73,26.2488,70.3278,47.1699,31.0161,37.108,74.7061,50.5964,67.4759,16.1555,16.6433,32.7567,28.4253,51.2445,56.5685,64.4438,52.811,66.4003,33.6006,83.6301,48.0416,43.1741,33.0151,33.2415,24.1868,15.2315,23.2594,17.4642,25.4951,45.6508,36.4005,70.0071,36.3593,60.803,63.6318,74.3303,43.7379,5.09902,36.3456,45.3431,37.6431,58.2495,12.53,32.6497,13.0384,7.61577,38.1182,20.8087,49.0918,34.6699,43.6807,37.0135,38.4838,29.2746,70.3847,56.3649,60.1332,14.8661,61.8466,24.5153,65.7647,55.4617,38.4708,43.8634,49.2443,45.0999,48.1664,46.6905,29.2746,51.9711,31
105.991,128.226,95.7183,111.072,137.83,129.139,124.788,136.693,88.6397,111.946,120.071,105.437,127.581,148.449,139.703,147.146,146.687,128.81,126.242,96.1353,118.562,125.208,121.828,93.6056,104.005,112.414,115.486,111.83,90,102.528,23.4307,67.6018,44.4185,29.9666,34.7131,72.0069,48.0833,65.7647,17.4642,13.8924,30.4138,28.8444,49.98,54.3323,61.6198,50.2892,63.6003,30.8058,80.8084,46.1736,41.7612,30.2324,30.4138,23.6008,14.4222,20.6155,14.8661,23.1948,42.9418,33.9559,67.4166,33.6155,58.0086,60.9016,72.7805,41.4367,3.16228,34.7131,42.5206,34.8281,56.7539,9.84886,29.8329,10.2956,5.09902,36.0139,18.0278,47.2652,31.9061,41.2311,35.1283,35.8469,27.074,67.7791,53.7122,58.0345,12.3693,59.2368,22.2036,62.9365,52.8015,36.2215,41.2311,46.6154,43.0116,46.3897,44.4072,27.074,49.2443,29.0689
122.004,147.801,113.899,132.28,154.201,146.349,138.755,150.944,104.202,125.032,131.484,124.451,145.836,167.027,159.962,164.295,162.29,144.267,138.196,109.604,138.773,146.349,144.267,114.337,126.246,131.522,132.28,129.634,109.713,116.503,19.2354,47.4236,27.313,11,11.4018,66.2722,49.7293,76.5376,27.4591,17.4929,38.833,54.0833,65.8559,59.808,50,51.4198,54.1295,28.4605,68.1542,19.105,16.4012,28.7924,24.7386,14.4222,16.1555,28.3196,27.2029,34.6554,40.6079,39.8246,65.0692,19.105,41.1825,41.2311,46.1736,16.1245,28.4429,8.60233,34.0147,24,30.4631,18.9737,26.2488,24.5967,26.9258,9.48683,16.9706,20.2237,19,17.6918,8.06226,37.3363,38.2884,65.0308,51.2445,65,27.7849,36.8782,33.9411,49.3964,50.2494,44.4185,41.4849,45.8912,51.9711,58.2495,50.5668,38.2884,45.0999,42.45
116.387,134.826,104.547,116.211,147.258,138.004,136.308,147.801,99.925,124.338,133.36,113.159,135.518,155.708,145.344,155.756,156.605,139.14,139.086,108.674,124.68,130.096,125.1,99.8499,108.005,119.854,125,120.54,97.509,114.543,43.1393,86.267,63.4114,39.1152,51.4296,91.7878,67.2309,81.0247,16.0312,33.2415,49.0408,34.176,63.1981,72.2772,81.5659,69.4622,83.6002,50.8035,100.767,59.2284,52.1536,50.2195,50.3289,31.0644,25.2982,40.3113,34.4819,41.7852,62.7694,52.9245,86.8159,52.6308,77.3369,79.6304,83,57.3847,21.9545,46.8722,62.482,54.4518,67.0298,29,49.8197,30.2324,24.6982,50.9215,37.4833,60.0167,51.0882,58.1378,48.7647,55.4707,45.2217,87.2353,73.3553,75.3127,31.7648,77.026,40.8534,82.7587,72.4707,54.4059,60.8276,66.1891,60.4152,62.2896,62.6418,45.2217,69.1158,46.0977
116.103,143.402,109.124,128.969,148.165,140.759,131.826,144.031,98.3514,117.89,123.665,119.971,140.759,161.966,155.862,158.55,155.862,137.906,130.511,102.801,134.807,142.874,141.662,110.941,123.665,127.016,126.621,124.483,105.802,109.809,14.3178,36.8782,15.6525,22.3607,3.60555,55.0364,40.7185,69.4046,37.4833,19.105,33.4215,55.4437,61.2209,51.4782,38.3275,42.1545,42.5793,20.6155,56.4624,19.8494,22.8473,21.2603,16.4012,25.9422,25.4951,25.0799,26.4764,31.305,31.0161,33.2415,54.4518,8.24621,29.6816,30.4138,47.1699,10.4403,32.5576,16.2788,23.1948,13.6015,33.2415,22.561,18.4391,26,30.2655,9.43398,16.0312,21.2603,8.94427,9.05539,12.6491,29.4109,34.1321,54.3323,41,56.9386,28.1603,27.2947,30.8707,37.6962,40.025,38.1838,32.6497,36.4005,45.3431,52.3259,43.0116,34.1321,34.7131,38.5876
114.809,140.759,106.794,125.419,147.003,139.176,131.548,143.736,97.0052,117.835,124.338,117.388,138.708,159.906,152.971,157.115,155.081,137.058,131.034,102.396,131.795,139.463,137.568,107.448,119.541,124.459,125.1,122.495,102.728,109.293,12.083,46.2277,24.2074,17.4642,11.4018,60.8276,42.9535,69.3542,28.3196,11.4018,31.6228,48.5077,58.7282,52.811,45.6946,44.7214,49.3356,21.587,64.4127,24.3516,23.3452,21.8403,18.1108,18.4391,16.2788,21.2132,20.5913,27.5862,34.1321,32.6497,59.0085,14.3178,38.4187,39.6989,52,18.1108,24.0208,15.5563,28.4429,18.4391,36.7151,14,19.4165,18.6815,22.0227,13.3417,10,25.632,13.6015,18.0278,13.8924,30.3645,31.1448,59.0339,45.0111,57.9396,21.5407,36.7151,26.9072,45.6508,44.0114,37.2156,34.7131,39.3192,44.7772,51.0392,43.4626,31.1448,39.0128,35.3553
93.4345,122.319,87.9204,109.567,125.16,118.258,108.074,120.254,75.9276,94.0213,99.3227,99.0202,118.849,139.946,135.074,135.794,132.458,114.63,106.231,79.3095,114.39,123.065,123.167,91.7061,105.475,105.948,104.139,102.616,85.8836,86.3713,17.4642,37.0135,18.3576,45.2769,27.7308,33.8378,16.1245,45.9674,52.2015,26.9258,17.1172,48.7032,41.7852,27.2029,23.6008,17.4642,24.8395,8.06226,42.45,43.2666,47.5395,8.60233,10.0499,46.0977,41.2311,19.105,24.7588,21.0238,6.32456,14.0357,31.0644,16.5529,25.0799,31.0644,68.593,32.2025,37.0135,40.8044,6,11.1803,56.6127,30.8707,9.48683,28.6007,34.2053,34.0147,23.0868,44.6542,15.8114,28.4253,37.3363,8.06226,20.6155,31.1448,17,32.8024,27.5862,34.4819,21.4709,25.9422,16,18.4391,8.48528,11.7047,23.7065,31.305,20,20.6155,11.1803,24.1868
116.211,142.172,108.208,126.823,148.405,140.584,132.925,145.114,98.4073,119.202,125.674,118.802,140.121,161.32,154.383,158.521,156.474,138.452,132.378,103.774,133.207,140.869,138.957,108.853,120.93,125.873,126.507,123.907,104.139,110.675,13.4164,46.0977,24.4131,16.2788,10.7703,61.6604,44.1475,70.7107,28.2843,12.6491,33.0151,49.7293,60.1415,54.0833,46.2385,45.8912,50,22.8035,64.846,23.0868,21.9317,23.0868,19.2354,17.72,16.2788,22.6274,21.9545,29,35.2278,34,60,14.8661,38.6005,39.6232,50.6952,17.2627,25,14.1421,29.2746,19.2354,35.3553,15.0333,20.6155,19.9249,23.0868,12.1655,11.4018,24.3516,14.3178,17.4642,12.53,31.6228,32.5576,60.0083,46.0435,59.2368,22.8473,36.3593,28.3196,46.0652,45.0444,38.5876,35.9026,40.4475,46.1411,52.4309,44.7772,32.5576,40,36.7696
142.341,171.012,136.605,157.436,173.971,167.171,156.464,168.582,124.844,142.341,146.82,147.635,167.738,188.854,183.674,184.665,181.069,163.343,153.838,127.988,162.807,171.19,170.473,139.431,152.532,154.616,153.056,151.489,133.989,135.059,43.6578,33,31.1448,34.5398,25.9615,69.0797,64.3506,94.7945,57.5674,47.5184,61.7738,84.5281,89.3588,75.6637,49.3964,65.1153,55.1543,48.0208,61.2944,13.6015,22.4722,48.8774,43.909,42.3792,47.676,54.4243,55.7853,60.5392,54.4518,60.7454,72.0694,34.4819,36.0555,30.5941,20,18.9737,60.075,25.9615,44.5533,38.833,14.5602,50.1597,46.1411,54.7449,58.2151,23.0217,45.1221,13,36.2353,21.4709,24.1868,55.8032,63.0714,71.5891,61.4003,81.3204,57.2713,22.3607,60.1664,46.1736,60.6053,65.7343,57.3847,59.4138,72.2011,79.6304,68.884,63.0714,55.4437,67.5426
10.4403,35.2278,25,40,27.2029,22.8035,11.1803,22.8473,25.2982,8.06226,17.0294,25.4951,27.0185,44.9444,47.0106,38.2753,34.0588,16.2788,17.8885,19.105,34.9285,44.2719,52.7731,38.0132,46.6905,26.0768,12.6491,18.0278,34.4819,12.0416,109.289,125.67,115.966,137.713,125.252,87.2353,82.7345,52.4976,131.103,112.872,89.5879,91.2195,63.9766,71.4213,103.47,82.0366,98.1835,101.213,106.513,141.354,144.031,100.603,105.423,134.648,126.115,100.499,103.354,94.5145,92.6553,88.8144,79.925,114.337,115.421,122.613,166.931,130.484,110.693,136.484,102.533,109.225,154.797,114.061,103.407,107.782,109.659,131.21,111.83,142.762,113.071,126.811,133.81,92.4554,90.5539,80.7775,86.5563,65.7647,104.202,129.19,95.3834,107.898,87.2067,84.0536,89.9389,87.6812,76.6094,70.1783,78.8733,90.5539,92.0217,86.8332
20.8806,52,31.241,52.9245,43.8292,40.2616,24.2074,36.0694,21.9317,10.2956,15.5242,37.1618,44.2832,62.2977,64.195,55.0091,49.2037,32.6497,21.9317,10.7703,50.01,59.8415,67.0522,45.3431,57.4543,40.2616,29,32.5576,39.6232,10.2956,97.0618,109.636,101.533,126.143,112.058,70.4911,68.6003,39.8121,122.004,101.769,77.8781,85.0529,54.9181,57.4282,87.4586,67.624,82.0061,88.3233,89.4427,127.883,131.37,87.818,92.4392,123.859,115.767,89.1572,92.6984,83.5703,78.6003,76.4788,63.6003,100.955,99.8248,106.963,152.62,116.829,101.39,124.036,88.2383,95.6922,141.241,103.465,90.5539,97.4064,100,118.191,100.225,129.275,99.8599,113.004,121.078,79.404,79.4796,64.405,71.4493,51.8652,93.9202,113.864,84.5044,91.8314,72.1803,72.0139,76.2758,73.4098,64.405,58.8727,65.8635,79.4796,77.2334,76.2168
12.3693,39.3573,7.28011,32.0624,43.909,35.609,33.0606,43.9318,8.24621,24.3516,35.4683,17.2627,35.4683,56.6392,52.3259,53.6004,52.8015,35.1141,38.833,15.2643,32.9848,42.7551,47.0425,20.8087,34.176,23.4094,21.6333,19.2094,14.8661,15.2643,92.0217,114.495,101.607,119.403,108.904,79.3095,68.7968,38.4708,110.923,94.4034,72.1803,69.9214,45,57.8014,92.7038,68.6003,88.0227,84.8999,99.4636,125.176,126.811,84.1724,89.1403,115.663,106.85,82.4621,84.6286,76.2168,78.2368,72.1388,70.8802,98.4124,103.354,110.535,151.743,114.691,90.824,119.097,88.2326,93.6056,138.6,95.1315,87,88.7525,90.05,114.56,93.8616,126.59,96.9381,111.288,116.778,76.5768,72.4707,71.8401,74.2428,52.3546,85.1469,116.284,77.0065,97.17,74.7061,67.1789,75,73.7835,60.208,53.0377,63.4114,72.4707,78.8923,68.4105
24.7386,48.4149,14.1421,36.4005,55.9017,47.1699,45.2769,56.2939,11.1803,35.3553,46.0977,25,46.0977,67.2681,61.0328,65.192,65,47.4342,50.2494,22.3607,40.3113,49.2443,50.9902,20,35,32.0156,33.541,30,13.0384,25.4951,81.3449,106.977,92.4392,108.074,98.5951,74.3303,60.4152,31.5753,98.8383,83.0963,61.6198,57.5674,33.9411,49.98,85.7263,60.5392,81.4923,74.8131,94.5304,114.865,115.974,74.027,79.0253,104.043,95.1315,71.4493,73.2462,65.1153,69.3542,62.0081,65.4905,88.4081,95.462,102.552,141.82,104.637,78.8923,108.208,79.2591,83.8153,128.222,83.6002,76.8375,77.201,78.2304,104.062,82.807,116.276,86.8332,101.4,106.075,66.8506,61.5224,66.4831,66.7308,44.9222,73.6003,107.782,65.8559,90.1388,67.0671,57.0088,65.8635,65.307,50.4777,43.0116,54.2033,61.5224,70.7743,57.3149
27.2029,55.5698,21.5407,45.7056,59.4054,51.6624,45.5412,57.3847,9.43398,33.3766,43,32.6956,51.8556,73,68.4763,69.527,67.7422,49.7393,48.2597,18,48.4665,57.8705,60.531,30.0666,45.0444,39.3573,37.5366,35.609,23.0217,23.5372,75.9276,98.4886,85.2115,103.73,92.6337,64.6297,52.4786,22.4722,96.566,78.7718,56.0803,57.4282,29.5296,41.5933,76.896,52.3546,72.4224,68.593,84.8528,108.894,110.752,67.8823,72.8354,100.344,91.7061,66.6108,69.1158,60.4649,61.8547,55.8659,55.9017,82.0731,87.2067,94.3663,135.37,98.3514,76.1577,103.078,71.8471,77.2334,122.332,79.7559,70.7107,73.4302,75.1532,98.3514,78.0064,110.309,80.6226,94.921,100.658,60.208,56.6127,56.8859,58.1808,36.2491,69.8355,99.985,61.2944,81.3449,58.6003,50.9313,58.6003,57.4543,43.8634,36.7967,47.0106,56.6127,62.6498,52.6972
40.5216,54.2033,55.0818,66.4003,32.6956,37.8021,20.5913,18.7883,53,28,18.6815,54.1202,44.8219,51.6624,61.7171,40.7922,30.1496,26.9072,13,43.2897,58.7282,65.9469,76.3806,67.7791,74.6257,52.4309,38.5876,45.2769,64.56,38,130.679,138.658,133.405,159.931,145.014,98.2904,101.213,73.736,156.208,135.768,111.79,118.609,89.0505,90.3549,116.932,99.985,111.198,121.643,115.109,160.524,164.596,121.202,125.67,157.889,149.893,123.13,126.811,117.652,111.14,110.168,92.957,133.843,129.958,136.883,184.253,149.375,135.595,157.42,120.416,128.503,173.738,137.568,123.879,131.552,134.201,151.238,134.078,161.895,132.883,145.437,154.305,112.699,113.547,93.6056,102.903,84.9706,128.082,144.309,118.596,121.083,103.73,105.849,109.179,105.816,98.2344,92.9731,99.3177,113.547,109,110.368
35.805,15.2971,43.0116,35,11.1803,11.1803,30,25.0799,53.1507,41.2311,45,33.541,11.1803,11.1803,18.0278,10,18.0278,20,40.3113,51.4782,25,26.9258,38.0789,47.4342,45,26.9258,25,27.0185,49.1935,44.7214,137.975,158.474,147.122,165.076,154.858,120.768,114.018,83.4086,155.206,140.089,118.14,112.712,90.7855,102.801,136.341,113.6,131.229,130.832,140.236,171.126,172.743,130.115,135.074,161.012,152.053,128.316,130.25,122.025,123.693,118.089,113.177,144.312,147.828,155.039,197.568,160.59,135.624,165.012,133.686,139.445,184.556,140.602,132.944,134.201,135.093,160.527,139.703,172.54,142.864,157.137,162.733,122.43,118.343,114.061,118.714,97.2008,130.602,161.236,122.788,140.801,119.281,113.137,120.615,119.017,106.104,98.9949,109.124,118.343,123.81,114.215
56.8507,32.311,64.0312,52.2015,26.9258,32.0156,47.4342,38.3275,74.3303,60.4152,61.8466,54.0833,32.0156,11.1803,25,15.8114,25,38.0789,55.9017,72.111,42.72,40.3113,50,67.082,61.8466,47.1699,46.0977,48.1664,69.6419,65.192,159.176,179.176,168.241,186.172,176.071,140.943,135.093,104.484,175.866,161.199,139.345,133.094,111.946,123.847,157,134.629,151.793,152.043,160.112,192.338,193.933,151.327,156.285,182.003,173.003,149.482,151.344,143.178,144.81,139.302,133.6,165.517,168.68,175.889,218.753,181.794,156.474,186.196,154.797,160.639,205.769,161.645,154.156,155.242,156.013,181.739,160.863,193.752,164.073,178.331,183.935,143.628,139.517,134.462,139.617,118.229,151.648,182.2,143.934,161.447,140.207,134.35,141.767,140.089,127.311,120.208,130.3,139.517,144.807,135.37
41.5933,25.4951,33.3766,9.43398,48.4665,39.3573,55.1725,58.8303,48.2597,56.6039,66.4003,25.0799,32.6956,45.0444,30.8058,50.636,57.8705,48.8262,65.7951,55.0818,17,15.1327,8.60233,23.5372,9.43398,23.4307,37.5366,31.4006,30.2655,52,118.849,149.325,133.015,142.274,136.693,117.614,102.489,74.8131,128.035,118.224,100.185,84.8528,73.0068,92.6499,128.55,102.883,124.535,114.039,137.819,152.643,152.053,113.146,118.072,136.781,127.562,108.227,108.467,101.872,110.725,101.553,108.78,127.475,137.568,144.516,180.247,143.265,110.535,144.267,120.333,123.438,165.593,117.614,115.836,111.4,110.752,141.51,118.983,154.019,125.706,140.471,142.836,107.019,98.9798,109.772,109.385,87.8635,108.005,149.121,102.396,132.91,109.636,96.6644,106.977,107.205,91.1811,83.5703,95.5196,98.9798,112.929,94.5145
24.0208,9.43398,25,15.8114,25.4951,15.8114,32.0156,34.9857,38.0789,36.4005,44.7214,14.1421,10,29.1548,22.3607,30.4138,35.3553,25,43.0116,40.3113,7.07107,15.8114,25,26.9258,25.4951,7.07107,15.8114,12.0416,29.4109,35,120.341,144.461,131.187,146.578,137.644,108.812,98.6154,68.4251,135.624,121.696,100.658,92.7847,72.9178,87.7097,122.654,98.4886,117.924,113.851,128.845,153.912,154.871,113.071,118.068,142.127,133.06,110.318,111.803,103.947,107.912,101.045,100.568,127.44,133.297,140.471,180.854,143.68,116.4,147.085,117.886,122.801,167.26,121.918,115.884,115.521,116.039,143.087,121.622,155.322,125.877,140.417,145.041,105.802,100.449,101.514,104.202,82.2982,111.946,146.123,104.652,127.122,104.657,96.0469,104.561,103.586,89.4036,82.0061,92.9139,100.449,108.784,96.1769
42.0119,12.2066,40.1622,18.3848,35.4683,28.6007,48.3011,48.1664,54.5711,54.3415,62.0322,29.1204,21.6333,27.1662,12.1655,34.5398,43.566,39.6611,59.4811,58.0775,13.3417,4.24264,13.1529,36.2353,26.4197,23.1948,33.7343,30.0167,41.3401,53.0377,133.004,160.078,145.499,157.813,150.659,125.634,113.635,84.1546,144.81,133.304,113.719,101.533,85.9826,103.078,138.578,113.719,134.082,127.318,145.784,166.82,166.964,126.479,131.469,152.735,143.544,122.613,123.434,116.211,122.544,114.586,117.175,140.901,148.647,155.756,194.165,156.984,126.59,159.154,132.412,136.528,180,133.056,129.248,126.732,126.574,155.801,133.686,168.217,139.23,153.938,157.433,119.708,113.004,118.14,119.775,97.8621,123.24,160.997,116.825,143.024,120.154,109.604,119,118.533,103.446,95.8801,107.355,113.004,123.976,108.6
40.7185,12.083,45.2769,32.0156,20.1246,18.0278,38.2099,34.0147,57.1402,48.3735,53.1507,34.7131,14.3178,9.21954,9.21954,16.1245,26.1725,28.2843,48.8365,57.0088,22.4722,21.095,31.7805,47.0106,41.7732,27.6586,30.0832,30.2324,50,50.5964,140.759,163.371,151.013,167.171,157.953,126.463,118.152,87.6641,156.157,142.271,121.017,113.208,93.3488,107.07,141.354,117.886,136.4,134.063,146.185,174.23,175.362,133.304,138.293,162.742,153.675,130.817,132.382,124.459,127.64,121.264,118.596,147.628,152.463,159.665,201.02,163.893,137.004,167.586,137.637,142.902,187.609,142.524,136.125,136.125,136.653,163.466,142.144,175.642,146.103,160.562,165.487,125.877,120.917,119.507,123.309,101.548,132.548,165.593,125.176,145.825,123.822,116.276,124.403,123.146,109.481,102.176,112.801,120.917,128.16,116.675
49.3964,18.4391,52.8015,36.2353,28.1603,27.074,47.0956,42.0595,65.3682,57.4282,62.0725,41.8688,23.0868,10.6301,7.28011,21.4009,32.45,37.1214,57.5587,65.7875,27.8029,23.0868,32.0624,52.8015,45.31,34.8281,38.8973,38.4708,56.5862,59.4811,148.071,171.767,158.937,174,165.424,135.192,126.246,95.8801,162.2,149.201,128.425,119.038,100.658,115.248,149.817,126.052,144.931,141.651,154.984,181.687,182.521,140.869,145.866,169.331,160.206,137.975,139.302,131.59,135.624,128.845,127.236,155.242,160.751,167.943,208.655,171.479,143.402,174.725,145.609,150.602,195.021,149.282,143.68,142.899,143.178,170.836,149.241,183.096,153.675,168.22,172.743,133.6,128.144,128.156,131.609,109.772,139.345,173.738,132.276,154.289,132.098,123.847,132.31,131.229,117.201,109.809,120.673,128.144,136.341,123.843
46.0977,24.1868,53.8238,44.4072,16.4924,21.2603,37.108,29.0172,63.6553,49.7695,51.788,44.2945,21.9545,5.65685,21.0238,6.08276,17.088,27.5136,46.1736,61.2944,34.5254,34.2345,44.911,57.9396,54.3323,37.5766,35.3836,37.8021,59.9416,54.3783,148.661,168.36,157.493,175.855,165.469,130.177,124.326,93.723,166.012,150.864,128.818,123.471,101.533,113.071,146.185,123.847,140.982,141.421,149.402,181.728,183.448,140.716,145.664,171.82,162.865,139.054,141.032,132.774,134.063,128.701,122.801,154.871,157.867,165.076,208.062,171.143,146.441,175.727,144.045,149.967,195.167,151.4,143.544,145,145.908,171.172,150.446,183.142,153.444,167.657,173.416,132.966,129.074,123.665,128.81,107.448,141.4,171.4,133.544,150.632,129.402,123.762,131.046,129.321,116.675,109.622,119.604,129.074,134.015,124.964
36.6879,35.805,49.4975,52.2015,12.0416,20.6155,18.4391,6.40312,53.7122,32.5576,30.4138,44.1022,27.2947,29.4109,40.8044,18.4391,8.06226,14.1421,23.7697,47.4342,42.9535,48.0104,59.0762,59.0762,61.6847,39.8121,29.0689,35.0143,58.1378,40.4969,137.844,151.98,143.753,166.355,153.6,112.414,110.635,80.8022,159.54,141.524,118.191,118.962,92.5743,99.3579,129.835,109.786,124.326,129.619,130.698,169.623,172.534,129.035,133.81,163.294,154.738,129.139,132.004,123.167,120.615,117.324,105.891,142.611,142.271,149.402,194.826,158.673,139.205,165.024,130.384,137.437,183.044,142.706,131.826,136.418,138.224,159.615,140.46,171.026,141.4,154.932,162.29,120.801,119.202,106.668,113.846,93.723,132.834,156.311,124.036,134.183,114.56,112.606,118.068,115.521,105.119,98.7927,107.201,119.202,119.553,115.486
39.0128,45.2769,53.0848,59.9416,22.2036,29.2062,18.1108,9.43398,54.3415,30.4631,24.7588,49.7293,36.2353,40.1622,51.3128,29.1204,18.2483,19.6977,17.6918,46.2385,51.3128,57.3847,68.2495,64.3273,68.942,46.6154,33.9559,40.5216,62.2896,39.8497,136.077,147.139,140.417,165.027,151.172,107.056,107.648,78.7718,159.703,140.46,116.726,120.416,92.358,96.5194,125.16,106.607,119.52,127.424,124.619,166.973,170.47,126.909,131.548,162.459,154.156,127.91,131.183,122.156,117.644,115.486,101.119,140.064,137.931,144.972,191.471,155.901,139.176,163.11,127.201,134.792,180.314,141.947,129.653,135.772,137.993,157.305,139.086,168.363,138.975,152.053,160.181,118.512,118.106,101.833,110.114,90.9725,132.231,152.161,123.065,129.418,110.887,110.941,115.378,112.414,103.354,97.509,104.957,118.106,116.039,114.634
33.7343,47.4342,48.2701,59.203,26.9258,31.0644,13.4164,13.1529,47.1699,22.3607,15,46.9574,38.0132,46.5296,55.5428,36.0555,26.1725,20,8.06226,38.0789,51.6236,59.0339,69.3542,60.7454,67.4166,45.2217,31.3847,38.0789,57.7235,32.249,127.016,137.208,130.801,156.109,141.834,97.0824,98.1835,69.7782,151.529,131.7,107.838,113.137,84.2021,87.1321,115.261,97.0824,109.604,118.207,114.621,157.544,161.245,117.72,122.299,153.769,145.602,119.101,122.56,113.464,108.167,106.438,91.2195,130.698,128.082,135.104,181.816,146.441,130.943,153.951,117.644,125.399,170.848,133.33,120.441,127.224,129.653,148.003,130.188,158.928,129.653,142.562,150.95,109.275,109.385,91.9239,100.424,81.6333,123.713,142.341,114.39,119.503,101.213,101.98,106,102.903,94.3716,88.7694,95.7706,109.385,106.4,106.042
28.1603,41.3401,42.5793,52.8015,22.0907,25.0599,7.28011,9.48683,42.7551,18.7883,14.7648,40.7185,31.9061,42.0476,49.98,32.1403,23.4094,13.8924,8.24621,34.5398,45.2548,52.8015,63.0317,54.7083,61.0574,38.833,25.0599,31.7648,51.9711,28.1603,124.531,136.781,129.321,153.418,139.786,97.0052,96.4002,67.2309,148,128.81,105.119,108.853,80.6536,85.2115,114.691,95.4254,109.124,115.966,115.122,155.657,159,115.434,120.108,150.791,142.468,116.276,119.507,110.494,106.4,103.942,90.6863,128.705,127.287,134.38,180.405,144.617,127.472,151.605,116.039,123.458,169.027,130.269,118.191,124.085,126.289,145.89,127.475,157.051,127.581,140.801,148.718,107.07,106.452,91.4385,99.1564,79.6304,120.54,141.428,111.4,119.004,99.905,99.363,104.043,101.213,91.7878,85.8662,93.4933,106.452,104.995,102.956
39.8246,58.6686,54.1295,68.593,39.0512,42.4853,22.8035,25.318,49.6488,25.2982,14.3178,55,49.2443,58.6941,67.4166,48.1664,38.0132,31.305,12.0416,39.1152,61.8466,69.8928,79.8123,67.6018,76.0592,54.4518,40.3113,46.7547,63.561,34.9285,123.859,130.3,125.718,153.212,137.743,89.8721,93.9149,67.4463,150.443,129.341,105.304,114.07,83.7257,83.2586,108.706,92.5905,102.942,114.634,106.405,153.075,157.442,114.237,118.596,151.476,143.68,116.692,120.603,111.4,103.769,103.465,84.8116,126.562,121.824,128.69,176.4,141.905,129.838,150.376,112.872,121.198,166.208,131.32,116.867,125.419,128.32,144.003,127.472,154.434,125.674,137.928,147.167,105.702,107.28,85.4283,95.1893,78,122.004,136.209,112.361,112.805,96.0417,99.2975,101.98,98.4124,91.7061,86.8332,92.477,107.28,101.356,104.293
6.32456,32.311,8.24621,28.1603,36.2353,27.8029,27.1662,37.2156,15.2643,21.4009,32.45,12.3693,27.8029,48.9183,45.31,45.8039,45.31,27.8927,34.5398,18.1108,27.074,37.054,42.7551,21.6333,32.45,17.1172,13.8924,11.6619,17.72,14.7648,99.8248,121.655,109.202,127.201,116.675,85.7263,76.2758,45.793,118.512,102.201,79.9812,77.1622,52.8015,65.192,99.7447,76.0066,94.9368,92.6553,105.773,132.944,134.618,91.9348,96.8969,123.422,114.586,90.2718,92.4175,84.0238,85.8021,79.9062,77.4919,106.151,110.639,117.835,159.452,122.43,98.4886,126.905,95.8019,101.316,146.373,102.903,94.7629,96.5194,97.7548,122.348,101.671,134.358,104.69,119.004,124.579,84.2912,80.2808,78.4347,81.4923,59.6825,92.9139,123.713,84.8116,104.216,81.9878,74.9533,82.6196,81.2712,67.9412,60.8112,71.0634,80.2808,86.2844,76.2168
12.0416,43.3244,14.3178,38.4708,44.0454,36.8782,30.0832,41.7852,6.32456,19.105,29.8329,23.0217,38.0789,58.8218,56.3028,54.4518,52.1536,34.1321,34.0588,8.06226,38.2099,48.1664,53.3385,28.0179,41.2311,28.2843,22.8035,22.4722,21.9317,9.21954,91.214,111.018,99.3579,119.269,107.629,74.6324,66.2193,35.609,112.161,94.3398,71.4003,72.3671,45.1774,55,89.0056,65.8027,84.0952,83.5464,94.6414,123.843,126.036,82.8794,87.7838,115.974,107.355,82.0975,84.7231,76.0066,75.9276,70.9366,66.4831,96.8969,100.17,107.378,149.967,113.146,91.7878,118.406,85.9127,91.9239,137.295,95.3834,85.703,89.0674,90.802,113.455,93.4773,125.256,95.5249,109.604,115.884,74.9667,72.111,67.4166,71.0211,49.4065,85.4751,113.464,76.8505,93.4773,71.5612,66.0681,72.9178,71.218,58.7963,52.0096,61.5224,72.111,76.0263,68.2642
15.2315,27.2029,28.0713,36.2353,17.6918,13.1529,9.89949,17,32.7567,17.2627,23.0868,24.3516,18.2483,35.1141,38.1182,28.6007,25.5539,7.61577,20.8087,28.4253,29.2062,37.5899,47.2017,38.833,44.4185,22.2036,8.544,15.2315,37.0135,21.4009,117.801,135.351,125.208,145.89,134.063,97.0618,91.9674,61.5224,138.293,120.95,98.0051,97.4166,71.6938,80.6598,113.159,91.351,107.912,109.986,116.362,150.233,152.611,109.343,114.215,142.524,133.843,108.724,111.306,102.626,101.833,97.4526,89.6939,123.24,125,132.201,176.071,139.445,118.068,145,111.759,118.191,163.686,121.939,112.161,115.603,117.184,139.946,120.104,151.644,121.918,135.831,142.436,101.316,98.737,90.5539,96.0469,75.0067,112.004,138.683,103.465,117.597,96.6747,92.6175,99.0051,96.9381,85.276,78.6003,87.7838,98.737,101.415,94.8736
18.4391,14.1421,22.8035,21.095,22.0227,12.0416,25.4951,29.5466,34.1321,29.8329,38.0132,13.6015,9.21954,30.4138,26.9258,29.1548,32.0156,19.2354,36.4005,34.9285,13.6015,22.4722,31.6228,28.2843,30.0832,8.06226,9.21954,7.2111,29.1548,29.1548,118.089,140.471,128.004,144.941,135.148,104.062,95.1315,64.6607,134.97,119.971,98.2904,92.5743,70.7672,84.0595,118.512,94.8736,113.635,111.198,123.968,151.427,152.794,110.454,115.434,140.801,131.826,108.301,110.114,101.98,104.623,98.4124,96.0052,124.74,129.495,136.693,178.104,141.014,115.378,145.041,114.621,119.971,164.83,120.42,113.278,114.018,114.856,140.73,119.67,152.84,123.24,137.644,142.843,102.942,98.3514,96.933,100.344,78.5493,110.422,142.58,102.728,122.984,100.846,93.4345,101.4,100.125,86.5563,79.3095,89.8109,98.3514,105.152,94.1754
25.6125,25.0599,16.1245,9.21954,42.0119,32.0156,42.5441,49.0408,31.0644,41.1096,51.6236,9.21954,27.2947,46.0977,36.1248,47.8539,52.0096,38.6005,52.2015,37.9473,15,22.4722,24.0832,10,12.0416,12.0416,24.5967,17.8885,14.7648,35.3553,106.4,134.134,119,131.529,124.036,101.119,87.4643,58.6941,119.403,106.888,87.0919,76.2758,59.3633,77.1622,112.929,87.6641,108.669,100.703,121.342,140.207,140.464,99.8599,104.848,126.669,117.516,96.0469,97,89.6437,96.1769,87.983,92.3959,114.28,122.56,129.619,167.538,130.357,100.658,132.654,105.991,109.932,153.405,106.775,102.626,100.419,100.499,129.201,107.168,141.605,112.606,127.318,130.874,93.1504,86.4002,93.3809,93.9202,72.1249,96.8969,134.659,90.2718,117.341,94.2444,83.006,92.5743,92.3093,76.9415,69.3542,80.9568,86.4002,97.8621,82.0061
34.0588,28.6356,23.4094,8.544,48.5077,38.6394,50.774,56.648,37.855,49.5782,60.1082,17.6918,33.0606,49.7293,37.5899,53.0848,58.4209,46.2385,60.6053,45.6946,18.2483,22.2036,19.6977,12.1655,3.60555,19.3132,32.7567,26.0768,19.0263,43.566,107.912,137.928,121.742,131.894,125.718,106.381,91.0934,63.5059,118.444,107.615,89.0674,75.1665,61.7414,81.2527,117.154,91.4822,113.159,102.883,126.57,141.739,141.4,102,106.944,126.621,117.414,97.3499,97.8008,90.9725,99.368,90.3383,97.5141,116.362,126.178,133.135,169.284,132.231,100.419,133.6,109.005,112.254,154.768,107.168,104.709,100.896,100.499,130.633,108.227,143.122,114.612,129.375,132.061,95.7549,87.983,98.5089,97.9847,76.4853,97.4526,137.786,91.526,121.511,98.2344,85.4283,95.6347,95.8175,79.8499,72.2357,84.1546,87.983,101.533,83.5284
38.8973,18.6815,33.0606,8.24621,42.0476,33.2866,50.3289,53.0094,48.0416,53.2259,62.434,23.1948,26.4197,38.0526,24.0416,43.7379,51.264,43.2782,61.2209,53.6004,11.3137,8.24621,7.28011,25.9422,14.4222,19.6977,33.2866,27.7308,31.9531,49.7293,122.589,151.489,135.956,146.755,140.357,118.533,104.752,76.1577,133.207,122.442,103.586,89.9389,76.0592,94.5569,130.361,105.005,126.127,117.337,138.755,156.426,156.208,116.469,121.433,141.485,132.276,112.071,112.614,105.683,113.318,104.709,109.836,130.863,139.864,146.895,183.918,146.813,115.278,148.405,123.065,126.657,169.499,122.025,119.202,115.745,115.365,145.341,123.004,157.813,129.139,143.892,146.823,110.018,102.626,110.82,111.319,89.56,112.294,151.796,106.254,134.766,111.629,99.7647,109.659,109.563,93.9415,86.3308,98.0867,102.626,115.169,98.1835
38.0789,5.83095,40.2244,24.3516,24.7588,19.3132,39.8497,38.0132,53.2259,48.0416,54.3415,29.2062,13.1529,17.1172,7.28011,23.4094,32.45,30.4631,50.9215,54.5711,15.2643,13.1529,24.0416,40.2244,33.9559,22.2036,28.1603,26.5707,43.8634,48.6621,135.37,159.656,146.441,161.276,152.751,123.649,113.877,83.6481,149.616,136.473,115.745,106.508,87.9659,102.956,137.801,113.741,133.015,129.016,143.59,169.009,169.8,128.226,133.225,156.63,147.513,125.256,126.574,118.87,123.175,116.211,115.521,142.611,148.529,155.708,196.023,158.836,130.729,162.003,133.147,138.004,182.332,136.561,131.034,130.177,130.484,158.142,136.517,170.417,141.032,155.602,160.031,121.017,115.434,116.456,119.419,97.5295,126.621,161.385,119.553,142.271,119.883,111.212,119.817,118.849,104.623,97.2008,108.167,115.434,124.036,111.126
23.5372,9.05539,26.8701,19.9249,21.3776,11.7047,28.8444,31.0644,38.9487,34.5254,42.1545,16.6433,6.08276,26.4008,21.8403,26.6833,31.257,21.2603,39.9625,40.025,10.8167,18.3576,28.3196,30.3645,29.6142,9.84886,14.0357,12.083,32.249,34.2345,122.348,145.362,132.639,148.923,139.517,109.11,99.8599,69.4622,138.438,123.988,102.591,95.7706,74.9533,88.8369,123.438,99.6444,118.596,115.624,129.035,155.795,156.984,114.865,119.854,144.627,135.602,112.45,114.11,106.104,109.289,102.825,101.02,129.19,134.332,141.524,182.584,145.454,119.038,149.215,119.281,124.471,169.177,124.326,117.686,117.924,118.6,145.041,123.794,157.207,127.664,142.127,147.085,107.448,102.533,101.951,105.19,83.3547,114.337,147.34,106.832,127.91,105.679,97.8366,106.019,104.848,91.0494,83.7377,94.4034,102.533,109.932,98.3107
32.0156,15.6525,39.9625,34.2345,8.48528,7.2111,26.0192,21.9545,49.5177,37.108,41.0122,31.0161,9.05539,15.2315,21.0238,11.7047,17.088,16.0312,36.4966,47.5079,24.3311,27.7849,38.9487,45.3542,44.1814,24.7386,21.2603,23.8537,46.6154,40.7063,134.536,154.548,143.402,161.818,151.327,116.73,110.259,79.6492,152.315,136.821,114.691,110.023,87.4586,99.0202,132.401,109.809,127.264,127.279,136.165,167.586,169.331,126.574,131.522,157.867,148.946,124.964,127.004,118.697,119.971,114.56,109.179,140.73,143.951,151.162,193.933,157.003,132.608,161.617,129.958,135.831,181.025,137.412,129.402,131.015,132.019,157.035,136.36,169,139.302,153.522,159.289,118.828,114.978,110.059,114.856,93.4077,127.413,157.41,119.474,136.858,115.434,109.622,116.932,115.256,102.533,95.483,105.475,114.978,120,110.887
28.3019,24.7588,39.5601,40.4969,4.47214,8.94427,16.2788,11.4018,46.0435,29.0689,31.1448,33.0151,15.8114,24.0832,31.7805,15.6525,12.6491,6.7082,26.0768,41.7732,31.305,36.8782,47.8017,48.0104,50,28.2843,18.9737,24.1868,47.676,34.7131,131.21,148.449,138.622,159.201,147.513,109.772,105.38,74.9667,151.169,134.239,111.4,109.786,84.9058,94.0691,126.246,104.738,120.93,123.434,128.798,163.686,166.027,122.788,127.664,155.724,146.986,122.066,124.555,115.935,115.261,110.887,102.626,136.693,138.224,145.417,189.51,152.899,131.061,158.405,125.176,131.643,177.138,135.152,125.607,128.798,130.25,153.388,133.454,165.097,135.37,149.282,155.862,114.769,112.071,103.465,109.343,88.4138,125.196,151.98,116.765,130.668,109.986,106.042,112.45,110.345,98.7168,92.0054,101.237,112.071,114.769,108.167
38.2884,24.0416,47.8539,43.1856,6.7082,14.3178,27.2029,19.105,56.0803,40.2492,41.7732,39.5601,18.0278,14.3178,26.1725,4.47214,9.21954,17.8885,36.1248,52.6308,33.2415,35.8469,47.0106,54.1295,53.1507,33.541,28.0179,31.7805,55.0273,45.607,141.354,159.505,149.335,169.027,157.877,120.934,116.103,85.5862,160.178,144.031,121.511,118.186,94.6256,104.805,137.306,115.521,132.019,133.795,139.979,174.092,176.182,133.124,138.033,165.303,156.461,132.004,134.272,125.801,125.936,121.165,113.741,147.139,149.201,156.4,200.122,163.38,140.293,168.514,135.882,142.144,187.545,144.779,135.949,138.398,139.607,163.686,143.405,175.505,145.774,159.812,166.066,125.208,122.004,114.586,120.254,99.1564,134.792,162.89,126.606,141.736,120.88,116.276,123.045,121.083,109.041,102.176,111.732,122.004,125.607,118.004
19.2354,42.45,33.6155,49.0408,29.4109,28.0179,8.94427,20.5183,31.0644,6.32456,8.06226,34.7131,33.541,48.8365,53.3385,40.4969,33.8378,18.4391,9.21954,22.1359,43.4166,52.3927,61.4003,47.0106,55.9017,35,21.095,27.0185,43.0813,16.1245,112.004,125.1,117.034,140.89,127.315,85.703,84.0238,54.7083,135.665,116.297,92.5905,97.0155,68.3081,72.8011,102.942,83.0963,97.4526,103.465,104.317,143.22,146.492,102.927,107.615,138.293,130,103.755,107.019,97.9898,94.0213,91.4166,79.0253,116.25,115.365,122.495,168.122,132.201,115.109,139.086,103.711,111.018,156.605,117.784,105.688,111.615,113.886,133.405,114.948,144.617,115.109,128.406,136.213,94.578,93.9415,79.8123,87,67.2012,108.079,129.418,98.8989,107.299,87.7268,86.8332,91.6079,88.8651,79.2591,73.3485,80.9938,93.9415,92.7631,90.471
24.4131,52.6118,36.8782,56.4358,40.8044,39.0512,20.2485,31.0644,29.4109,9.48683,8.06226,41.0488,44.1022,60.208,64.0703,51.8652,44.7772,29.8329,15,18.4391,52.2015,61.6847,69.857,50.9902,62.0081,42.9535,30.0832,34.9285,45.8039,15.8114,104.216,114.769,107.801,133.417,118.849,75,75.1665,47.1699,129.757,109.202,85.235,93.0484,62.8013,64.1405,92.6984,74.0608,87.1149,95.2943,93.2952,134.529,138.311,94.8262,99.363,131.32,123.329,96.566,100.245,91.0824,85.1469,83.672,68.6804,107.703,105.361,112.432,158.836,123.422,109.142,131.061,94.6256,102.396,147.828,111,97.5295,104.995,107.703,125.032,107.541,135.912,106.677,119.541,128.016,86.3539,86.977,69.4262,77.4661,58.6686,101.533,119.553,92.0272,97,78.2432,79.3095,83.006,79.8812,71.6938,66.4078,72.8972,86.977,83.4086,83.8153
38.2099,63.2456,51.225,69.6348,47,48.0521,27.4591,34.3657,43.4626,22.6716,13,54.6717,54.1202,67,73.5459,57.2189,48.0521,37.3363,17,32.311,64.4127,73.4098,82.365,65.2993,75.8222,55.7584,42.0595,47.7074,60.2163,30.2324,112.272,117.593,113.371,141.676,125.718,77.1557,81.939,56.7186,139.904,118.14,94.1116,105.119,74.027,71.5122,96.0469,80.5295,90.2718,102.883,93.723,140.89,145.499,102.528,106.775,140.246,132.673,105.513,109.659,100.439,91.7061,92.0489,72.2011,114.543,109.202,116.039,163.918,129.711,119.365,138.539,100.648,109.165,153.951,120.304,105.109,114.543,117.712,132.004,116.09,142.239,113.719,125.706,135.248,93.984,96.3172,72.8011,82.8553,66.4078,111.198,123.6,101.415,100.125,83.7257,88.0568,90.0777,86.3308,80.5233,76.1183,80.9568,96.3172,89.0674,93.5575
35,65.7951,32.7567,57.4282,66.468,59.8164,49.93,62.1289,18.3848,36.2353,43.6807,43.6807,61.0574,81.8413,78.7909,77.1557,73.8783,55.9732,49.98,20.8087,59.4811,69.1231,72.3395,42.107,57.0789,49.98,45.8039,45.1774,35.0571,27.8029,69.6419,88.1192,76.4853,98.4124,85.4283,52.9528,43.2782,12.7279,93.8616,73.8241,50.1199,58.2151,27.074,32.0156,66.2118,42.8019,61.4654,61.4003,73.1642,101.533,104.293,60.803,65.6049,95.8541,87.6641,61.2699,64.622,55.5428,53.0754,49.0918,44.3847,74.5185,77.1751,84.3801,127.279,90.6863,73.2462,96.7988,63.0317,69.4262,114.978,75.3923,63.6003,69.2892,71.8401,91.4002,72.4707,102.942,73.2462,87.046,94.0479,52.6308,51.4782,45.3542,48.0208,26.4008,65.7875,90.4434,56.4624,70.6824,48.5489,44.4185,50.2096,48.2701,36.8917,30.8707,39.0512,51.4782,53.0094,48.1041
25.2982,57.7235,28.6356,53.3385,54.8179,49.2443,37.0135,49.2037,14.3178,23.0217,30.0832,38.0132,51.6236,71.5891,70.6045,65.8027,61.5224,43.9318,36.4005,8.94427,53.1507,63.1269,68.2642,41.2311,55.3624,43.1856,35.8469,36.8782,34.4384,15.8114,82.8553,98.1835,88.4138,111.803,98.2293,60.5392,55.2268,25.5539,107.448,87.3212,63.5059,71.007,40.4475,43.9318,76.0066,54.4518,70.8308,74.3303,80.3243,114.202,117.346,73.7835,78.492,109.385,101.242,74.7329,78.1857,69.0797,65.192,62.2656,52.7731,87.2009,87.8009,95,139.445,103.233,86.8332,109.932,75.0067,82.0061,127.613,88.955,76.5506,82.8734,85.44,104.293,85.8662,115.603,86.0233,99.4887,107.07,65.4599,65,53.6656,58.8982,38.2884,79.3788,101.533,70.0071,80.455,59.5483,57.7062,62.6259,60.1415,50.1199,44.3847,51.8652,65,64.3817,61.6847
51.1077,34.176,41.7612,19.2094,57.6975,48.8774,65.0692,68.5055,56.2939,66.2873,76.2168,34.4819,42.0595,52.2398,37,58.9406,66.8506,58.6003,75.6902,63.9062,26.6271,22.561,12,30.0666,15.1327,33.3017,47.4236,41.2311,37.1214,61.2699,121.643,154.26,136.956,143.694,139.531,124.101,107.49,81.0987,128.144,120.221,103.619,85.4283,77.201,98.1529,133.989,108.06,130.25,117.546,144.222,155.235,154.019,116.619,121.462,137.801,128.6,110.91,110.639,104.652,115.248,105.342,115.156,130.782,142.369,149.188,182.945,146.263,111.606,146.291,124.619,127.016,167.943,119.269,119.231,113.208,112.071,144.059,121.314,156.589,128.95,143.673,145.121,111,102.044,116.155,114.756,93.6483,109.932,153.379,105.095,138.279,114.935,100.568,111.4,112.058,95.6033,88.0568,100.17,102.044,117.903,97.5756
18.0278,30.4138,6.08276,19.0263,41.9762,32.28,37.6431,46.1736,21.0238,33.4215,44.4072,7.2111,29.5296,50.2195,42.8019,49.7695,51.788,36.0139,46.0652,28.2312,21.9545,31.0161,34.0147,9.84886,21.0238,14.2127,21.0238,15.1327,8.544,26.4008,99.2472,125.16,110.788,125.32,116.662,91.4112,78.721,49.3356,114.586,100.449,79.6492,72.0069,51.8556,68.1542,103.73,78.7909,99.3277,93.0054,111.629,132.91,133.69,92.2009,97.2008,120.88,111.826,89.1403,90.5539,82.7587,87.7097,80.2122,82.7647,106.607,113.719,120.83,160,122.801,95.2103,125.897,97.6166,102.078,146.219,100.658,95,94.2603,94.8103,122.025,100.419,134.317,105,119.62,123.907,85.1469,79.3095,83.7437,84.8646,62.9682,90.6863,126.127,83.4506,108.167,85.235,75.213,84.22,83.6301,68.7968,61.2944,72.5603,79.3095,89.0505,75.0067
4.47214,30.0666,18.1108,32.45,27.8029,20.8087,17.2627,27.2947,22.2036,14.7648,24.7588,17.6918,23.0868,43.0465,42.5793,38.1838,36.2353,18.3848,25.5539,19.6977,28.1603,37.855,45.6946,30.4631,38.8973,18.7883,7.28011,10.7703,27.4591,13.3417,107.448,126.57,115.521,135.351,123.907,89.1572,82.3286,51.7397,127.534,110.386,87.6185,86.6833,61.0574,71.0634,104.446,81.8352,99.363,99.8248,108.849,140.121,142.274,99.1564,104.062,131.883,123.167,98.2293,100.703,92.0869,92.0978,87.2067,81.3941,113.172,115.935,123.146,166.208,129.418,107.331,134.629,102.069,108.19,153.574,111.306,101.98,104.957,106.471,129.727,109.622,141.534,111.803,125.865,132.136,91.2414,88.2326,82.2922,86.8389,65.437,101.356,129.402,92.9139,108.908,87.4185,82.3286,89.1403,87.3212,75.0733,68.2495,77.7817,88.2326,92.0054,84.3149
8.06226,39.0512,21.095,40.2492,34.0588,28.6356,18.0278,29.9666,18.4391,8.06226,19.2354,24.6982,31.7805,50.9902,51.4782,45,41.2311,23.3452,22.3607,12.0416,36.8782,46.6905,54.0833,35,45.607,27.2029,16.1245,19.4165,30.4138,5,102.078,118.983,108.904,130.511,118.068,80.9568,75.6637,45.3431,124.064,105.679,82.3772,84.5281,56.8595,64.3506,96.7988,75.0067,91.586,94.0213,100.464,134.183,136.825,93.4077,98.2344,127.475,118.966,93.2952,96.1769,87.3212,85.5628,81.6088,73.4302,107.168,108.6,115.802,159.831,123.329,103.619,129.275,95.462,102.069,147.628,106.892,96.2133,100.623,102.552,124.016,104.623,135.591,105.891,119.67,126.606,85.276,83.3547,74.3034,79.6492,58.6941,97.0464,122.287,88.193,101.242,80.2808,76.844,82.807,80.6226,69.4046,62.9682,71.7008,83.3547,85.0412,79.6492
24.8395,55.5428,23.0868,48.0416,56.6392,49.679,41.1461,53.2353,8.24621,28.1603,37.1214,33.7343,50.774,71.6101,68.542,67.1789,64.405,46.4004,42.7551,12.3693,49.4773,59.2284,63.0317,33.9559,48.6621,39.8497,35.609,34.8855,26.9258,18.7883,78.8162,98.4124,86.5563,107.187,95.0158,62.8172,53.4135,22.8035,101.193,82.365,59.0762,63.1269,33.8378,42.2019,76.4853,53.0094,71.6938,70.9366,82.9759,111.198,113.6,70.2922,75.1665,104.202,95.7549,69.9714,72.8972,64.0078,63.1269,58.4123,54.4059,84.22,87.4643,94.6678,137.208,100.449,80.6536,106.019,73.1095,79.2086,124.652,83.6301,73.1095,77.3886,79.4796,100.896,81.3019,112.61,82.8794,96.8762,103.407,62.2896,60.0333,55.3624,58.3095,36.6197,73.8241,100.688,64.8845,80.9568,58.8303,53.6004,60.1415,58.4123,46.2277,39.6611,48.7955,60.0333,63.2456,56.356
33.541,12.0416,30.0832,8.94427,34.9285,26.0768,43.4166,45.8039,44.7214,47.1699,55.9464,19.2354,19.2354,32.5576,20.2485,37.2156,44.2719,36.1248,54.4059,49.0408,4.47214,6.32456,13.6015,26.1725,18.4391,14.1421,26.8328,21.8403,31.0644,44.5533,122.801,149.857,135.204,147.828,140.428,115.732,103.368,74,135.248,123.24,103.47,92.0054,75.7166,92.8493,128.413,103.47,123.968,117.047,135.915,156.605,156.847,116.211,121.202,142.864,133.69,112.446,113.358,106.042,112.254,104.307,107.201,130.633,138.398,145.499,183.918,146.731,116.778,149.037,122.119,126.246,169.806,123.069,118.983,116.726,116.692,145.602,123.556,158.003,128.969,143.67,147.272,109.417,102.801,108.171,109.563,87.6641,113.217,150.712,106.668,132.853,109.932,99.3227,108.706,108.259,93.1504,85.5862,97.0618,102.801,113.719,98.4073
32.1403,9,30.0832,11.4018,31.7805,23.0217,40.8044,42.8019,44.3847,45.2217,53.6656,18.9737,16.1245,29.8329,18.4391,34.1321,41.1096,33.2415,51.8652,48.0104,3.16228,7.07107,16.2788,27.6586,21.2132,13.0384,24.6982,20.2237,32.0156,43.1856,123.847,150.083,135.831,149.201,141.4,115.447,103.755,74.0945,137.004,124.523,104.403,93.8136,76.6094,93.1075,128.515,103.788,123.976,117.89,135.591,157.61,158.041,117.068,122.066,144.361,135.207,113.569,114.63,107.168,112.77,105.119,107.005,131.488,138.708,145.836,184.835,147.635,118.343,150.233,122.674,127.028,170.857,124.451,119.854,118.089,118.191,146.649,124.74,159.013,129.85,144.516,148.395,110.136,103.856,107.968,109.772,87.8465,114.56,151.182,107.815,132.966,110.168,100.125,109.275,108.674,93.8136,86.2844,97.6166,103.856,114.061,99.4887
36.3456,11.7047,33.2415,11.4018,35.3553,27.0185,45.2217,46.8615,47.8539,49.6488,58.1378,22.3607,20,31.1448,17.8885,36.6742,44.3847,37.4833,56.3028,52.0096,7.07107,3.16228,12.0416,29.0689,20.2485,17.0294,29.1548,24.5153,34.1321,47.3814,125.801,153.013,138.311,150.695,143.45,118.878,106.513,77.1622,137.906,126.151,106.508,94.6414,78.7718,96.0052,131.575,106.621,127.13,120.108,139.058,159.615,159.79,119.269,124.258,145.671,136.488,115.421,116.276,109.018,115.382,107.378,110.354,133.69,141.549,148.647,186.955,149.773,119.553,151.98,125.24,129.321,172.8,125.936,122.037,119.604,119.503,148.6,126.507,161.012,132.019,146.728,150.243,112.508,105.802,111.324,112.721,90.824,116.103,153.844,109.636,136.015,113.088,102.396,111.826,111.4,96.2549,88.6848,100.185,105.802,116.867,101.4
38.833,15.2315,34.5254,10.8167,38.9487,30.6105,48.6004,50.448,49.366,52.5547,61.2944,24.0208,23.6008,34.0147,19.9249,40.025,47.927,41.0122,59.6406,54.1479,9.84886,4.12311,8.48528,28.8444,18.3576,19.4165,32.2025,27.2029,34.4384,49.8197,125.67,153.792,138.654,150.147,143.391,120.221,107.154,78.1601,136.883,125.734,106.532,93.6056,78.8923,96.7988,132.503,107.336,128.16,120.221,140.428,159.505,159.455,119.365,124.342,144.972,135.772,115.209,115.884,108.812,115.871,107.541,111.611,133.776,142.243,149.308,186.936,149.79,118.794,151.648,125.674,129.495,172.63,125.399,122.115,119.097,118.828,148.449,126.21,160.897,132.076,146.813,150,112.77,105.683,112.588,113.547,91.7061,115.624,154.353,109.403,136.927,113.886,102.577,112.259,112.004,96.6023,89.0056,100.648,105.683,117.546,101.257
10.6301,28.6531,6.7082,22.8035,36.0555,26.8328,30.0832,39.0128,18.9737,26.1725,37.0135,7.07107,25.4951,46.6905,41.5933,44.7772,45.607,29.0689,38.4708,23.3452,22.3607,32.249,37.4833,17.4642,27.2029,12.6491,14.1421,9.43398,15,20.1246,101.823,125.24,112.071,128.69,118.929,89.9889,79.404,49.1935,119.08,103.711,82.0366,77.0779,54.4885,68.4763,103.47,79.2591,98.7927,95.0158,110.114,135.207,136.517,94.2603,99.2472,124.619,115.676,92.0217,93.8616,85.703,88.7525,82.2192,81.6088,108.577,114.061,121.235,161.969,124.844,99.3227,128.763,98.737,103.856,148.6,104.202,97.0824,97.8008,98.737,124.483,103.392,136.62,107.056,121.511,126.574,86.8332,82.0731,82.5651,84.9706,63.0635,94.2019,126.909,86.4523,107.935,85.4225,77.2334,85.4459,84.3801,70.4344,63.1269,73.8173,82.0731,89.5545,77.8974
13.4164,31.6228,2.82843,23.0868,40.1622,30.8707,33.7343,43,17.1172,28.6007,39.6611,8.544,29.2062,50.3289,44.4185,48.7647,49.7293,33.1361,41.6293,23.4094,24.3516,33.9559,38.0526,14.4222,25.9422,15.2643,18.2483,13.4164,11.0454,21.4009,98.3107,122.654,109,124.964,115.521,88.0738,76.5376,46.6154,115.104,100.005,78.5684,73.0068,50.9117,65.7419,101.02,76.4788,96.4624,91.6788,108.259,131.795,132.944,90.9065,95.901,120.801,111.83,88.4138,90.1388,82.0731,85.7555,78.8733,79.555,105.262,111.36,118.512,158.673,121.511,95.4149,125.176,95.7183,100.603,145.165,100.424,93.723,94.0213,94.8683,121.017,99.7647,133.207,103.711,118.229,123.045,83.6002,78.492,80.5233,82.3468,60.4152,90.4268,124.036,82.807,105.475,82.7647,73.8783,82.3772,81.4923,67.2012,59.8164,70.7248,78.492,86.7698,74.2765
20.2237,43.6005,9.21954,32.5576,50.9902,42.19,41.0488,51.788,10,32.0156,43.0116,20.2485,41.1096,62.2896,56.3028,60.208,60.1664,42.72,46.6905,20.6155,35.7771,44.9444,47.3814,17.4642,32.249,27.2029,28.6356,25,10.4403,22.4722,86.2786,111.234,97.0979,113.071,103.479,77.7817,64.846,35.4401,103.769,88.0909,66.5282,62.2977,38.8973,54.231,89.8109,64.8845,85.44,79.6492,98.0051,119.754,120.934,78.8733,83.8689,109.041,100.125,76.4199,78.2432,70.0928,73.9256,66.8431,69.0507,93.2363,99.8098,106.93,146.649,109.481,83.863,113.172,83.863,88.6002,133.124,88.6002,81.6884,82.201,83.2166,108.977,87.7838,121.165,91.6788,106.212,111.018,71.6101,66.4831,70.0357,70.9366,49.0408,78.6003,112.294,70.8378,94.2444,71.3092,61.8466,70.4911,69.7711,55.2178,47.8017,58.8303,66.4831,75.1532,62.2896
16.0312,38.0132,3.60555,28.0713,45.6946,36.7151,37.054,47.2652,12.1655,29.5466,40.7185,14.7648,35.4683,56.6392,50.774,54.7083,55.0273,37.855,43.6807,20.8087,30.4631,39.8497,43.0465,15.2643,29.1204,21.6333,23.4094,19.4165,9.21954,20.8087,91.9348,116.469,102.626,118.697,109.124,82.3772,70.2353,40.4969,109.179,93.723,72.1803,67.4166,44.5533,59.5063,94.921,70.214,90.4434,85.276,102.591,125.399,126.59,84.5044,89.4986,114.621,105.683,82.0731,83.8689,75.743,79.404,72.4707,73.7564,98.8585,105.119,112.259,152.269,115.109,89.3588,118.828,89.3588,94.2019,138.773,94.2019,87.3212,87.8009,88.7525,114.63,93.4345,126.811,97.3088,111.826,116.675,77.201,72.1388,74.7329,76.1577,54.231,84.2021,117.72,76.4853,99.368,76.5572,67.4759,76.0066,75.1798,60.803,53.4135,64.3506,72.1388,80.4984,67.9412
19.2094,29,8.06226,17.0294,41.5933,31.7805,38.2753,46.3897,23.0217,34.7131,45.607,6.32456,28.6356,49.0918,41.2311,49.0408,51.4782,36.1248,47.0106,30.0832,20.2485,29.1548,32.0156,9.21954,19.2354,13.0384,21.2132,15,9.43398,28.0179,100.767,127.016,112.508,126.669,118.229,93.3809,80.5295,51.2445,115.663,101.833,81.2158,72.9452,53.4135,70.0071,105.622,80.6226,101.242,94.6256,113.6,134.466,135.148,93.8136,98.813,122.147,113.071,90.6091,91.9348,84.22,89.4707,81.8413,84.7231,108.227,115.551,122.654,161.604,124.403,96.4002,127.35,99.363,103.73,147.757,101.98,96.6075,95.5877,96.0469,123.556,101.863,135.871,106.607,121.248,125.399,86.8217,80.8084,85.703,86.7295,64.846,92.0217,127.906,84.8999,110.055,87.0919,76.844,85.9593,85.4283,70.4911,62.9682,74.3034,80.8084,90.8735,76.4853
14.8661,42.0595,9,34,46.6476,38.4187,35.2278,46.3249,6,25.7099,36.6879,19.6469,38.2884,59.4643,55.0091,56.4004,55.4617,37.6962,40.4475,14.8661,35.4401,45.1221,49,21.4709,35.4401,26,24.4131,22.0227,15,16.1555,89.1964,111.826,98.813,116.606,106.075,76.9025,66.0379,35.7771,108.259,91.6079,69.3542,67.4463,42.2019,55.0727,90.0777,65.8635,85.44,82.0731,97.0824,122.348,123.988,81.3449,86.3134,112.898,104.101,79.6492,81.8413,73.4098,75.452,69.3109,68.4105,95.5877,100.648,107.824,148.923,111.866,88.1192,116.276,85.4459,90.7855,135.772,92.358,84.1724,85.9826,87.3212,111.732,91.0494,123.762,94.1116,108.467,113.952,73.7564,69.6563,69.3758,71.5542,49.6488,82.3772,113.534,74.2024,94.541,72.0069,64.3506,72.2011,71.0211,57.3847,50.2096,60.6053,69.6563,76.1577,65.6049
26.0768,36.0555,40.05,48.2597,17,19.7231,5.83095,6.40312,42.0595,19.8494,18.6815,37,26.6271,37,44.5982,27.4591,19.7231,8.60233,13,34.9857,40.3609,47.634,58,51.4198,56.8243,34.4819,21.1896,27.8568,49.2544,28.178,125.399,139.313,131.046,154.052,141.014,99.8649,97.949,68.2422,147.828,129.294,105.816,107.935,80.6226,86.6833,117.154,97.0824,111.665,117.068,118.338,157.003,160.031,116.499,121.248,151.159,142.695,116.846,119.854,110.941,107.935,104.848,93.2363,130,129.557,136.693,182.124,146.031,127.389,152.555,117.686,124.808,170.414,130.587,119.281,124.338,126.317,147.054,128.129,158.405,128.81,142.274,149.773,108.227,106.944,94.0213,101.119,81.0555,120.768,143.586,111.826,121.511,101.833,100.17,105.423,102.825,92.6499,86.4523,94.6256,106.944,106.832,103.31
29.5466,29,41.7732,44.3847,7.07107,13.0384,14.3178,7.2111,47.0106,28.0179,28.6356,36.0555,20,27.0185,35.7771,17.4642,11.4018,6.7082,23.0217,41.7732,35.3553,41.1096,52.0096,51.0392,53.7587,31.7805,21.2132,27,50.2494,34.7131,131.826,147.801,138.6,160.066,147.899,108.757,105.38,75.1665,152.611,135.152,112.071,111.629,85.9593,94.0691,125.603,104.652,120.208,123.847,127.534,164.015,166.604,123.227,128.062,156.78,148.125,122.874,125.539,116.812,115.313,111.4,101.833,137,137.768,144.941,189.589,153.154,132.382,159.028,125.176,131.894,177.46,136.191,126.036,129.865,131.488,153.838,134.239,165.424,135.724,149.482,156.4,115.109,112.898,102.65,109.041,88.4138,126.27,151.644,117.661,130,109.713,106.607,112.61,110.318,99.2018,92.6553,101.533,112.898,114.586,109.078
34.9857,27.7849,46.1736,45.3542,4.12311,14.0357,21.0238,12.0416,52.6972,34.6699,35.171,39.2046,19.9249,21.3776,32.2025,11.0454,6.08276,12.7279,29.2746,48.0833,35.7351,39.9625,51.1077,54.1479,55.109,34.0147,25.632,30.5941,54.1295,41.0122,137.801,154.402,144.959,165.855,154.029,115.434,111.723,81.3941,157.877,140.901,118.004,116.456,91.586,100.409,132.201,111.036,126.827,129.958,134.239,170.182,172.609,129.321,134.183,162.41,153.681,128.705,131.229,122.589,121.631,117.444,108.467,143.178,144.309,151.489,195.9,159.364,137.768,165,131.522,138.105,183.633,141.834,132.136,135.484,136.953,159.928,140.089,171.593,141.873,155.724,162.432,121.264,118.714,109.289,115.521,94.7523,131.883,158.142,123.422,136.605,116.181,112.614,118.87,116.675,105.262,98.6002,107.713,118.714,121.017,114.826
36.7967,19.6469,45.2769,39.0512,8.06226,12.0416,28.2843,21.8403,54.4518,40.4969,43.1856,36.4005,14.3178,12.0416,22.0227,6.32456,13.6015,18.4391,38.0132,51.8652,29.0689,31.3847,42.5441,50.6952,49.0408,30.0832,26.1725,29.1548,52,44.9444,139.603,158.928,148.165,167.003,156.311,120.768,114.978,84.386,157.648,142.004,119.754,115.395,92.6175,103.711,136.752,114.477,131.548,132.246,140.036,172.557,174.413,131.552,136.488,163.11,154.208,130.096,132.201,123.847,124.74,119.553,113.371,145.664,148.449,155.657,198.799,161.929,137.906,166.712,134.715,140.73,186.003,142.636,134.38,136.242,137.295,162.052,141.496,173.971,144.257,158.417,164.347,123.746,120.104,114.237,119.403,98.0816,132.639,162.003,124.631,141.198,120,114.63,121.754,119.971,107.49,100.499,110.345,120.104,124.631,116.039
48.2701,31.0161,57.7062,51.0392,16.2788,24.1868,35.7771,25.7099,66.0681,49.3964,49.6488,49.0408,26.9258,13.6015,29.0689,6.32456,12.0416,27.2029,43.4166,62.3699,41.0488,41.7732,52.6308,63.3246,61.0328,42.72,38.0132,41.5933,64.622,55.3173,151.344,169.027,159.176,179.025,167.836,130.173,125.936,95.462,170.074,154.029,131.503,127.953,104.623,114.63,146.823,125.32,141.481,143.753,149.003,184.043,186.172,143.087,147.99,175.285,166.433,142.004,144.267,135.801,135.794,131.137,123.146,157.08,158.836,166.027,210.012,173.312,150.233,178.508,145.726,152.069,197.497,154.768,145.911,148.385,149.566,173.658,153.405,185.456,155.724,169.729,176.051,135.148,132.004,123.976,129.958,108.977,144.779,172.595,136.605,151.238,130.599,126.254,132.936,130.908,119.004,112.161,121.655,132.004,135.37,128.004
33.6155,7.07107,38.1838,27.074,17.6918,12.3693,32.9848,30.8058,49.93,42.0476,47.676,27.8029,7.28011,15.2643,13.1529,18.1108,25.9422,23.4094,43.9659,49.98,17.1172,18.7883,29.9666,40.7185,37.054,20.8087,23.0868,23.0217,43.2666,43.6807,133.66,156.186,143.809,160.206,150.814,119.403,110.941,80.455,149.496,135.281,113.899,106.677,86.267,99.8599,134.183,110.675,129.248,126.905,139.176,167.093,168.297,126.151,131.137,155.862,146.82,123.762,125.399,117.414,120.433,114.11,111.485,140.464,145.262,152.463,193.848,156.732,130.208,160.527,130.43,135.724,180.48,135.591,128.973,129.19,129.808,156.349,135.104,168.505,138.946,153.388,158.398,118.697,113.846,112.401,116.108,94.3398,125.607,158.382,118.14,138.654,116.619,109.124,117.201,115.935,102.303,95.0158,105.603,113.846,120.95,109.622
15.2971,36.1386,29.8329,43.1856,24.5967,22.0227,6.32456,18.3576,30.0832,8.94427,14.3178,29.4109,27.2947,43.4166,47.1699,35.7771,30.4138,13.4164,13.6015,23.0217,37.2156,46.0977,55.2268,42.5441,50.448,29.0689,15,21.2132,39.2938,16.1245,113.442,128.6,119.553,142.021,129.201,89.6939,86.3713,56.4004,135.768,117.239,93.8136,96.1041,68.542,75.0733,106.4,85.5862,101.02,105.209,108.674,145.245,148.122,104.623,109.403,139.086,130.614,104.809,107.782,98.8838,96.3328,92.9139,82.662,118.229,118.562,125.734,170.59,134.317,115.317,140.616,106.151,113.071,158.673,118.512,107.415,112.259,114.237,135.207,116.108,146.649,117.004,130.599,137.877,96.4002,94.8947,83.4865,89.8721,69.4262,108.688,132.458,99.7647,110.802,90.5539,88.2043,93.723,91.2853,80.7094,74.4312,82.801,94.8947,95.462,91.2414
20.5183,20.1246,30.6757,32.6497,12.083,5.09902,16.1555,17.8885,38.2884,25.318,30.5941,24,10.7703,27.313,30.2655,21.9317,21.587,7.81025,27.313,35.5106,24.2074,31.4006,41.7253,39,41.7852,19.6469,10.2956,15.1327,38.6394,28.6531,123.556,142.58,131.795,151.238,140.121,104.652,98.5951,68.0147,142.667,126.246,103.711,101.02,76.844,87.3212,120.416,98.0816,115.248,116.043,124.085,156.349,158.382,115.365,120.283,147.567,138.755,114.202,116.499,108.005,108.374,103.392,97.1288,129.418,132.061,139.27,182.483,145.671,122.674,150.712,118.343,124.451,169.8,127.028,118.191,120.652,121.939,145.911,125.603,157.762,128.035,142.13,148.273,107.49,104.202,98.0051,103.005,81.6884,117.047,145.602,108.812,124.868,103.6,98.4937,105.418,103.586,91.2853,84.386,94.0479,104.202,108.231,100.21
20.5913,50.1597,32.5576,52.7731,40.3113,37.4833,20.2485,31.8904,25,7.07107,11.1803,37.2156,42.0119,59.203,62.0081,51.4782,45.2217,29.1548,17.4642,14.1421,49.0408,58.6941,66.4831,46.6905,58.0086,39.5601,27.2947,31.6228,41.4005,11.4018,101.533,113.701,105.891,130.614,116.503,74.3303,73.0068,44.2832,126.384,106.231,82.3468,89.1403,59.2284,61.8547,91.5478,72.0069,86.0523,92.7847,93.0591,132.31,135.831,92.2822,96.8969,128.316,120.208,93.6216,97.1442,88.0227,83.006,80.9506,67.624,105.394,104.005,111.126,156.975,121.248,105.773,128.503,92.6175,100.125,145.661,107.912,95.0158,101.843,104.403,122.642,104.695,133.701,104.307,117.414,125.539,83.863,83.9345,68.4105,75.743,56.3028,98.3514,118.089,88.955,95.901,76.4853,76.4853,80.7094,77.801,68.8767,63.3246,70.3278,83.9345,81.5659,80.6536
39.6989,20.0998,47.7074,40.0125,11,14.8661,31.4006,24.5153,57.28,43.6578,46.2709,38.4838,16.1555,9,20.5183,5.09902,14.8661,21.587,41,54.9181,30.0167,31.3209,42.3792,52.4976,50.01,31.9531,29,31.6228,54.1295,48.0208,142.341,161.988,151.093,169.623,159.113,123.891,117.924,87.3212,160.016,144.627,122.495,117.618,95.268,106.668,139.818,117.444,134.629,135.059,143.178,175.368,177.138,134.358,139.302,165.653,156.723,132.774,134.807,126.507,127.664,122.348,116.469,148.499,151.476,158.685,201.675,164.77,140.357,169.425,137.644,143.586,188.809,145.207,137.186,138.809,139.786,164.83,144.17,176.782,147.078,161.276,167.093,126.59,122.788,117.337,122.413,101.045,135.207,165,127.283,144.267,123.004,117.414,124.652,122.919,110.309,103.276,113.217,122.788,127.613,118.697
33.0151,13.9284,40.2244,33.0606,10.6301,8.544,28.0713,24.1868,50.3289,38.833,43.0465,30.8707,8.544,13.8924,18.7883,12.1655,18.7883,18.1108,38.6394,48.7647,23.0868,25.9422,37.1214,44.9222,43.0465,24.3516,22.2036,24.2074,46.5188,42.0476,135.148,155.724,144.309,162.265,152.03,118.106,111.212,80.604,152.463,137.277,115.313,110.018,87.9659,100,133.6,110.802,128.503,128.004,137.615,168.297,169.918,127.287,132.246,158.218,149.265,125.495,127.44,119.206,120.88,115.261,110.476,141.485,145.055,152.266,194.743,157.762,132.853,162.188,130.874,136.62,181.728,137.801,130.115,131.4,132.31,157.699,136.883,169.712,140.036,154.311,159.906,119.604,115.521,111.364,115.935,94.4034,127.801,158.446,119.971,138.062,116.499,110.309,117.796,116.211,103.276,96.1665,106.301,115.521,121.017,111.396
33.9706,18.3848,42.5441,37.2156,6.7082,9.21954,26.0768,20.6155,51.6236,37.9473,41.0488,33.8378,12.0416,14.3178,22.4722,8.94427,14.3178,16.1245,36.1248,49.0918,27.2947,30.4138,41.5933,48.2701,47.1699,27.6586,23.3452,26.4197,49.3964,42.19,136.781,156.16,145.344,164.201,153.483,118.072,112.161,81.5659,154.923,139.201,116.932,112.73,89.8109,100.896,133.989,111.665,128.798,129.418,137.383,169.729,171.593,128.725,133.66,160.328,151.433,127.283,129.402,121.037,121.918,116.726,110.639,142.836,145.661,152.869,195.972,159.101,135.152,163.893,131.894,137.902,183.175,139.846,131.552,133.454,134.529,159.226,138.683,171.143,141.428,155.589,161.524,120.917,117.29,111.508,116.606,95.268,129.85,159.201,121.824,138.438,117.201,111.803,118.929,117.154,104.661,97.6729,107.517,117.29,121.824,113.23
26.6271,13.4536,34.1321,29.8329,11.4018,3.16228,23.7697,22.6274,43.9318,33.2415,38.4708,25.2982,4.47214,20.2485,22.3607,17.4642,21.2132,14.3178,34.7851,42.4853,20.2485,25.4951,36.4005,39.8121,39.6232,19.2354,15.8114,18.0278,40.8534,35.8469,128.818,149.375,137.906,156.029,145.664,111.893,104.809,74.2024,146.485,131.034,108.977,104.216,81.6884,93.6002,127.264,104.403,122.188,121.631,131.472,161.929,163.6,120.917,125.873,152.053,143.126,119.206,121.211,112.929,114.477,108.894,104.202,135.104,138.679,145.89,188.351,151.38,126.779,155.878,124.471,130.231,175.362,131.605,123.746,125.208,126.194,151.347,130.599,163.343,133.66,147.922,153.574,113.217,109.225,105.095,109.554,88.0057,121.606,152.053,113.701,131.727,110.114,103.947,111.396,109.809,96.8969,89.8053,99.905,109.225,114.621,105.119
29.6816,12.2066,36.6197,30.2655,11.6619,6,26.4764,24.2074,46.8615,36.3456,41.3038,27.313,5.09902,17.2047,19.6469,15.5242,20.8806,16.7631,37.3631,45.618,20.3961,24.4131,35.5106,41.4849,40.1995,20.8806,18.868,20.6155,42.9535,39,131.59,152.463,140.869,158.673,148.499,115.039,107.801,77.201,148.862,133.686,111.759,106.438,84.386,96.6075,130.361,107.415,125.3,124.483,134.629,164.77,166.352,123.762,128.725,154.616,145.661,121.918,123.847,115.624,117.444,111.732,107.331,137.975,141.739,148.95,191.254,154.253,129.248,158.619,127.44,133.124,178.197,134.201,126.59,127.801,128.705,154.156,133.304,166.184,136.517,150.814,156.349,116.103,111.946,108.227,112.606,91.022,124.201,155.081,116.387,134.826,113.159,106.775,114.337,112.801,99.7647,92.6337,102.825,111.946,117.644,107.815
29.0689,16.4012,37.5899,33.7343,7.61577,4.24264,23.0868,20,46.669,33.9559,38.0526,29.1204,8.24621,18.3848,23.4094,13.8924,17.2627,13.1529,33.7343,44.4185,24.0416,28.6007,39.6611,43.7379,43.566,23.1948,18.3848,21.4709,44.5982,37.5899,131.795,151.476,140.464,159.201,148.519,113.596,107.299,76.6942,149.967,134.201,111.946,107.838,84.8116,96.0469,129.321,106.827,124.169,124.459,133.015,164.77,166.604,123.762,128.701,155.332,146.441,122.287,124.403,116.039,117.034,111.759,106.066,137.888,140.911,148.122,191.05,154.156,130.173,158.902,127.016,132.966,178.213,134.848,126.59,128.456,129.541,154.253,133.686,166.184,136.473,150.655,156.541,115.974,112.294,106.944,111.83,90.4268,124.852,154.402,116.825,133.776,112.414,106.832,114.022,112.294,99.7046,92.6984,102.591,112.294,117.004,108.231
32.249,10.7703,38.4187,30.0167,13.4536,9,29.4279,26.6271,49.2037,39.3192,44.2832,28.6531,6.40312,14.8661,16.7631,15.0333,21.9317,19.6469,40.2616,48.3322,20.025,22.8254,34,42.3792,40.0125,21.9317,21.4709,22.6274,44.2945,41.7852,133.66,155.048,143.224,160.562,150.655,117.784,110.209,79.6304,150.416,135.591,113.846,107.824,86.3713,99.0454,132.97,109.859,127.941,126.669,137.419,166.931,168.386,125.936,130.908,156.4,147.411,123.907,125.734,117.593,119.808,113.899,110.023,140.186,144.267,151.476,193.507,156.464,130.92,160.639,129.808,135.37,180.347,136.033,128.763,129.63,130.43,156.272,135.281,168.345,138.708,153.056,158.417,118.343,113.952,110.923,115.122,93.4773,126.036,157.547,118.343,137.437,115.663,108.931,116.662,115.209,101.98,94.7945,105.119,113.952,120.104,109.786
35.609,16.4924,43.2666,36.0139,9.84886,10.8167,29.0172,23.7697,53.0754,40.5216,44.0114,34.0147,11.7047,11.7047,19.4165,9.05539,16.6433,19.0263,39.2046,51.1077,26.0192,28.2312,39.3954,48.0833,46.0109,27.5136,24.8395,27.2029,49.6588,44.2945,138.033,158.152,146.986,165.239,154.858,120.304,113.851,83.2406,155.554,140.246,118.191,113.146,90.9065,102.616,136.004,113.406,130.863,130.817,139.714,171.12,172.818,130.108,135.059,161.236,152.296,128.425,130.419,122.147,123.556,118.089,112.77,144.278,147.557,154.768,197.497,160.552,135.912,165.097,133.544,139.388,184.556,140.801,132.936,134.402,135.351,160.552,139.818,172.534,142.843,157.08,162.788,122.381,118.444,113.649,118.461,97.0052,130.801,161.012,122.919,140.46,119.038,113.146,120.507,118.849,106.075,99.0051,109.041,118.444,123.6,114.337
31.1448,17.4929,39.8246,35.5106,6.40312,6.40312,24,19.7231,48.7955,35.4401,39,31.3209,10.0499,16.7631,23.2594,11.6619,15.5242,14,34.3657,46.3249,25.7099,29.6816,40.8167,45.8912,45.3982,25.318,20.5183,23.7065,46.8188,39.4462,133.959,153.395,142.524,161.4,150.655,115.382,109.343,78.7464,152.201,136.4,114.11,110.073,87.0057,98.0816,131.229,108.853,126.052,126.59,134.737,166.901,168.772,125.897,130.832,157.547,148.661,124.471,126.606,118.229,119.097,113.899,107.912,140.007,142.874,150.083,193.145,156.272,132.401,161.075,129.074,135.074,180.347,137.058,128.725,130.668,131.765,156.4,135.871,168.315,138.6,152.761,158.701,118.089,114.477,108.784,113.811,92.4554,127.063,156.4,119.017,135.68,114.403,108.977,116.103,114.337,101.833,94.8472,104.69,114.477,119.017,110.422
38.6005,17.0294,45.8039,37.054,12.3693,13.8924,32.0624,26.2488,55.9732,43.6807,47.0425,36.2353,13.8924,8.544,17.6918,8.24621,17.6918,22.0907,42.107,54.2033,27.074,28.1603,39.2173,49.98,47.0425,29.5466,27.8029,29.8329,51.8845,47.4131,140.801,161.227,149.937,167.887,157.686,123.438,116.825,86.2148,157.953,142.902,120.967,115.412,93.6056,105.603,139.086,116.4,133.959,133.66,142.864,173.954,175.568,132.944,137.902,163.808,154.842,131.137,133.06,124.844,126.507,120.917,115.884,147.139,150.602,157.813,200.392,163.417,138.398,167.836,136.499,142.271,187.385,143.405,135.772,137.004,137.877,163.355,142.524,175.368,145.691,159.962,165.56,125.256,121.165,116.765,121.495,100,133.405,164.027,125.607,143.544,122.066,115.966,123.434,121.824,108.931,101.823,111.946,121.165,126.606,117.034
