0,27.2029,27.6586,17.0294,7.81025,20.2237,29.8329,11.4018,34.0588,61.0328,33.2415,42.4853,36.4005,45.1774,66.1891,54.7083,29.7321,87.0919,89.4707,83.1685,170.532,161.186,171.234,161.929,172.325,135.059,130.062,135.181,130.311,135.447,130.465,135.532,140.698,130.752,86.1626,86.9253,89.6939,92.7038,93.5201,89,98.8989,95.7131,91.3017,93.9415,114.586,117.414,154.302,169.85,163.273,132.774,151.529,153.951,139.521,113.846,125.642,138.928,156.08,176.298,170.135,134.466,113.649,134.373,148.933,145.399,140.431,140.528,127.883,120.441,131.883,115.378,115.135,106.283,142.948,165.124,185.569,157.892,178.941,141.993,134.38,128.95,118.106,141.662,147.648,142.338,146.492,161.137,165.68,130.668,163.169,133.297,132.774,130.384,119.218,124.31,135.03,119.403,175.026,134.529,149.094,119.281
27.2029,0,52.6972,26.5707,34.0147,25.9422,16.5529,29.8329,10,36.4005,6.08276,16.2788,9.43398,22.4722,39.6611,29,2.82843,68.0074,71.7008,62.9682,143.377,134.078,144.101,134.852,145.231,109.073,104.077,109.005,104.005,109.041,104.043,109.073,114.158,104.173,59.0931,59.9333,62.6498,65.7419,66.6483,62.2656,72.0069,69.1158,64.8999,67.4166,91.0494,93.8616,129.449,142.678,136.125,105.721,124.326,127.424,113.851,86.8159,99.8098,111.79,129.294,149.723,143.951,109.622,87.1321,107.201,121.807,118.309,113.741,113.596,100.688,94.0319,105.683,89.6437,87.9318,79.1202,119.004,138.571,159.223,130.729,152.053,117.38,110.752,101.98,91.2414,115.378,120.748,115.135,119.331,134.629,139.521,105.119,136.132,106.677,105.702,103.247,92.0272,97.1442,107.838,92.3093,149.03,108.6,122.642,93.723
27.6586,52.6972,0,42.4853,19.8494,46.0652,57.4891,23.2594,56.8595,81.2527,58.3095,68.8186,62.1289,65.2534,92.358,81.4002,55.4707,99.6092,100.449,97.1288,195.151,186.075,195.98,186.944,197.254,155.029,150.097,155.541,151.01,156.311,151.42,156.518,161.83,152.082,111.414,112.379,115.004,118.207,119.202,114.909,124.531,121.795,117.597,120.108,142.13,144.959,181.571,194.34,187.949,155.589,175.482,180.094,166.4,139.119,152.411,163.719,181.835,202.371,196.644,161.722,139.818,157.889,172.029,170.394,166.355,166.003,151.714,146.728,158.373,142.201,139.316,131.046,170.449,191.23,211.917,181.221,204.472,169.331,161.929,154.353,143.757,168.074,173.185,166.388,169.85,187.302,192.211,157.61,185.723,159.327,157.867,155.206,143.673,148.977,159.411,144.451,201.695,161.236,175.328,146.209
17.0294,26.5707,42.4853,0,23.7697,3.60555,18.9737,28.0713,36.2491,62.9365,32.0156,37.054,33.2415,48.7545,59.439,47.2969,27.8927,93.8136,97.0824,89.0674,164.454,154.806,164.976,155.361,165.801,134.629,129.653,134.373,129.248,134.134,129.139,134.093,139.032,129.035,80.4114,80.8084,83.7437,86.3481,86.8332,82.0061,92.1792,88.2326,83.4865,86.3308,102.801,105.603,143.391,163.954,157.175,129.387,146.509,145.619,129.769,107.448,116.276,132.91,148.408,167.943,160.997,123.713,105.688,130.115,145,139.014,132.608,133.454,123.321,112.161,123.065,105.991,110.318,100.807,131.21,156.78,176.664,153.584,171.47,130.92,122.442,122.123,111.018,132.914,140.407,137.295,142.274,152.712,156.525,120.83,159.706,125.355,126.384,124.427,113.952,118.663,129.634,113.265,165.529,125.22,140.631,109.59
7.81025,34.0147,19.8494,23.7697,0,27.2029,37.6431,9.43398,39.8121,66.1211,39.9249,49.7393,43.382,50.04,73.4302,62.1289,36.6742,89.8443,91.7606,86.3481,177.341,168.077,178.084,168.861,179.234,140.357,135.37,140.602,135.831,141.028,136.066,141.152,146.373,136.473,93.1075,93.9415,96.6644,99.7447,100.623,96.1769,105.991,102.956,98.6154,101.213,122.348,125.176,161.969,176.618,170.097,138.975,158.114,161.245,147.054,120.83,133.135,145.774,163.248,183.576,177.553,142.127,120.934,140.801,155.242,152.315,147.648,147.597,134.406,127.769,139.284,122.886,121.758,113.088,150.695,172.409,192.938,164.283,186.046,149.683,142.144,135.989,125.22,149.04,154.742,148.946,152.882,168.44,173.104,138.221,169.319,140.545,139.714,137.233,125.936,131.103,141.739,126.317,182.497,142.004,156.416,126.827
20.2237,25.9422,46.0652,3.60555,27.2029,0,16.2788,31,35.8469,62.0322,31.0161,35.0143,31.7805,48.3735,56.8859,44.7214,26.9258,93.7443,97.2008,88.8369,161.771,152.086,162.265,152.611,163.049,132.966,128.004,132.639,127.475,132.306,127.318,132.242,137.131,127.142,77.9295,78.2624,81.2158,83.7437,84.1724,79.3095,89.4986,85.44,80.6536,83.5225,99.4032,102.201,140.064,161.301,154.496,127.193,144.014,142.618,126.59,104.785,113.159,130.269,145.499,164.924,157.877,120.416,102.786,127.769,142.688,136.308,129.692,130.648,120.934,109.202,120.017,102.883,107.912,98.3107,127.801,153.769,173.566,151.199,168.573,127.581,119.017,119.369,108.24,129.865,137.568,134.807,139.918,149.693,153.405,117.648,157.458,122.43,123.693,121.807,111.463,116.103,127.098,110.635,162.361,122.102,137.615,106.438
29.8329,16.5529,57.4891,18.9737,37.6431,16.2788,0,37.5766,25.807,48.8774,19.105,19.4165,18.0278,37.4833,40.6079,28.4429,15.8114,82.8794,86.977,77.4661,145.523,135.857,146.031,136.4,146.84,117.546,112.614,117.098,111.879,116.619,111.647,116.52,121.334,111.364,61.6604,61.9839,64.9384,67.4685,67.9117,63.0635,73.2462,69.2604,64.5136,67.3573,85.0412,87.8635,125.208,145.041,138.246,111.072,127.738,126.716,111.14,88.5268,97.5295,114.004,129.449,149.054,142.239,105.437,86.7295,111.544,126.479,120.071,113.653,114.481,104.69,93.2309,104.216,87.2353,91.6624,82.0366,113.455,137.884,157.867,134.952,152.506,112.801,104.805,103.16,92.0489,114.061,121.433,118.533,123.685,133.825,137.768,102.215,141.287,106.405,107.448,105.537,95.1893,99.8248,110.82,94.3663,146.86,106.471,121.742,90.9175
11.4018,29.8329,23.2594,28.0713,9.43398,31,37.5766,0,33.6155,58.6941,35.2278,46.0977,39.2046,42.5793,69.4046,58.7963,32.6497,80.7775,82.5409,77.4661,171.898,162.816,172.722,163.686,173.994,132.85,127.883,133.222,128.565,133.821,128.891,133.989,139.262,129.437,88.193,89.1852,91.7878,95.0158,96.0417,91.8096,101.356,98.737,94.6256,97.0824,120.416,123.24,159.226,171.094,164.694,132.563,152.279,157,143.68,115.884,129.63,140.46,158.647,179.246,173.678,139.388,116.765,134.737,148.96,147.136,143.21,142.78,128.515,123.709,135.429,119.474,116.078,107.787,148.553,168.119,188.876,158.114,181.246,147.105,140.186,131.126,120.569,145.086,149.967,143.171,146.731,164.21,169.257,134.952,162.782,136.213,134.614,131.947,120.42,125.718,136.165,121.198,178.807,138.405,152.266,123.556
34.0588,10,56.8595,36.2491,39.8121,35.8469,25.807,33.6155,0,27.2947,7.28011,17.4642,11,12.53,37.5366,29.0689,10,58.0086,61.7171,53,138.293,129.248,139.129,130.142,140.428,101.02,96.0208,101.124,96.2549,101.4,96.421,101.494,106.677,96.7471,54.9181,56.0357,58.5235,61.8547,63.0079,59.0339,68.2422,66.0681,62.2896,64.5368,91.2688,94.0319,128.144,137.481,131.095,99.2018,118.68,124.036,111.759,82.4924,97.6217,106.888,125.399,146.168,141.032,108.467,84.0238,101.193,115.521,113.6,110.114,109.417,94.921,91.0494,102.942,87.6812,82.4621,74.2428,118.6,135.093,156.013,124.619,147.851,116.387,110.68,97.7548,87.367,112.446,116.619,109.563,113.225,131.244,136.653,103.238,129.522,103.228,101.119,98.387,86.8159,92.1358,102.552,87.7097,146.349,106.217,119.403,91.9348
61.0328,36.4005,81.2527,62.9365,66.1211,62.0322,48.8774,58.6941,27.2947,0,31.0161,31.1448,30.8869,16.1245,32.0624,33.1059,35.1141,36.0555,41.1825,30,116.284,107.898,117.346,109.041,118.983,74.2428,69.2604,74.5453,69.8713,75.1332,70.214,75.3127,80.604,70.8308,38.9487,40.7063,42.19,45.793,47.5079,45.1885,51.8652,51.8845,49.7695,50.9902,83.9345,86.4002,115.248,115.248,109.293,74.8465,95.7706,106.075,97.3499,63.6553,83.5284,85.8021,106.217,127.405,123.843,96.6023,68.2422,77.8267,91.3893,92.8009,91.9348,89.9389,72.2011,75.213,87.2009,74.7061,60.803,54.4518,108.337,116.692,137.902,100.722,127.613,104.657,101.592,78.5175,69.4262,95.901,97.0824,86.954,89.4707,113.137,119.67,89.6939,104.676,85.703,80.9197,77.6209,65.6049,71.218,80.7094,67.9412,129.634,91.2634,101.912,79.177
33.2415,6.08276,58.3095,32.0156,39.9249,31.0161,19.105,35.2278,7.28011,31.0161,0,11.6619,4.47214,18.3848,34.2053,24.2074,4.12311,63.8905,67.897,58.6003,137.419,128.156,138.159,128.95,139.316,103.121,98.1275,103.019,98,103.019,98.0204,103.044,108.116,98.1275,53.2259,54.1202,56.7979,59.9416,60.9016,56.6039,66.242,63.5138,59.4054,61.8547,86.6083,89.4036,124.451,136.704,130.173,99.6393,118.296,121.795,108.577,80.9568,94.4934,105.849,123.548,144.062,138.452,104.661,81.5414,101.139,115.732,112.401,108.046,107.782,94.6414,88.4816,100.21,84.386,81.9085,73.1642,114.337,132.925,153.652,124.664,146.25,112.486,106.212,96.1509,85.4751,109.859,114.948,109.11,113.265,129.004,134.034,99.905,130.05,101.02,99.8098,97.3088,86.0349,91.1811,101.843,86.406,143.6,103.233,117.047,88.5268
42.4853,16.2788,68.8186,37.054,49.7393,35.0143,19.4165,46.0977,17.4642,31.1448,11.6619,0,7.2111,24.0416,23.7065,12.7279,13.4536,66.7083,71.4003,60.8769,128.39,118.929,129.027,119.616,130.035,98.1529,93.2148,97.7394,92.5419,97.3293,92.3472,97.2522,102.122,92.1358,43.9659,44.5982,47.4342,50.3289,51.0784,46.5188,56.4624,53.2353,48.8774,51.4782,75,77.801,113.172,127.781,121.116,92.3472,109.882,111.508,97.6166,71.5122,83.6002,96.7678,113.596,133.843,127.863,93.3488,71.1969,93.2148,108.046,103.121,97.949,98.0867,86.4928,78.032,89.5879,73.4098,73.5459,64.2884,102.825,122.674,143.21,116.726,136.473,101.119,94.6414,86.539,75.6439,99.3227,105.19,100.663,105.38,118.701,123.422,88.8651,122.691,90.824,90.4765,88.2326,77.3692,82.28,93.145,77.1622,132.88,92.4175,106.677,77.4661
36.4005,9.43398,62.1289,33.2415,43.382,31.7805,18.0278,39.2046,11,30.8869,4.47214,7.2111,0,20.2485,30.2324,19.8494,6.7082,65.0692,69.3542,59.5483,134.134,124.788,134.833,125.539,135.93,101.4,96.421,101.178,96.0833,101.02,96.0208,101.005,106.005,96.0052,49.7695,50.5668,53.3104,56.3649,57.2451,52.8394,62.6099,59.6825,55.4707,57.9828,82.201,85,120.216,133.462,126.874,97.0155,115.248,117.992,104.484,77.4726,90.4268,102.528,119.883,140.293,134.525,100.409,77.6981,98.27,112.969,109.005,104.317,104.216,91.6788,84.5991,96.2601,80.2808,78.848,69.8928,109.986,129.139,149.79,121.807,142.664,108.208,101.828,92.6121,81.8413,105.948,111.36,106.042,110.422,125.196,130.096,95.7758,127.424,97.2471,96.3846,93.984,82.8613,87.9204,98.6712,83.006,139.617,99.2018,113.208,84.386
45.1774,22.4722,65.2534,48.7545,50.04,48.3735,37.4833,42.5793,12.53,16.1245,18.3848,24.0416,20.2485,0,36.7696,32.0624,22.0227,45.607,49.5177,40.4969,131.126,122.45,132.098,123.491,133.6,90.3549,85.3756,90.6697,85.9884,91.2414,86.3134,91.4112,96.6902,86.885,50.2096,51.6624,53.7401,57.28,58.7282,55.4437,63.6396,62.482,59.4054,61.2209,91.2853,93.9415,125.801,130.177,124.036,90.4765,110.923,119.097,108.577,76.8375,94.4934,100.17,119.808,140.869,136.561,106.508,79.9312,93.1075,106.977,107.07,104.995,103.6,87.2067,87,99.0353,85,75.2928,68.0074,117.478,129.958,151.093,116.245,141.736,114.547,110.059,92.0054,82.2192,108.19,110.802,101.966,104.924,126.254,132.276,100.424,120.503,98.4124,94.8683,91.8096,79.925,85.44,95.3834,81.6088,142.144,102.728,114.691,89.4036
66.1891,39.6611,92.358,59.439,73.4302,56.8859,40.6079,69.4046,37.5366,32.0624,34.2053,23.7065,30.2324,36.7696,0,12.1655,36.8917,65.7875,71.4703,59.4643,105.081,95.5092,105.65,96.1353,106.569,80.3243,75.6108,79.404,74.0405,78.339,73.4983,78.1025,82.5651,72.7805,21.095,21.3776,24.3311,26.9258,27.5136,22.8473,32.8938,29.5296,25.2389,27.7849,54.5619,57.2451,90.6091,104.547,97.8008,71.0634,87.1321,87.818,74.411,48.0833,60.3075,73.4983,89.8999,110.145,104.293,70.9366,47.5079,71.1126,86.093,79.6994,74.2428,74.4648,64.195,54.3783,66.0303,50.2494,51.1566,41.4367,81.2712,98.9798,119.57,94.4299,112.805,78.8733,73.5731,62.9682,52,75.7166,81.5414,77.9295,83.2166,95.0158,99.8649,65.7951,101.02,67.1193,67.0522,65,54.5894,59.2284,70.214,53.8516,109.403,69.029,83.006,54.4518
54.7083,29,81.4002,47.2969,62.1289,44.7214,28.4429,58.7963,29.0689,33.1059,24.2074,12.7279,19.8494,32.0624,12.1655,0,26.1725,68.9638,74.2428,62.7694,117.175,107.564,117.72,108.157,118.596,91.214,86.4002,90.471,85.1469,89.627,84.7231,89.4427,94.0479,84.1724,33.2415,33.541,36.4966,39.0512,39.5601,34.7851,44.9222,41.2311,36.6742,39.3954,62.426,65.215,100.449,116.662,109.895,83.006,99.2975,99.2975,85,60.1664,71.0282,85.6154,101.637,121.655,115.434,80.6226,59.0339,83.2166,98.1835,91.7606,85.9069,86.3771,76.3217,65.7647,77.1751,60.803,63.2851,53.6004,90.1388,110.476,130.863,106.569,124.615,88.3912,82.0061,74.9466,63.9062,86.954,93.4077,90.0944,95.3362,106.471,110.982,76.2168,113.071,78.721,79.1202,77.1298,66.7533,71.3863,82.3772,65.9697,120.37,79.8812,94.414,64.8151
29.7321,2.82843,55.4707,27.8927,36.6742,26.9258,15.8114,32.6497,10,35.1141,4.12311,13.4536,6.7082,22.0227,36.8917,26.1725,0,67.624,71.5052,62.426,140.801,131.472,141.51,132.231,142.618,107.168,102.176,107.042,102.005,107.005,102.005,107.019,112.071,102.078,56.4624,57.2713,60.0083,63.0714,63.9531,59.5399,69.3181,66.3702,62.1289,64.6607,88.2383,91.0494,126.621,140.118,133.544,103.407,121.84,124.68,111.041,84.1724,97.0052,109.202,126.59,146.986,141.174,106.794,84.3801,104.785,119.436,115.694,111.018,110.923,98.2344,91.2688,102.903,86.8332,85.44,76.5506,116.181,135.831,156.461,128.32,149.372,114.551,107.935,99.3177,88.5494,112.606,118.068,112.641,116.927,131.883,136.741,102.303,133.821,103.942,103.078,100.658,89.493,94.578,105.304,89.6939,146.24,105.802,119.887,90.9065
87.0919,68.0074,99.6092,93.8136,89.8443,93.7443,82.8794,80.7775,58.0086,36.0555,63.8905,66.7083,65.0692,45.607,65.7875,68.9638,67.624,0,6,6.32456,120.507,114.202,122.025,115.802,124.326,64.8999,60.803,66.6108,63.8905,69.029,65.192,69.6563,74.8131,67.2086,64.0078,66.0076,66.0303,69.1158,71.1126,71.007,73.5527,76.1052,76.0066,76.0263,111.018,113.071,134.766,119.004,114.477,76.6942,99.3579,118.962,116.09,79.6994,103.812,94.6678,116.97,137.594,136.883,118.457,88.0738,82.201,91.9348,101.548,105.603,101.533,79.0759,94.1116,104.995,97.1648,72.0902,70.6045,131.214,128.129,148.718,101.119,135,126.147,126.02,91.7878,86.0233,111.79,107.912,92.2009,91.351,125.3,133.27,110.114,101.671,101.02,92.1303,88.1192,76.9675,82.2922,88.5099,81.7068,143.126,109.768,115.871,101.435
89.4707,71.7008,100.449,97.0824,91.7606,97.2008,86.977,82.5409,61.7171,41.1825,67.897,71.4003,69.3542,49.5177,71.4703,74.2428,71.5052,6,0,12.1655,125.1,119.038,126.657,120.673,129.016,68.4105,64.5368,70.2922,67.897,72.9178,69.2965,73.5935,78.6448,71.4493,70.0071,72.0069,72.0278,75.1066,77.1038,77.0065,79.511,82.0975,82.0061,82.0244,117.017,119.067,140.52,123.556,119.202,81.4002,104.019,124.338,121.84,85.44,109.659,99.8499,122.188,142.688,142.215,124.338,93.9415,87.0919,96.3328,106.677,111.086,106.888,84.22,99.925,110.725,103.097,77.6209,76.4003,137.117,133.36,153.834,105.418,139.846,132.004,131.973,97.3088,91.7606,117.393,113.177,97.0824,95.901,130.599,138.654,115.953,105.551,106.626,97.509,93.4719,82.4621,87.7268,93.6483,87.3155,148.476,115.521,121.334,107.355
83.1685,62.9682,97.1288,89.0674,86.3481,88.8369,77.4661,77.4661,53,30,58.6003,60.8769,59.5483,40.4969,59.4643,62.7694,62.426,6.32456,12.1655,0,117.414,110.752,118.87,112.294,121.083,63.5295,59.1692,65,61.8547,67.1193,63.0079,67.6757,72.9452,64.8151,58.0086,60.0083,60.1332,63.2851,65.2763,65.0077,67.897,70.2567,70.0071,70.1142,105.076,107.168,129.653,115.974,111.198,73.5527,96.2081,114.612,111,74.6726,98.4937,90.6973,112.898,133.701,132.593,113.031,82.7103,78.7464,89.1964,97.6524,101.074,97.2471,75.213,88.8876,99.96,91.5915,67.5352,65.4599,125.718,124.02,144.779,98.4937,131.503,120.785,120.354,87.2067,80.9938,107.019,103.774,88.7299,88.3912,121.078,128.891,104.809,99.6243,96.2549,87.818,83.863,72.4707,77.8974,84.6286,76.9675,138.798,104.676,111.364,95.901
170.532,143.377,195.151,164.454,177.341,161.771,145.523,171.898,138.293,116.284,137.419,128.39,134.134,131.126,105.081,117.175,140.801,120.507,125.1,117.414,0,10,2,10.198,5,60.4152,62.6498,57.6975,58.3095,54.1202,56.6039,53.2353,49.2443,54.0833,84.4334,83.8153,80.9568,78.1601,77.6209,82.4621,72.2772,76.4853,81.3941,78.4474,79.555,78.1601,55.1725,2,7.28011,43.8634,21.2132,29.1548,49.2443,57.0088,55.9017,31.6228,22.3607,25.4951,33.541,60.4152,60.208,39.0512,29.1548,25.4951,35.3553,32.0156,44.1022,55,47.8539,64.195,55.9017,64.2573,66.8506,25,35,21.1896,17.1172,60.208,71.5891,42.5793,53.7587,40.1622,26.1725,29.4109,29.2062,26.8701,33.8378,55.3624,27,42.107,38.0789,40.1622,51.4782,46.2385,35.7771,51.2445,38.2753,49.0408,33.1059,62.6498
161.186,134.078,186.075,154.806,168.077,152.086,135.857,162.816,129.248,107.898,128.156,118.929,124.788,122.45,95.5092,107.564,131.472,114.202,119.038,110.752,10,0,10.198,2,11.1803,57.0088,58.5235,54.1202,53.8516,50.2892,52,49.3356,46.0977,49.2443,75.0267,74.3303,71.5122,68.6222,68.0074,72.8011,62.6418,66.7083,71.5891,68.6586,69.9214,68.6222,48.4149,10.198,3.60555,37.7359,15.8114,21.2132,40.3113,47.4342,46.0977,22.3607,14.1421,25.4951,30.4138,51.4782,50.2494,32.0156,25.4951,15.8114,25.4951,22.0227,36.1248,45,38.0789,54.231,47.1699,55.0364,58.8982,20.6155,36.4005,20.2237,20.8087,52.0096,62.9682,32.7567,43.9318,30.8707,16.2788,22.0227,24.3516,21.0238,29.4109,45.8803,28.7924,32.1403,28.4605,30.8707,42.5441,37.1214,27.2029,41.7852,36.1248,39.5601,24.4131,52.7731
171.234,144.101,195.98,164.976,178.084,162.265,146.031,172.722,139.129,117.346,138.159,129.027,134.833,132.098,105.65,117.72,141.51,122.025,126.657,118.87,2,10.198,0,10,3,62.2415,64.4127,59.5063,60.0333,55.9017,58.3095,55.0091,51.0784,55.7584,85.0941,84.4334,81.5966,78.7464,78.1601,82.9699,72.8011,76.9025,81.7863,78.8543,79.0759,77.6209,53.8145,4,8.06226,45.3431,22.6716,28.178,48.4665,57.5674,55.5788,32.311,21.5407,23.5372,31.7648,59.6154,60.407,40.3609,30.8869,25.9615,35.1283,32.1403,45.2217,55.0364,47.5184,64.0703,56.8243,65,65.7343,23.4307,33,23.0868,15.1327,59.1692,70.6612,42.9535,54.1295,39.5601,26.0192,30.6105,30.8058,25.4951,32.2025,54.8179,29,42.0119,38.6005,40.8534,52.3259,47.0106,36.7151,51.8652,36.4005,48.5077,32.311,62.3939
161.929,134.852,186.944,155.361,168.861,152.611,136.4,163.686,130.142,109.041,128.95,119.616,125.539,123.491,96.1353,108.157,132.231,115.802,120.673,112.294,10.198,2,10,0,10.4403,58.9406,60.407,56.0446,55.7136,52.2015,53.8516,51.2445,48.0521,51.0784,75.7694,75.0267,72.2357,69.2892,68.6222,73.3757,63.2456,67.1863,72.0347,69.1231,69.3758,68.0074,46.8615,10.7703,5,39.4462,17.72,19.8494,39.3573,48.1041,45.7056,23.3238,12.8062,23.5372,28.4429,50.5371,50.4876,33.6006,27.4591,16.5529,25.1794,22.2036,37.4833,45.0444,37.6563,54.0833,48.2597,55.9017,57.6281,18.6815,34.4819,22.2036,19.2094,50.8035,61.9112,33.2415,44.3847,30.0832,16.0312,23.6008,26.2488,19.2354,27.5136,45.2217,30.6757,32.0156,29.1548,31.7648,43.566,38.0789,28.4253,42.5441,34.1321,38.8973,23.3238,52.469
172.325,145.231,197.254,165.801,179.234,163.049,146.84,173.994,140.428,118.983,139.316,130.035,135.93,133.6,106.569,118.596,142.618,124.326,129.016,121.083,5,11.1803,3,10.4403,0,65,67.082,62.2415,62.6498,58.6003,60.9016,57.6975,53.8516,58.3095,86.1626,85.44,82.6378,79.712,79.0569,83.8153,73.6817,77.6209,82.4621,79.555,78.4474,76.9025,51.8556,7,9.89949,47.634,25,26.9258,47.4342,58.5235,55.2268,33.541,20.6155,20.6155,29.1548,58.5235,60.8276,42.4264,33.541,26.9258,35,32.5576,47.0106,55.2268,47.1699,64,58.3095,66.2118,64.1405,21.2132,30,25.9615,12.1655,57.7062,69.3542,43.6807,54.8179,38.833,26.0768,32.5576,33.2866,23.6008,29.8329,54.1295,32,42.0476,39.5601,42.0476,53.7122,48.3011,38.2753,52.9245,33.6155,47.8539,31.3209,62.1289
135.059,109.073,155.029,134.629,140.357,132.966,117.546,132.85,101.02,74.2428,103.121,98.1529,101.4,90.3549,80.3243,91.214,107.168,64.8999,68.4105,63.5295,60.4152,57.0088,62.2415,58.9406,65,0,5,3,7.07107,7,8.60233,8,11.1803,11.1803,61.7171,62.6498,60.0333,59.9083,61.0328,65.192,58.258,64.0312,68.0074,65.6049,91.2634,91.8096,94.2019,58.6003,55.9732,23.5372,41.2311,70,77.6209,50,71.5891,45.2769,65.192,82.4621,85.5862,85.44,61.0328,30.4138,31.6228,50,60.8276,54.4518,33.2415,62.6498,67.6757,71.5612,39.0512,47.4236,97.719,75.6637,93.4077,39.3573,76.896,90.802,96.7729,50.9215,53.8516,69.2315,58.0086,38.0132,32.7567,74.2428,83.2166,76.3217,37.5366,60.4401,47.5395,43.9659,40.4969,42.0476,39.6232,46.6476,91.7878,72.4224,69.1809,73.9256
130.062,104.077,150.097,129.653,135.37,128.004,112.614,127.883,96.0208,69.2604,98.1275,93.2148,96.421,85.3756,75.6108,86.4002,102.176,60.803,64.5368,59.1692,62.6498,58.5235,64.4127,60.407,67.082,5,0,5.83095,5,8.60233,7,9.43398,14.1421,10,57.3062,58.3095,55.7584,55.8032,57.0088,61.0328,54.4885,60.208,64.0312,61.7171,88.5099,89.1852,93.5361,60.9016,57.7754,23,42.72,70.1783,76.4853,47.1699,69.6419,45,65.7647,83.8153,86.3134,83.8153,58.3095,30,33.541,50.2494,60.208,54.037,31.7805,60.4152,66.2193,68.9638,36.0555,43.8634,96.3016,76.4853,94.8683,41.8808,78.7909,89.4986,94.921,49.4773,51.4296,68.469,58.1378,38.4708,34.176,74.8131,83.7257,74.6324,41.0366,59.2284,46.5296,42.7551,38.0132,40.1622,39.0512,44.2832,92.5743,71.0634,69,71.5542
135.181,109.005,155.541,134.373,140.602,132.639,117.098,133.222,101.124,74.5453,103.019,97.7394,101.178,90.6697,79.404,90.471,107.042,66.6108,70.2922,65,57.6975,54.1202,59.5063,56.0446,62.2415,3,5.83095,0,5.38516,4,6.40312,5,8.60233,8.60233,60.4152,61.2699,58.5918,58.3095,59.3633,63.6318,56.4004,62.2013,66.2873,63.8201,88.8144,89.3085,91.2414,55.9017,53.1413,20.6155,38.3275,67,74.7262,47.634,68.8767,42.2966,62.2013,79.555,82.6075,82.6378,58.6003,27.4591,28.7924,47,57.8705,51.4782,30.4631,60.0333,64.846,69.0652,36.7967,45.4533,94.8683,72.6911,90.5207,36.7151,74.0945,87.9318,94.0213,48.1041,51.3128,66.2873,55.0091,35.0143,29.8329,71.2531,80.2247,73.5391,35.3553,57.5674,44.643,41.1096,38.0132,39.3573,36.6742,44.1022,88.8144,69.5701,66.1891,71.3442
130.311,104.005,151.01,129.248,135.831,127.475,111.879,128.565,96.2549,69.8713,98,92.5419,96.0833,85.9884,74.0405,85.1469,102.005,63.8905,67.897,61.8547,58.3095,53.8516,60.0333,55.7136,62.6498,7.07107,5,5.38516,0,5.38516,2,5.83095,11.1803,5,55.0364,55.9017,53.2353,53,54.0833,58.3095,51.225,57.0088,61.0328,58.6003,84.3149,84.9058,88.5664,56.6039,53.2259,18,38.0789,65.192,71.5891,43.0116,65,40,60.8276,79.0569,81.3941,79.0569,54.0833,25,29.1548,45.2769,55.2268,49.0408,26.9258,55.9017,61.4003,64.6607,32.0156,40.3609,91.4822,71.5891,90.1388,37.8021,74.2496,84.6463,90.2497,44.643,47.0106,63.5059,53.1507,33.541,29.5466,69.8713,78.7718,69.8928,37.8021,54.3415,41.5933,37.855,33.6155,35.4683,34.0588,39.8246,87.6641,66.2193,64,67.1193
135.447,109.041,156.311,134.134,141.028,132.306,116.619,133.821,101.4,75.1332,103.019,97.3293,101.02,91.2414,78.339,89.627,107.005,69.029,72.9178,67.1193,54.1202,50.2892,55.9017,52.2015,58.6003,7,8.60233,4,5.38516,0,5,1,5.83095,5.83095,58.8727,59.6154,56.8595,56.356,57.3062,61.7171,54.0833,59.9083,64.1405,61.5873,85.6037,86.0233,87.2983,52.3546,49.3964,16.7631,34.4819,63,70.8802,44.5982,65.2993,38.3275,58.2151,75.6902,78.6384,78.924,55.4437,23.5372,25.0799,43,53.9351,47.5184,26.8328,56.6039,61.0983,65.8027,33.9706,43.0116,91.0824,68.7314,86.6833,33.2866,70.3847,84.119,90.377,44.3847,48.0104,62.3699,51.0098,31.0161,25.9615,67.2681,76.2365,69.857,32.6497,53.7587,40.8044,37.3363,34.8281,35.8469,32.7567,40.8044,84.8528,65.7875,62.2013,67.9559
130.465,104.043,151.42,129.139,136.066,127.318,111.647,128.891,96.421,70.214,98.0204,92.3472,96.0208,86.3134,73.4983,84.7231,102.005,65.192,69.2965,63.0079,56.6039,52,58.3095,53.8516,60.9016,8.60233,7,6.40312,2,5,0,5.09902,10.4403,3,54.231,55.0364,52.3259,51.9711,53,57.3062,50,55.8032,59.9083,57.4282,82.662,83.2166,86.5794,54.9181,51.4296,16,36.2491,63.1981,69.6348,41.4005,63.1585,38,58.8558,77.1622,79.4292,77.1622,52.4309,23,27.4591,43.2897,53.2353,47.0425,25,54.1202,59.4811,62.9682,30.4795,39.0512,89.56,69.6348,88.2553,36.2353,72.45,82.7103,88.3912,42.72,45.2769,61.5224,51.1566,31.5753,27.7308,67.897,76.7919,68.0074,36.6197,52.3927,39.6232,35.9026,31.9061,33.6155,32.0624,38.0789,85.703,64.2884,62,65.3682
135.532,109.073,156.518,134.093,141.152,132.242,116.52,133.989,101.494,75.3127,103.044,97.2522,101.005,91.4112,78.1025,89.4427,107.019,69.6563,73.5935,67.6757,53.2353,49.3356,55.0091,51.2445,57.6975,8,9.43398,5,5.83095,1,5.09902,0,5.38516,5.38516,58.5235,59.2368,56.4624,55.9017,56.8243,61.2699,53.535,59.3633,63.6318,61.0574,84.8116,85.2115,86.3134,51.4782,48.4665,15.8114,33.5261,62,69.9214,43.8634,64.4127,37.3363,57.2189,74.7262,77.6466,78,54.6717,22.561,24.1661,42,52.9528,46.5296,25.9422,55.7584,60.1664,65,33.3017,42.4382,90.1388,67.7422,85.7263,32.45,69.4622,83.1685,89.4707,43.4626,47.2017,61.3922,50.01,30.0167,25,66.2722,75.2396,68.942,32.0156,52.811,39.8497,36.4005,34.0588,34.9857,31.7805,40,83.863,64.846,61.2046,67.1193
140.698,114.158,161.83,139.032,146.373,137.131,121.334,139.262,106.677,80.604,108.116,102.122,106.005,96.6902,82.5651,94.0479,112.071,74.8131,78.6448,72.9452,49.2443,46.0977,51.0784,48.0521,53.8516,11.1803,14.1421,8.60233,11.1803,5.83095,10.4403,5.38516,0,10,62.6418,63.2456,60.407,59.6154,60.4152,65,56.8243,62.6498,67.082,64.4127,86.4523,86.6833,85.3756,47.4236,44.9222,16.4012,30.4138,60.208,69.6419,46.0977,65.192,36.4005,55,71.5891,75.1665,78.2624,56.5685,22.3607,20.6155,40.3113,52.2015,45.607,27.0185,57.0088,60.3738,66.6033,36.0555,45.6508,90.0777,65.192,82.4621,28.178,65.7875,83.006,89.9444,43.909,48.8365,60.7289,48.3735,28.2843,22.0907,64.0078,73.0068,69.3542,26.9072,52.8015,39.8121,36.7151,36.1248,36.2353,31.3847,41.7253,81.3019,64.8845,59.8415,68.4105
130.752,104.173,152.082,129.035,136.473,127.142,111.364,129.437,96.7471,70.8308,98.1275,92.1358,96.0052,86.885,72.7805,84.1724,102.078,67.2086,71.4493,64.8151,54.0833,49.2443,55.7584,51.0784,58.3095,11.1803,10,8.60233,5,5.83095,3,5.38516,10,0,53.1413,53.8516,51.0784,50.5371,51.4782,55.9017,48.2597,54.0833,58.3095,55.7584,80.2122,80.7094,83.6002,52.4309,48.7647,13,33.541,60.208,66.7083,39.0512,60.4152,35,55.9017,74.3303,76.4853,74.3303,50,20,25,40.3113,50.2494,44.0454,22.1359,51.4782,56.6127,60.4649,28.2843,37.2022,86.6833,66.7083,85.44,33.9706,69.7711,79.8123,85.6154,39.8497,42.72,58.5491,48.1664,28.6356,25.0599,64.9384,73.8241,65.192,34.9857,49.4773,36.6742,32.9848,29.4109,30.8707,29.0689,35.5106,82.7647,61.4003,59,62.7694
86.1626,59.0931,111.414,80.4114,93.1075,77.9295,61.6604,88.193,54.9181,38.9487,53.2259,43.9659,49.7695,50.2096,21.095,33.2415,56.4624,64.0078,70.0071,58.0086,84.4334,75.0267,85.0941,75.7694,86.1626,61.7171,57.3062,60.4152,55.0364,58.8727,54.231,58.5235,62.6418,53.1413,0,2,3.60555,7.07107,8.60233,7,13.4536,13,12,12.3693,47.0956,49.2544,76.3217,83.8153,77.1622,50.2494,66.0984,69.2026,58.6003,27.7308,44.6542,52.811,70.4911,91.2634,86.4523,57.6975,29.7321,50.04,65.0308,59.2368,55.2178,54.5894,43.1045,36.7967,48.8365,35.7771,30.0666,20.3961,69.6419,80.2122,101.213,73.3348,93.0591,65.7419,63.3246,42.9418,32.45,58,61.7738,56.8859,62.1289,76.4003,82.134,50.774,80,48.4149,46.6154,44.2719,33.541,38.3275,49.2443,33.2415,91.9674,52.6308,64.6607,40.2492
86.9253,59.9333,112.379,80.8084,93.9415,78.2624,61.9839,89.1852,56.0357,40.7063,54.1202,44.5982,50.5668,51.6624,21.3776,33.541,57.2713,66.0076,72.0069,60.0083,83.8153,74.3303,84.4334,75.0267,85.44,62.6498,58.3095,61.2699,55.9017,59.6154,55.0364,59.2368,63.2456,53.8516,2,0,3,5.83095,7.07107,5,12.2066,11.1803,10,10.4403,45.0999,47.2652,74.6257,83.2406,76.5376,50.4876,65.7647,68.0074,57.0088,26.9258,43.0116,52.2015,69.4622,90.1388,85.1469,55.9017,28.2843,50,65,58.5235,54.0833,53.6656,43.0116,35.3553,47.3814,34,30,20.0998,67.7791,79.0569,100,73.171,92.1303,63.9531,61.4003,42.0476,31.3847,56.6392,60.8276,56.5685,62.0322,75.213,80.8084,49.0918,80.025,47.2017,45.8803,43.6807,33.2415,37.855,48.8365,32.573,90.6091,51.0882,63.4114,38.4708
89.6939,62.6498,115.004,83.7437,96.6644,81.2158,64.9384,91.7878,58.5235,42.19,56.7979,47.4342,53.3104,53.7401,24.3311,36.4966,60.0083,66.0303,72.0278,60.1332,80.9568,71.5122,81.5966,72.2357,82.6378,60.0333,55.7584,58.5918,53.2353,56.8595,52.3259,56.4624,60.407,51.0784,3.60555,3,0,3.60555,5.38516,5.83095,9.89949,10.198,10.4403,10,45,47.0425,73.0616,80.3617,73.6817,47.5184,62.8013,65.6049,55.2178,24.1661,41.3401,49.3356,66.888,87.6584,82.8794,54.626,26.2488,47,62,55.7136,51.614,51,40.0125,33.3017,45.3431,32.6956,27,17.1172,66.7308,76.6094,97.6166,70.1783,89.4707,62.6498,60.6383,39.3573,28.8444,54.4518,58.1808,53.6004,59.0339,72.8011,78.5684,47.5079,77.026,44.8219,43.0813,40.8044,30.2655,34.9285,45.8912,29.7321,88.4138,49.2037,61.0737,37.1618
92.7038,65.7419,118.207,86.3481,99.7447,83.7437,67.4685,95.0158,61.8547,45.793,59.9416,50.3289,56.3649,57.28,26.9258,39.0512,63.0714,69.1158,75.1066,63.2851,78.1601,68.6222,78.7464,69.2892,79.712,59.9083,55.8032,58.3095,53,56.356,51.9711,55.9017,59.6154,50.5371,7.07107,5.83095,3.60555,0,2,5.38516,6.40312,7,8.60233,7.28011,42.0476,44,69.4622,77.6209,70.8802,46.0977,60.407,62.2013,51.614,21.1896,37.7359,46.5725,63.6318,84.3149,79.3977,51.0784,22.6716,45.0999,60.075,52.811,48.2597,47.8539,38.0526,29.7321,41.7732,29.1548,25.1794,15.0333,63.2456,73.2393,94.2019,68.0294,86.3134,59.0931,57.2713,36.2491,25.5539,50.9313,55.0091,51.2445,57.0088,69.4046,75.0733,43.909,75.1665,41.4005,40.1622,38.0789,28.0179,32.3883,43.4166,26.9258,84.8999,45.607,57.6281,33.6155
93.5201,66.6483,119.202,86.8332,100.623,84.1724,67.9117,96.0417,63.0079,47.5079,60.9016,51.0784,57.2451,58.7282,27.5136,39.5601,63.9531,71.1126,77.1038,65.2763,77.6209,68.0074,78.1601,68.6222,79.0569,61.0328,57.0088,59.3633,54.0833,57.3062,53,56.8243,60.4152,51.4782,8.60233,7.07107,5.38516,2,0,5,5.38516,5,7.07107,5.38516,40.05,42,67.7422,77.1298,70.342,46.5725,60.208,61.0328,50,20.6155,36.0555,46.0977,62.6498,83.2166,78.1025,49.2443,21.2132,45.2769,60.208,52.2015,47.1699,47.0106,38.2099,28.2843,40.3113,27.313,25.4951,15.2971,61.3514,72.111,93.0054,68,85.4283,57.2713,55.3173,35.4683,24.5967,49.5782,54.1295,51.0882,57.0789,68.2422,73.7564,42.19,75.326,40.2244,39.5601,37.6563,28.0179,32.1403,43.1856,26.4764,83.5464,44.0454,56.4004,31.7805
89,62.2656,114.909,82.0061,96.1769,79.3095,63.0635,91.8096,59.0339,45.1885,56.6039,46.5188,52.8394,55.4437,22.8473,34.7851,59.5399,71.007,77.0065,65.0077,82.4621,72.8011,82.9699,73.3757,83.8153,65.192,61.0328,63.6318,58.3095,61.7171,57.3062,61.2699,65,55.9017,7,5,5.83095,5.38516,5,0,10.198,7.07107,5,5.83095,40.1123,42.2966,70.4557,82,75.1864,51.4198,65.192,65.192,53.1507,25.4951,39.0512,50.9902,67.082,87.4643,82.0061,51.4782,25,50.2494,65.192,57.0088,51.4782,51.6236,43.1856,32.0156,43.9318,29.6816,30.4138,20.2237,63.1585,76.3217,97.0824,73,89.9611,59.5399,56.6127,40.1622,29.1548,53.4135,58.6941,56.0803,62.0725,72.4017,77.6209,45,80.3057,44.4185,44.3847,42.5793,33.0151,37.1214,48.1664,31.4006,87.3212,47.3814,60.4649,34.1321
98.8989,72.0069,124.531,92.1792,105.991,89.4986,73.2462,101.356,68.2422,51.8652,66.242,56.4624,62.6099,63.6396,32.8938,44.9222,69.3181,73.5527,79.511,67.897,72.2772,62.6418,72.8011,63.2456,73.6817,58.258,54.4885,56.4004,51.225,54.0833,50,53.535,56.8243,48.2597,13.4536,12.2066,9.89949,6.40312,5.38516,10.198,0,5.83095,10.4403,7.61577,38.6394,40.3113,63.5295,71.8053,65,42.3792,55.0818,55.8032,45.4863,15.2971,31.7648,40.7922,57.3062,77.9359,73,45.5412,16.4012,40.6079,55.4437,46.8402,41.8808,41.6293,33.541,23.4307,35.4683,23.7697,21.1896,11.1803,57.9741,66.8506,87.8009,63.0317,80.0562,53.4883,52.469,30.0832,19.2354,44.5533,48.7545,46.0109,52.2398,63.0079,68.6804,38.0132,70.5762,35,34.2053,32.3883,23.1948,27.0185,38.0526,21.2132,78.5175,39.4081,51.225,28.1603
95.7131,69.1158,121.795,88.2326,102.956,85.44,69.2604,98.737,66.0681,51.8845,63.5138,53.2353,59.6825,62.482,29.5296,41.2311,66.3702,76.1052,82.0975,70.2567,76.4853,66.7083,76.9025,67.1863,77.6209,64.0312,60.208,62.2013,57.0088,59.9083,55.8032,59.3633,62.6498,54.0833,13,11.1803,10.198,7,5,7.07107,5.83095,0,5,2,35.0571,37,63.5138,76.1183,69.2315,48.1041,60,58.3095,46.0977,20,32.0156,45.2769,60.4152,80.6226,75,44.7214,18.0278,46.0977,60.8276,50.9902,44.7214,45.2217,39.0512,25,36.8782,22.8254,26.9258,17,56.648,69.4622,90.1388,68.1836,83.3847,52.7731,50.448,33.9559,22.8035,46.4004,52.2015,51.0392,57.5587,65.5134,70.6045,38.0132,75.9539,37.5899,38.4708,37.054,28.6356,32.0624,43.0116,26,80.2808,40.3113,53.535,27.2947
91.3017,64.8999,117.597,83.4865,98.6154,80.6536,64.5136,94.6256,62.2896,49.7695,59.4054,48.8774,55.4707,59.4054,25.2389,36.6742,62.1289,76.0066,82.0061,70.0071,81.3941,71.5891,81.7863,72.0347,82.4621,68.0074,64.0312,66.2873,61.0328,64.1405,59.9083,63.6318,67.082,58.3095,12,10,10.4403,8.60233,7.07107,5,10.4403,5,0,3,35.1283,37.3363,66.4003,81.0494,74.1485,52.811,65,62.6498,49.4975,25,35.3553,50.2494,65,85,79.0569,47.1699,22.3607,50.9902,65.7647,55.9017,49.2443,50,43.9318,29.1548,40.8044,25.6125,31.6228,21.5407,58.6003,73.8241,94.3398,73.171,88.0227,55.2268,51.8652,38.833,27.6586,50.4777,56.921,56.0357,62.514,69.8355,74.6324,41.1096,80.895,42.0476,43.4166,42.0476,33.541,37.054,48.0104,31,84.2021,43.9318,57.8014,30
93.9415,67.4166,120.108,86.3308,101.213,83.5225,67.3573,97.0824,64.5368,50.9902,61.8547,51.4782,57.9828,61.2209,27.7849,39.3954,64.6607,76.0263,82.0244,70.1142,78.4474,68.6586,78.8543,69.1231,79.555,65.6049,61.7171,63.8201,58.6003,61.5873,57.4282,61.0574,64.4127,55.7584,12.3693,10.4403,10,7.28011,5.38516,5.83095,7.61577,2,3,0,35,37.054,64.6375,78.0897,71.1969,49.98,62,60.0333,47.4236,22,33.3017,47.2652,62.2415,82.365,76.6094,45.6508,19.7231,48.0521,62.8013,52.9528,46.5188,47.1275,41,26.6271,38.4187,23.8537,28.7924,18.7883,57.3847,71.1969,91.8096,70.1783,85.235,53.7122,50.9608,35.9026,24.7386,48.0104,54.0833,53.0377,59.5399,67.2309,72.2011,39.2046,77.9295,39.3573,40.4475,39.0512,30.5941,34.0588,45.0111,28,81.8352,41.7253,55.2268,28.3019
114.586,91.0494,142.13,102.801,122.348,99.4032,85.0412,120.416,91.2688,83.9345,86.6083,75,82.201,91.2853,54.5619,62.426,88.2383,111.018,117.017,105.076,79.555,69.9214,79.0759,69.3758,78.4474,91.2634,88.5099,88.8144,84.3149,85.6037,82.662,84.8116,86.4523,80.2122,47.0956,45.0999,45,42.0476,40.05,40.1123,38.6394,35.0571,35.1283,35,0,2.82843,41.1461,80.0812,73.3757,70.0928,71.1969,52.2398,32,41.3401,24.1661,55.7584,57.8705,72.1734,62.8013,22.561,30.2324,65.0692,76.6094,57.6975,44.5982,49.6588,59.4643,29.7321,31.9531,19.8494,52.4786,46.2385,28.4253,62,78.4474,80.6226,79.0569,28.6356,19.799,44.2041,37.6431,39.6232,53.7587,64.6375,73.0068,58.0086,58.5491,24.3311,90.2109,38.9102,49.4065,51.0882,50.8035,50.2494,57.6281,44.8219,65.9697,30.5941,47.3814,18.6011
117.414,93.8616,144.959,105.603,125.176,102.201,87.8635,123.24,94.0319,86.4002,89.4036,77.801,85,93.9415,57.2451,65.215,91.0494,113.071,119.067,107.168,78.1601,68.6222,77.6209,68.0074,76.9025,91.8096,89.1852,89.3085,84.9058,86.0233,83.2166,85.2115,86.6833,80.7094,49.2544,47.2652,47.0425,44,42,42.2966,40.3113,37,37.3363,37.054,2.82843,0,38.4838,78.7464,72.111,70.2922,70.4911,50.4876,30.0666,42.0595,23.3238,55.2178,56.2939,70.0643,60.531,20.2237,30.8869,65.0692,76.2168,56.8243,43.4626,48.7647,59.6657,29.7321,30.8707,20.2485,53.2353,47.4342,25.6125,60.0333,76.1183,79.925,77.1622,26,16.9706,43.9318,38.0132,38.0789,52.5547,64.2028,72.6223,56.0803,56.3205,22.8035,89.5879,38.0789,49.0408,50.9313,51.3128,50.448,57.3847,45.2217,63.561,29.1204,45.7056,18.3848
154.302,129.449,181.571,143.391,161.969,140.064,125.208,159.226,128.144,115.248,124.451,113.172,120.216,125.801,90.6091,100.449,126.621,134.766,140.52,129.653,55.1725,48.4149,53.8145,46.8615,51.8556,94.2019,93.5361,91.2414,88.5664,87.2983,86.5794,86.3134,85.3756,83.6002,76.3217,74.6257,73.0616,69.4622,67.7422,70.4557,63.5295,63.5138,66.4003,64.6375,41.1461,38.4838,0,56.5685,51.8556,70.7107,58.6003,27.4591,18.6815,55.0818,31.7648,49.0306,34.4093,37.3363,26.2488,19.8494,47.4236,63.7887,67.7791,45.5412,33.3766,39.8121,62.0725,40.8534,29.8329,40.8044,63.7887,64.195,15,30.8058,40.1123,66.7308,46.9574,12.53,23.3452,45.0444,48.7647,25.0799,37.6962,57.28,64.846,28.3196,23.2594,25.5539,76.3217,35.0571,47.0956,51.0392,59.4138,55.0818,54.5894,53.7587,27.074,25,26,36.4005
169.85,142.678,194.34,163.954,176.618,161.301,145.041,171.094,137.481,115.248,136.704,127.781,133.462,130.177,104.547,116.662,140.118,119.004,123.556,115.974,2,10.198,4,10.7703,7,58.6003,60.9016,55.9017,56.6039,52.3546,54.9181,51.4782,47.4236,52.4309,83.8153,83.2406,80.3617,77.6209,77.1298,82,71.8053,76.1183,81.0494,78.0897,80.0812,78.7464,56.5685,0,7,42.4264,19.8494,30.2324,50.0899,56.5155,56.2939,31.0483,23.3238,27.4591,35.3412,61.2699,60.075,37.8021,27.4591,25.1794,35.6931,32.0156,43.0465,55.0364,48.2701,64.3817,55.0364,63.5689,68.0074,26.6271,37,19.3132,19.105,61.2944,72.5603,42.2966,53.4603,40.8534,26.4764,28.3019,27.6586,28.3196,35.5106,55.9732,25,42.2966,37.6563,39.5601,50.6952,45.5412,34.9285,50.6952,40.1622,49.6488,34,62.9682
163.273,136.125,187.949,157.175,170.097,154.496,138.246,164.694,131.095,109.293,130.173,121.116,126.874,124.036,97.8008,109.895,133.544,114.477,119.202,111.198,7.28011,3.60555,8.06226,5,9.89949,55.9732,57.7754,53.1413,53.2259,49.3964,51.4296,48.4665,44.9222,48.7647,77.1622,76.5376,73.6817,70.8802,70.342,75.1864,65,69.2315,74.1485,71.1969,73.3757,72.111,51.8556,7,0,37.8021,15.2643,24.7588,43.909,49.7293,49.4773,24.3516,17.6918,27.074,32.9848,55.0727,53.0848,32.5269,24.3516,18.2483,28.8617,25.02,37.2022,48.0416,41.4849,57.4282,48.7647,57.0088,62.482,23.4094,37.6563,18,21.0238,55.6058,66.5733,35.3553,46.5296,34.4384,19.6469,22.6716,23.7065,24.1868,32.311,49.3964,25.9615,35.3553,30.8058,32.8938,44.2832,39,28.6531,43.9659,38.4708,43.0813,28.0179,56.0892
132.774,105.721,155.589,129.387,138.975,127.193,111.072,132.563,99.2018,74.8465,99.6393,92.3472,97.0155,90.4765,71.0634,83.006,103.407,76.6942,81.4002,73.5527,43.8634,37.7359,45.3431,39.4462,47.634,23.5372,23,20.6155,18,16.7631,16,15.8114,16.4012,13,50.2494,50.4876,47.5184,46.0977,46.5725,51.4198,42.3792,48.1041,52.811,49.98,70.0928,70.2922,70.7107,42.4264,37.8021,0,22.6716,47.2652,54.1202,30.2324,48.8774,22,43.1741,62.2415,63.7887,62.2415,40.3609,7,16.5529,27.4591,37.3363,31.0644,10.6301,40.6079,44.3847,50.2494,21.1896,31.3209,74.3303,54.1202,73.4098,25.9422,58.5235,67.3573,73.7902,27.7308,32.5269,45.7056,35.2278,16.1555,15,52.1728,61,53.2259,30.4138,37,24.0416,20.6155,20.2485,19.8494,16.1245,25.4951,70.0928,49.0408,46,52.0096
151.529,124.326,175.482,146.509,158.114,144.014,127.738,152.279,118.68,95.7706,118.296,109.882,115.248,110.923,87.1321,99.2975,121.84,99.3579,104.019,96.2081,21.2132,15.8114,22.6716,17.72,25,41.2311,42.72,38.3275,38.0789,34.4819,36.2491,33.5261,30.4138,33.541,66.0984,65.7647,62.8013,60.407,60.208,65.192,55.0818,60,65,62,71.1969,70.4911,58.6003,19.8494,15.2643,22.6716,0,31.6228,46.0977,40,47.1699,15.8114,25.4951,41.2311,45,56.5685,46.0977,18.0278,10,14.1421,28.2843,22.0227,23.7697,42.72,40,52.9245,36.4005,45.7056,66.4003,35,52.2015,9.43398,36.2353,59.203,68.593,28.1603,38.4708,36.2353,21.095,9.21954,8.544,34.2345,43.1856,49.0408,19.2094,32.45,22.8035,23.0868,32.5576,28.0713,17.0294,34,51.0392,43.1856,32.6497,52.7731
153.951,127.424,180.094,145.619,161.245,142.618,126.716,157,124.036,106.075,121.795,111.508,117.992,119.097,87.818,99.2975,124.68,118.962,124.338,114.612,29.1548,21.2132,28.178,19.8494,26.9258,70,70.1783,67,65.192,63,63.1981,62,60.208,60.208,69.2026,68.0074,65.6049,62.2013,61.0328,65.192,55.8032,58.3095,62.6498,60.0333,52.2398,50.4876,27.4591,30.2324,24.7588,47.2652,31.6228,0,20.6155,42.4264,30.4138,25.4951,7.07107,22.3607,18.0278,31.6228,40.3113,40.3113,41.2311,20,14.1421,17.4642,40.8044,33.541,22.8035,40.2616,47.1699,51.6624,37.8021,11.1803,32.0156,39.3573,27.074,31.0644,42.4853,27.8029,36.8782,13.1529,12.0416,32.0156,38.6394,7.2111,14.3178,28.0179,48.8774,20.8087,26.8328,30.8707,42.19,36.7151,31.7805,38.4187,24.1868,22.0227,5.09902,37.4833
139.521,113.851,166.4,129.769,147.054,126.59,111.14,143.68,111.759,97.3499,108.577,97.6166,104.484,108.577,74.411,85,111.041,116.09,121.84,111,49.2443,40.3113,48.4665,39.3573,47.4342,77.6209,76.4853,74.7262,71.5891,70.8802,69.6348,69.9214,69.6419,66.7083,58.6003,57.0088,55.2178,51.614,50,53.1507,45.4863,46.0977,49.4975,47.4236,32,30.0666,18.6815,50.0899,43.909,54.1202,46.0977,20.6155,0,36.4005,14.1421,33.541,26.9258,40.3113,31.6228,11.1803,29.1548,47.4342,54.0833,32.0156,18.0278,24.6982,44.7214,22.3607,11.1803,24.2074,45.2769,45.5412,20.5913,30,47.4342,55.1725,47.0956,13.4164,22.8035,27.1662,30.0832,9.89949,25.4951,42.5441,50.774,26.0192,27.2029,8.94427,65.0692,17.2627,30.0832,33.7343,41.0488,37.054,38.2753,35.2278,35.7771,6.32456,16.1555,20.2485
113.846,86.8159,139.119,107.448,120.83,104.785,88.5268,115.884,82.4924,63.6553,80.9568,71.5122,77.4726,76.8375,48.0833,60.1664,84.1724,79.6994,85.44,74.6726,57.0088,47.4342,57.5674,48.1041,58.5235,50,47.1699,47.634,43.0116,44.5982,41.4005,43.8634,46.0977,39.0512,27.7308,26.9258,24.1661,21.1896,20.6155,25.4951,15.2971,20,25,22,41.3401,42.0595,55.0818,56.5155,49.7293,30.2324,40,42.4264,36.4005,0,25,25.4951,43.0116,64.0312,60.208,40,11.1803,26.9258,41.2311,31.6228,28.2843,26.9258,20.1246,15,25.2982,21.9317,11.1803,9.43398,53,53.1507,74.3303,48.2597,65.3682,47.1699,49.6488,15.2643,6.32456,32.7567,34.1321,31.0644,37.855,49.5177,56.0803,31.0644,56.2939,22.2036,18.9737,17.1172,10,12.1655,23.0217,6,66.0681,30.0832,38.2884,25
125.642,99.8098,152.411,116.276,133.135,113.159,97.5295,129.63,97.6217,83.5284,94.4934,83.6002,90.4268,94.4934,60.3075,71.0282,97.0052,103.812,109.659,98.4937,55.9017,46.0977,55.5788,45.7056,55.2268,71.5891,69.6419,68.8767,65,65.2993,63.1585,64.4127,65.192,60.4152,44.6542,43.0116,41.3401,37.7359,36.0555,39.0512,31.7648,32.0156,35.3553,33.3017,24.1661,23.3238,31.7648,56.2939,49.4773,48.8774,47.1699,30.4138,14.1421,25,0,32.0156,35,52.2015,44.7214,15,15.8114,43.0116,53.1507,33.541,20.6155,25.4951,38.4708,10,8.06226,10.2956,35.3553,33.3766,28,41.2311,60.4152,56.6039,57.4282,22.3607,25.2982,21.4009,19.105,17.2627,29.8329,41.1096,49.5782,37.108,40.2492,6.32456,66.2873,14.7648,26.1725,28.6007,32.0156,29.5466,34.7131,25.7099,49.3964,8.94427,25.318,7.07107
138.928,111.79,163.719,132.91,145.774,130.269,114.004,140.46,106.888,85.8021,105.849,96.7678,102.528,100.17,73.4983,85.6154,109.202,94.6678,99.8499,90.6973,31.6228,22.3607,32.311,23.3238,33.541,45.2769,45,42.2966,40,38.3275,38,37.3363,36.4005,35,52.811,52.2015,49.3356,46.5725,46.0977,50.9902,40.7922,45.2769,50.2494,47.2652,55.7584,55.2178,49.0306,31.0483,24.3516,22,15.8114,25.4951,33.541,25.4951,32.0156,0,22.3607,43.0116,42.72,43.0116,30.4138,15,21.2132,7.07107,15.8114,9.21954,15.6525,26.9258,25.4951,37.1618,25,32.6956,54.1202,33.541,54.0833,25.0799,41.8688,46.9574,55,12.3693,23.0217,24.3516,13.6015,9.21954,17.6918,31.0161,39.5601,34.7131,34.4819,17.6918,7.07107,8.544,20.2485,14.7648,6.32456,19.6469,49.0408,29.4109,24,37.2156
156.08,129.294,181.835,148.408,163.248,145.499,129.449,158.647,125.399,106.217,123.548,113.596,119.883,119.808,89.8999,101.637,126.59,116.97,122.188,112.898,22.3607,14.1421,21.5407,12.8062,20.6155,65.192,65.7647,62.2013,60.8276,58.2151,58.8558,57.2189,55,55.9017,70.4911,69.4622,66.888,63.6318,62.6498,67.082,57.3062,60.4152,65,62.2415,57.8705,56.2939,34.4093,23.3238,17.6918,43.1741,25.4951,7.07107,26.9258,43.0116,35,22.3607,0,21.2132,20.6155,38.0789,42.72,36.4005,35.3553,15.8114,15.8114,16.2788,38.0132,36.4005,27.0185,44.2832,46.0977,51.8556,44.8219,11.1803,32.0156,32.6956,23.0868,38.0132,49.2443,27.8029,38.0789,18.2483,9.21954,27.2947,33.0606,9.05539,18.0278,33.541,42.0595,23.0868,25.4951,29.2062,41.1096,35.4683,28.6356,38.2884,26.9258,27.2947,10.7703,42.0119
176.298,149.723,202.371,167.943,183.576,164.924,149.054,179.246,146.168,127.405,144.062,133.843,140.293,140.869,110.145,121.655,146.986,137.594,142.688,133.701,25.4951,25.4951,23.5372,23.5372,20.6155,82.4621,83.8153,79.555,79.0569,75.6902,77.1622,74.7262,71.5891,74.3303,91.2634,90.1388,87.6584,84.3149,83.2166,87.4643,77.9359,80.6226,85,82.365,72.1734,70.0643,37.3363,27.4591,27.074,62.2415,41.2311,22.3607,40.3113,64.0312,52.2015,43.0116,21.2132,0,11.1803,50,62.6498,55.9017,50.9902,36.0555,36.0555,37.4833,58.5235,55.9017,44.9444,62.2977,67.2681,73,51.6624,11.1803,11.1803,45.0444,10.6301,46.5296,58.6941,48.9183,58.8218,35.1141,30.4138,46.0977,49.7293,15.2315,14.3178,48.8365,52.2398,43.0465,46.6905,50.3289,62.2896,56.6392,49.0918,59.4643,13.6015,43.4166,27.313,59.203
170.135,143.951,196.644,160.997,177.553,157.877,142.239,173.678,141.032,123.843,138.452,127.863,134.525,136.561,104.293,115.434,141.174,136.883,142.215,132.593,33.541,30.4138,31.7648,28.4429,29.1548,85.5862,86.3134,82.6075,81.3941,78.6384,79.4292,77.6466,75.1665,76.4853,86.4523,85.1469,82.8794,79.3977,78.1025,82.0061,73,75,79.0569,76.6094,62.8013,60.531,26.2488,35.3412,32.9848,63.7887,45,18.0278,31.6228,60.208,44.7214,42.72,20.6155,11.1803,0,40.3113,57.0088,57.0088,55,36.4005,32.0156,35.3553,58.3095,50,38.2753,55.0091,65.192,69.527,40.7922,10,15.8114,50.636,21.4009,36.0555,48.1664,45.8039,54.4518,28.6007,29.1548,47.8539,53.0848,11.7047,4.47214,40.4969,58.9406,38.1838,44.7772,48.7647,60.208,54.7083,49.0408,56.4004,6.32456,35.7771,21.9317,51.4782
134.466,109.622,161.722,123.713,142.127,120.416,105.437,139.388,108.467,96.6023,104.661,93.3488,100.409,106.508,70.9366,80.6226,106.794,118.457,124.338,113.031,60.4152,51.4782,59.6154,50.5371,58.5235,85.44,83.8153,82.6378,79.0569,78.924,77.1622,78,78.2624,74.3303,57.6975,55.9017,54.626,51.0784,49.2443,51.4782,45.5412,44.7214,47.1699,45.6508,22.561,20.2237,19.8494,61.2699,55.0727,62.2415,56.5685,31.6228,11.1803,40,15,43.0116,38.0789,50,40.3113,0,30.4138,55.9017,64.0312,42.4264,28.2843,34.7131,52.2015,25,17.8885,21.9317,50.2494,48.2597,13,40.3113,55.9017,65.7951,57.5587,8.06226,12.0416,34.5398,34.0588,20.8087,36.4005,52.2015,60.6053,36.4966,36.1248,9.21954,75.6902,25.5539,38.4708,41.6293,46.6905,43.6807,47.0106,40.4475,43.4166,13.6015,27.313,17.4642
113.649,87.1321,139.818,105.688,120.934,102.786,86.7295,116.765,84.0238,68.2422,81.5414,71.1969,77.6981,79.9312,47.5079,59.0339,84.3801,88.0738,93.9415,82.7103,60.208,50.2494,60.407,50.4876,60.8276,61.0328,58.3095,58.6003,54.0833,55.4437,52.4309,54.6717,56.5685,50,29.7321,28.2843,26.2488,22.6716,21.2132,25,16.4012,18.0278,22.3607,19.7231,30.2324,30.8869,47.4236,60.075,53.0848,40.3609,46.0977,40.3113,29.1548,11.1803,15.8114,30.4138,42.72,62.6498,57.0088,30.4138,0,36.0555,49.2443,35,26.9258,28.2843,29.8329,7.07107,19.105,10.7703,22.3607,18,43.2897,51.4782,72.111,55.0818,65.7875,38.0789,39.1152,18.1108,8.06226,28.4253,34.9285,37.9473,45.6946,47.5079,52.6308,22.1359,63.9062,19.6977,23.3452,23.4094,20.6155,20.8087,30.0832,14.8661,62.3699,23.0217,35.5106,14.1421
134.373,107.201,157.889,130.115,140.801,127.769,111.544,134.737,101.193,77.8267,101.139,93.2148,98.27,93.1075,71.1126,83.2166,104.785,82.201,87.0919,78.7464,39.0512,32.0156,40.3609,33.6006,42.4264,30.4138,30,27.4591,25,23.5372,23,22.561,22.3607,20,50.04,50,47,45.0999,45.2769,50.2494,40.6079,46.0977,50.9902,48.0521,65.0692,65.0692,63.7887,37.8021,32.5269,7,18.0278,40.3113,47.4342,26.9258,43.0116,15,36.4005,55.9017,57.0088,55.9017,36.0555,0,15,20.6155,30.4138,24.0832,7.07107,35.3553,38.0132,45.3431,20,30.0666,67.7791,47.4342,67.082,23.5372,52.8015,60.7454,67.6018,21.6333,28.0179,38.833,28.2843,10,12.1655,45.3542,54.1295,47.0106,30.0666,30.4631,17.4642,14.4222,17.4642,15.2643,9.21954,21.4709,63.3246,42.5441,39,46.6905
148.933,121.807,172.029,145,155.242,142.688,126.479,148.96,115.521,91.3893,115.732,108.046,112.969,106.977,86.093,98.1835,119.436,91.9348,96.3328,89.1964,29.1548,25.4951,30.8869,27.4591,33.541,31.6228,33.541,28.7924,29.1548,25.0799,27.4591,24.1661,20.6155,25,65.0308,65,62,60.075,60.208,65.192,55.4437,60.8276,65.7647,62.8013,76.6094,76.2168,67.7791,27.4591,24.3516,16.5529,10,41.2311,54.0833,41.2311,53.1507,21.2132,35.3553,50.9902,55,64.0312,49.2443,15,0,22.3607,36.0555,29.4109,22.0227,47.1699,46.6905,57.4543,35,45.0444,74.6257,45,61.8466,9.43398,45.31,67.4166,76.0592,32.45,41.2311,44.4185,30.0832,12.0416,3.60555,44.1814,53.1507,55.9017,15.1327,38.8973,27.2029,25.9422,32.249,29.1204,19.2354,35.4401,61.0328,50.448,41.7852,58.0086
145.399,118.309,170.394,139.014,152.315,136.308,120.071,147.136,113.6,92.8009,112.401,103.121,109.005,107.07,79.6994,91.7606,115.694,101.548,106.677,97.6524,25.4951,15.8114,25.9615,16.5529,26.9258,50,50.2494,47,45.2769,43,43.2897,42,40.3113,40.3113,59.2368,58.5235,55.7136,52.811,52.2015,57.0088,46.8402,50.9902,55.9017,52.9528,57.6975,56.8243,45.5412,25.1794,18.2483,27.4591,14.1421,20,32.0156,31.6228,33.541,7.07107,15.8114,36.0555,36.4005,42.4264,35,20.6155,22.3607,0,14.1421,8.06226,22.4722,30.4138,26.0768,40.2616,32.0156,39.3573,52.4309,26.9258,47.1699,23.4307,34.8281,45.2217,54.4518,17.1172,28.2843,22.2036,8.06226,12.0416,19.3132,24.7386,33.541,35,33.3017,18.7883,12.6491,15.2643,27.2029,21.6333,13.0384,26,42.72,29.0689,19.6469,39.5601
140.431,113.741,166.355,132.608,147.648,129.692,113.653,143.21,110.114,91.9348,108.046,97.949,104.317,104.995,74.2428,85.9069,111.018,105.603,111.086,101.074,35.3553,25.4951,35.1283,25.1794,35,60.8276,60.208,57.8705,55.2268,53.9351,53.2353,52.9528,52.2015,50.2494,55.2178,54.0833,51.614,48.2597,47.1699,51.4782,41.8808,44.7214,49.2443,46.5188,44.5982,43.4626,33.3766,35.6931,28.8617,37.3363,28.2843,14.1421,18.0278,28.2843,20.6155,15.8114,15.8114,36.0555,32.0156,28.2843,26.9258,30.4138,36.0555,14.1421,0,6.7082,29.0689,20.6155,12.6491,29,33.541,37.5366,38.5876,25,46.0977,37.5366,38.8973,31.3847,40.3113,13.8924,22.8035,8.544,9.21954,24.5967,32.7567,21.2603,28.0179,21.095,47.4236,7.28011,14.1421,18.2483,28.6356,23.4094,21.2132,24.4131,38.0132,15,10.2956,27.2947
140.528,113.596,166.003,133.454,147.597,130.648,114.481,142.78,109.417,89.9389,107.782,98.0867,104.216,103.6,74.4648,86.3771,110.923,101.533,106.888,97.2471,32.0156,22.0227,32.1403,22.2036,32.5576,54.4518,54.037,51.4782,49.0408,47.5184,47.0425,46.5296,45.607,44.0454,54.5894,53.6656,51,47.8539,47.0106,51.6236,41.6293,45.2217,50,47.1275,49.6588,48.7647,39.8121,32.0156,25.02,31.0644,22.0227,17.4642,24.6982,26.9258,25.4951,9.21954,16.2788,37.4833,35.3553,34.7131,28.2843,24.0832,29.4109,8.06226,6.7082,0,23.5372,23.0217,18.0278,32.5576,30,35.609,45.2769,27.0185,48.1664,31.4006,38.4708,38.0789,46.7547,11.6619,22.4722,15.2315,7.2111,17.8885,26.0768,23.8537,31.7805,27.0185,41.2311,10.7703,9.43398,13.4164,25,19.4165,15,22.0227,41.5933,21.2132,15.1327,31.6228
127.883,100.688,151.714,123.321,134.406,120.934,104.69,128.515,94.921,72.2011,94.6414,86.4928,91.6788,87.2067,64.195,76.3217,98.2344,79.0759,84.22,75.213,44.1022,36.1248,45.2217,37.4833,47.0106,33.2415,31.7805,30.4631,26.9258,26.8328,25,25.9422,27.0185,22.1359,43.1045,43.0116,40.0125,38.0526,38.2099,43.1856,33.541,39.0512,43.9318,41,59.4643,59.6657,62.0725,43.0465,37.2022,10.6301,23.7697,40.8044,44.7214,20.1246,38.4708,15.6525,38.0132,58.5235,58.3095,52.2015,29.8329,7.07107,22.0227,22.4722,29.0689,23.5372,0,30,34.4819,39.6232,13.0384,23.0217,64.56,49.1935,69.6419,30.2655,56.5862,57.7235,63.561,17.72,21.9317,37.0135,29.1548,14.7648,19.0263,46.6154,55.0273,43.0813,37.1214,27.4591,15,11.0454,10.4403,9.21954,9.43398,15,64.622,39.2938,38.6394,41.4005
120.441,94.0319,146.728,112.161,127.769,109.202,93.2309,123.709,91.0494,75.213,88.4816,78.032,84.5991,87,54.3783,65.7647,91.2688,94.1116,99.925,88.8876,55,45,55.0364,45.0444,55.2268,62.6498,60.4152,60.0333,55.9017,56.6039,54.1202,55.7584,57.0088,51.4782,36.7967,35.3553,33.3017,29.7321,28.2843,32.0156,23.4307,25,29.1548,26.6271,29.7321,29.7321,40.8534,55.0364,48.0416,40.6079,42.72,33.541,22.3607,15,10,26.9258,36.4005,55.9017,50,25,7.07107,35.3553,47.1699,30.4138,20.6155,23.0217,30,0,12.0416,10.2956,25.4951,23.5372,38,44.7214,65.192,52,59.4811,32.249,34.9285,14.7648,9.21954,21.4009,29.1548,35.3553,43.566,40.7063,45.607,16.1245,61.2699,13.3417,20.1246,21.4009,22.4722,20.8087,28.0179,16.1555,55.3173,16.1245,28.6531,11.4018
131.883,105.683,158.373,123.065,139.284,120.017,104.216,135.429,102.942,87.2009,100.21,89.5879,96.2601,99.0353,66.0303,77.1751,102.903,104.995,110.725,99.96,47.8539,38.0789,47.5184,37.6563,47.1699,67.6757,66.2193,64.846,61.4003,61.0983,59.4811,60.1664,60.3738,56.6127,48.8365,47.3814,45.3431,41.7732,40.3113,43.9318,35.4683,36.8782,40.8044,38.4187,31.9531,30.8707,29.8329,48.2701,41.4849,44.3847,40,22.8035,11.1803,25.2982,8.06226,25.4951,27.0185,44.9444,38.2753,17.8885,19.105,38.0132,46.6905,26.0768,12.6491,18.0278,34.4819,12.0416,0,17.4642,34.1321,34.5398,30.0832,33.8378,53.7122,49.4065,49.6488,23.3452,29.6816,16.7631,18.9737,9.84886,21.8403,34.7131,43.1856,29.7321,33.8378,9.21954,59.203,7.81025,20.5913,23.7697,30,26.3059,29.1548,24.0832,43.4166,5,17.72,15
115.378,89.6437,142.201,105.991,122.886,102.883,87.2353,119.474,87.6812,74.7061,84.386,73.4098,80.2808,85,50.2494,60.803,86.8332,97.1648,103.097,91.5915,64.195,54.231,64.0703,54.0833,64,71.5612,68.9638,69.0652,64.6607,65.8027,62.9682,65,66.6033,60.4649,35.7771,34,32.6956,29.1548,27.313,29.6816,23.7697,22.8254,25.6125,23.8537,19.8494,20.2485,40.8044,64.3817,57.4282,50.2494,52.9245,40.2616,24.2074,21.9317,10.2956,37.1618,44.2832,62.2977,55.0091,21.9317,10.7703,45.3431,57.4543,40.2616,29,32.5576,39.6232,10.2956,17.4642,0,33.1059,28.2843,34.2053,51.2445,70.6824,62.2415,67.082,29.9666,29.0172,25.0599,17.8045,27.2029,38.0526,45.6508,53.8516,47.1275,50.5371,15.5563,71.5542,22.0907,30.4138,31.6228,31.0644,30.4138,38.2753,25,59.6825,19.2354,35.171,4.47214
115.135,87.9318,139.316,110.318,121.758,107.912,91.6624,116.078,82.4621,60.803,81.9085,73.5459,78.848,75.2928,51.1566,63.2851,85.44,72.0902,77.6209,67.5352,55.9017,47.1699,56.8243,48.2597,58.3095,39.0512,36.0555,36.7967,32.0156,33.9706,30.4795,33.3017,36.0555,28.2843,30.0666,30,27,25.1794,25.4951,30.4138,21.1896,26.9258,31.6228,28.7924,52.4786,53.2353,63.7887,55.0364,48.7647,21.1896,36.4005,47.1699,45.2769,11.1803,35.3553,25,46.0977,67.2681,65.192,50.2494,22.3607,20,35,32.0156,33.541,30,13.0384,25.4951,34.1321,33.1059,0,10.198,63.1981,57.0088,78.1025,43.2897,66.8431,57.0088,60.4152,19.6977,16.2788,39.8497,36.8782,27.2029,32.0624,53.8238,61.4003,41.1096,50.04,29.1204,20.6155,16.9706,5,10.6301,20.1246,10.0499,71.3442,39.1152,43.8292,36.0555
106.283,79.1202,131.046,100.807,113.088,98.3107,82.0366,107.787,74.2428,54.4518,73.1642,64.2884,69.8928,68.0074,41.4367,53.6004,76.5506,70.6045,76.4003,65.4599,64.2573,55.0364,65,55.9017,66.2118,47.4236,43.8634,45.4533,40.3609,43.0116,39.0512,42.4382,45.6508,37.2022,20.3961,20.0998,17.1172,15.0333,15.2971,20.2237,11.1803,17,21.5407,18.7883,46.2385,47.4342,64.195,63.5689,57.0088,31.3209,45.7056,51.6624,45.5412,9.43398,33.3766,32.6956,51.8556,73,69.527,48.2597,18,30.0666,45.0444,39.3573,37.5366,35.609,23.0217,23.5372,34.5398,28.2843,10.198,0,61.2046,62.2415,83.4506,53.0848,73.7835,55.7315,57.0789,24.0832,15.6525,42.19,42.8019,36.4966,42,58.6941,65.437,39.6232,60.1332,31.6228,26.9258,24.1661,13.1529,18.0278,28.8617,13.6015,75.4321,39.2173,47.634,32.0624
142.948,119.004,170.449,131.21,150.695,127.801,113.455,148.553,118.6,108.337,114.337,102.825,109.986,117.478,81.2712,90.1388,116.181,131.214,137.117,125.718,66.8506,58.8982,65.7343,57.6281,64.1405,97.719,96.3016,94.8683,91.4822,91.0824,89.56,90.1388,90.0777,86.6833,69.6419,67.7791,66.7308,63.2456,61.3514,63.1585,57.9741,56.648,58.6003,57.3847,28.4253,25.6125,15,68.0074,62.482,74.3303,66.4003,37.8021,20.5913,53,28,54.1202,44.8219,51.6624,40.7922,13,43.2897,67.7791,74.6257,52.4309,38.5876,45.2769,64.56,38,30.0832,34.2053,63.1981,61.2046,0,43.8634,55.0818,75.2861,60.7454,7.2111,8.94427,46.8402,47.0425,30.2324,45.4533,63.1348,71.3442,40.7063,37.3631,22.0907,85.1469,37.3363,50.3289,53.7587,59.5399,56.2939,58.6941,53.3385,42.0476,25.2982,34.6554,29.8329
165.124,138.571,191.23,156.78,172.409,153.769,137.884,168.119,135.093,116.692,132.925,122.674,129.139,129.958,98.9798,110.476,135.831,128.129,133.36,124.02,25,20.6155,23.4307,18.6815,21.2132,75.6637,76.4853,72.6911,71.5891,68.7314,69.6348,67.7422,65.192,66.7083,80.2122,79.0569,76.6094,73.2393,72.111,76.3217,66.8506,69.4622,73.8241,71.1969,62,60.0333,30.8058,26.6271,23.4094,54.1202,35,11.1803,30,53.1507,41.2311,33.541,11.1803,11.1803,10,40.3113,51.4782,47.4342,45,26.9258,25,27.0185,49.1935,44.7214,33.8378,51.2445,57.0088,62.2415,43.8634,0,21.2132,40.7922,17.2627,37.9473,50,38.1838,47.8017,24.0416,20.2485,38.0789,43.1045,4.12311,8.94427,38.2099,49.3356,31.9061,36.4005,40.2244,52.0096,46.4004,39.8121,48.7955,16.1245,32.5576,16.1555,48.2701
185.569,159.223,211.917,176.664,192.938,173.566,157.867,188.876,156.013,137.902,153.652,143.21,149.79,151.093,119.57,130.863,156.461,148.718,153.834,144.779,35,36.4005,33,34.4819,30,93.4077,94.8683,90.5207,90.1388,86.6833,88.2553,85.7263,82.4621,85.44,101.213,100,97.6166,94.2019,93.0054,97.0824,87.8009,90.1388,94.3398,91.8096,78.4474,76.1183,40.1123,37,37.6563,73.4098,52.2015,32.0156,47.4342,74.3303,60.4152,54.0833,32.0156,11.1803,15.8114,55.9017,72.111,67.082,61.8466,47.1699,46.0977,48.1664,69.6419,65.192,53.7122,70.6824,78.1025,83.4506,55.0818,21.2132,0,55.4437,18.1108,51.0882,63.0079,59.397,68.884,43.909,41.2311,57.2713,60.7289,24.8395,20.2485,56.3028,62,52.8015,57.4891,61.2209,73.1095,67.4759,60.208,70.0071,13.0384,51.4782,36.6197,67.2309
157.892,130.729,181.221,153.584,164.283,151.199,134.952,158.114,124.619,100.722,124.664,116.726,121.807,116.245,94.4299,106.569,128.32,101.119,105.418,98.4937,21.1896,20.2237,23.0868,22.2036,25.9615,39.3573,41.8808,36.7151,37.8021,33.2866,36.2353,32.45,28.178,33.9706,73.3348,73.171,70.1783,68.0294,68,73,63.0317,68.1836,73.171,70.1783,80.6226,79.925,66.7308,19.3132,18,25.9422,9.43398,39.3573,55.1725,48.2597,56.6039,25.0799,32.6956,45.0444,50.636,65.7951,55.0818,23.5372,9.43398,23.4307,37.5366,31.4006,30.2655,52,49.4065,62.2415,43.2897,53.0848,75.2861,40.7922,55.4437,0,38.0789,68.1175,77.7946,37.3363,47.2969,45.2769,29.8329,17.2627,11.4018,40.8044,49.4773,58.4123,9.89949,41.8808,31.9531,31.7805,40.0125,36.1248,25.318,42.2966,56.3205,52.4976,41.0488,62.1772
178.941,152.053,204.472,171.47,186.046,168.573,152.506,181.246,147.851,127.613,146.25,136.473,142.664,141.736,112.805,124.615,149.372,135,139.846,131.503,17.1172,20.8087,15.1327,19.2094,12.1655,76.896,78.7909,74.0945,74.2496,70.3847,72.45,69.4622,65.7875,69.7711,93.0591,92.1303,89.4707,86.3134,85.4283,89.9611,80.0562,83.3847,88.0227,85.235,79.0569,77.1622,46.9574,19.105,21.0238,58.5235,36.2353,27.074,47.0956,65.3682,57.4282,41.8688,23.0868,10.6301,21.4009,57.5587,65.7875,52.8015,45.31,34.8281,38.8973,38.4708,56.5862,59.4811,49.6488,67.082,66.8431,73.7835,60.7454,17.2627,18.1108,38.0789,0,55.0818,67.1863,50.1199,60.8358,40.1995,31.305,42.8019,44.7214,21.095,23.7065,55.0091,44.0454,46.1736,46.8722,50,62.0081,56.4004,47.3814,60.208,24.2074,49.0918,32.1403,64.4981
141.993,117.38,169.331,130.92,149.683,127.581,112.801,147.105,116.387,104.657,112.486,101.119,108.208,114.547,78.8733,88.3912,114.551,126.147,132.004,120.785,60.208,52.0096,59.1692,50.8035,57.7062,90.802,89.4986,87.9318,84.6463,84.119,82.7103,83.1685,83.006,79.8123,65.7419,63.9531,62.6498,59.0931,57.2713,59.5399,53.4883,52.7731,55.2268,53.7122,28.6356,26,12.53,61.2944,55.6058,67.3573,59.203,31.0644,13.4164,47.1699,22.3607,46.9574,38.0132,46.5296,36.0555,8.06226,38.0789,60.7454,67.4166,45.2217,31.3847,38.0789,57.7235,32.249,23.3452,29.9666,57.0088,55.7315,7.2111,37.9473,51.0882,68.1175,55.0818,0,12.1655,40.025,41.0488,23.0217,38.2884,55.9464,64.1405,34.5398,32.249,16.1245,77.9872,30.3645,43.3244,46.8402,53.1507,49.6488,51.6236,47.0425,38.2099,18.4391,27.6586,25.4951
134.38,110.752,161.929,122.442,142.144,119.017,104.805,140.186,110.68,101.592,106.212,94.6414,101.828,110.059,73.5731,82.0061,107.935,126.02,131.973,120.354,71.5891,62.9682,70.6612,61.9112,69.3542,96.7729,94.921,94.0213,90.2497,90.377,88.3912,89.4707,89.9444,85.6154,63.3246,61.4003,60.6383,57.2713,55.3173,56.6127,52.469,50.448,51.8652,50.9608,19.799,16.9706,23.3452,72.5603,66.5733,73.7902,68.593,42.4853,22.8035,49.6488,25.2982,55,49.2443,58.6941,48.1664,12.0416,39.1152,67.6018,76.0592,54.4518,40.3113,46.7547,63.561,34.9285,29.6816,29.0172,60.4152,57.0789,8.94427,50,63.0079,77.7946,67.1863,12.1655,0,46.0652,44.1475,32.6497,48.2701,64.2028,72.6223,46.4866,44.4072,20.5913,87.6926,37.4433,50.2494,53.2353,57.28,54.7814,58.8303,50.9608,50.04,25.6125,38.5876,25.02
128.95,101.98,154.353,122.123,135.989,119.369,103.16,131.126,97.7548,78.5175,96.1509,86.539,92.6121,92.0054,62.9682,74.9466,99.3177,91.7878,97.3088,87.2067,42.5793,32.7567,42.9535,33.2415,43.6807,50.9215,49.4773,48.1041,44.643,44.3847,42.72,43.4626,43.909,39.8497,42.9418,42.0476,39.3573,36.2491,35.4683,40.1622,30.0832,33.9559,38.833,35.9026,44.2041,43.9318,45.0444,42.2966,35.3553,27.7308,28.1603,27.8029,27.1662,15.2643,21.4009,12.3693,27.8029,48.9183,45.8039,34.5398,18.1108,21.6333,32.45,17.1172,13.8924,11.6619,17.72,14.7648,16.7631,25.0599,19.6977,24.0832,46.8402,38.1838,59.397,37.3363,50.1199,40.025,46.0652,0,11.1803,20.3961,18.868,20.5913,28.8444,34.7131,41.8808,25.4951,46.5188,10,5.38516,7.2111,14.8661,10.0499,13.4536,10.6301,51.8652,21.587,24.1868,25.6125
118.106,91.2414,143.757,111.018,125.22,108.24,92.0489,120.569,87.367,69.4262,85.4751,75.6439,81.8413,82.2192,52,63.9062,88.5494,86.0233,91.7606,80.9938,53.7587,43.9318,54.1295,44.3847,54.8179,53.8516,51.4296,51.3128,47.0106,48.0104,45.2769,47.2017,48.8365,42.72,32.45,31.3847,28.8444,25.5539,24.5967,29.1548,19.2354,22.8035,27.6586,24.7386,37.6431,38.0132,48.7647,53.4603,46.5296,32.5269,38.4708,36.8782,30.0832,6.32456,19.105,23.0217,38.0789,58.8218,54.4518,34.0588,8.06226,28.0179,41.2311,28.2843,22.8035,22.4722,21.9317,9.21954,18.9737,17.8045,16.2788,15.6525,47.0425,47.8017,68.884,47.2969,60.8358,41.0488,44.1475,11.1803,0,26.6271,29.5466,30.0832,37.6962,44.0454,50.2494,25,55.9732,16.2788,16,15.5242,13.4164,12.8062,22.1359,7.2111,60.208,23.7697,32.5269,20.1246
141.662,115.378,168.074,132.914,149.04,129.865,114.061,145.086,112.446,95.901,109.859,99.3227,105.948,108.19,75.7166,86.954,112.606,111.79,117.393,107.019,40.1622,30.8707,39.5601,30.0832,38.833,69.2315,68.469,66.2873,63.5059,62.3699,61.5224,61.3922,60.7289,58.5491,58,56.6392,54.4518,50.9313,49.5782,53.4135,44.5533,46.4004,50.4777,48.0104,39.6232,38.0789,25.0799,40.8534,34.4384,45.7056,36.2353,13.1529,9.89949,32.7567,17.2627,24.3516,18.2483,35.1141,28.6007,20.8087,28.4253,38.833,44.4185,22.2036,8.544,15.2315,37.0135,21.4009,9.84886,27.2029,39.8497,42.19,30.2324,24.0416,43.909,45.2769,40.1995,23.0217,32.6497,20.3961,26.6271,0,15.6205,33.1059,41.1825,19.9249,24.2074,15.2971,55.1725,10.7703,22.0227,26,35.171,30.4138,29.6142,30.0832,33.9706,9.05539,8.06226,24.3311
147.648,120.748,173.185,140.407,154.742,137.568,121.433,149.967,116.619,97.0824,114.948,105.19,111.36,110.802,81.5414,93.4077,118.068,107.912,113.177,103.774,26.1725,16.2788,26.0192,16.0312,26.0768,58.0086,58.1378,55.0091,53.1507,51.0098,51.1566,50.01,48.3735,48.1664,61.7738,60.8276,58.1808,55.0091,54.1295,58.6941,48.7545,52.2015,56.921,54.0833,53.7587,52.5547,37.6962,26.4764,19.6469,35.2278,21.095,12.0416,25.4951,34.1321,29.8329,13.6015,9.21954,30.4138,29.1548,36.4005,34.9285,28.2843,30.0832,8.06226,9.21954,7.2111,29.1548,29.1548,21.8403,38.0526,36.8782,42.8019,45.4533,20.2485,41.2311,29.8329,31.305,38.2884,48.2701,18.868,29.5466,15.6205,0,20.0998,27.2029,17.4642,25.9615,29.9666,39.6989,16,16.2788,20,31.8904,26.2488,19.9249,29.2062,35.4683,23.7065,11.7047,36.4966
142.338,115.135,166.388,137.295,148.946,134.807,118.533,143.171,109.563,86.954,109.11,100.663,106.042,101.966,77.9295,90.0944,112.641,92.2009,97.0824,88.7299,29.4109,22.0227,30.6105,23.6008,32.5576,38.0132,38.4708,35.0143,33.541,31.0161,31.5753,30.0167,28.2843,28.6356,56.8859,56.5685,53.6004,51.2445,51.0882,56.0803,46.0109,51.0392,56.0357,53.0377,64.6375,64.2028,57.28,28.3019,22.6716,16.1555,9.21954,32.0156,42.5441,31.0644,41.1096,9.21954,27.2947,46.0977,47.8539,52.2015,37.9473,10,12.0416,12.0416,24.5967,17.8885,14.7648,35.3553,34.7131,45.6508,27.2029,36.4966,63.1348,38.0789,57.2713,17.2627,42.8019,55.9464,64.2028,20.5913,30.0832,33.1059,20.0998,0,8.48528,36.3456,45.2769,43.9318,26,26.9072,15.2643,14.5602,23.3452,19,8.06226,25.0799,54.1295,38.6005,31.5753,46.0435
146.492,119.331,169.85,142.274,152.882,139.918,123.685,146.731,113.225,89.4707,113.265,105.38,110.422,104.924,83.2166,95.3362,116.927,91.351,95.901,88.3912,29.2062,24.3516,30.8058,26.2488,33.2866,32.7567,34.176,29.8329,29.5466,25.9615,27.7308,25,22.0907,25.0599,62.1289,62.0322,59.0339,57.0088,57.0789,62.0725,52.2398,57.5587,62.514,59.5399,73.0068,72.6223,64.846,27.6586,23.7065,15,8.544,38.6394,50.774,37.855,49.5782,17.6918,33.0606,49.7293,53.0848,60.6053,45.6946,12.1655,3.60555,19.3132,32.7567,26.0768,19.0263,43.566,43.1856,53.8516,32.0624,42,71.3442,43.1045,60.7289,11.4018,44.7214,64.1405,72.6223,28.8444,37.6962,41.1825,27.2029,8.48528,0,42.0119,51.0098,52.4023,18.4391,35.3836,23.6008,22.3607,29.0689,25.7099,15.6525,32.0156,59.2115,47.0106,38.8973,54.4059
161.137,134.629,187.302,152.712,168.44,149.693,133.825,164.21,131.244,113.137,129.004,118.701,125.196,126.254,95.0158,106.471,131.883,125.3,130.599,121.078,26.8701,21.0238,25.4951,19.2354,23.6008,74.2428,74.8131,71.2531,69.8713,67.2681,67.897,66.2722,64.0078,64.9384,76.4003,75.213,72.8011,69.4046,68.2422,72.4017,63.0079,65.5134,69.8355,67.2309,58.0086,56.0803,28.3196,28.3196,24.1868,52.1728,34.2345,7.2111,26.0192,49.5177,37.108,31.0161,9.05539,15.2315,11.7047,36.4966,47.5079,45.3542,44.1814,24.7386,21.2603,23.8537,46.6154,40.7063,29.7321,47.1275,53.8238,58.6941,40.7063,4.12311,24.8395,40.8044,21.095,34.5398,46.4866,34.7131,44.0454,19.9249,17.4642,36.3456,42.0119,0,9,34.1321,49.7695,28.0179,33.2866,37.2156,48.8262,43.2666,37.3363,45.3431,18.0278,28.4429,12.083,44.1475
165.68,139.521,192.211,156.525,173.104,153.405,137.768,169.257,136.653,119.67,134.034,123.422,130.096,132.276,99.8649,110.982,136.741,133.27,138.654,128.891,33.8378,29.4109,32.2025,27.5136,29.8329,83.2166,83.7257,80.2247,78.7718,76.2365,76.7919,75.2396,73.0068,73.8241,82.134,80.8084,78.5684,75.0733,73.7564,77.6209,68.6804,70.6045,74.6324,72.2011,58.5491,56.3205,23.2594,35.5106,32.311,61,43.1856,14.3178,27.2029,56.0803,40.2492,39.5601,18.0278,14.3178,4.47214,36.1248,52.6308,54.1295,53.1507,33.541,28.0179,31.7805,55.0273,45.607,33.8378,50.5371,61.4003,65.437,37.3631,8.94427,20.2485,49.4773,23.7065,32.249,44.4072,41.8808,50.2494,24.2074,25.9615,45.2769,51.0098,9,0,36.0555,58.1893,33.9706,41.1461,45.1885,56.4358,51,45.8803,52.4309,10,31.305,17.8045,47.0106
130.668,105.119,157.61,120.83,138.221,117.648,102.215,134.952,103.238,89.6939,99.905,88.8651,95.7758,100.424,65.7951,76.2168,102.303,110.114,115.953,104.809,55.3624,45.8803,54.8179,45.2217,54.1295,76.3217,74.6324,73.5391,69.8928,69.857,68.0074,68.942,69.3542,65.192,50.774,49.0918,47.5079,43.909,42.19,45,38.0132,38.0132,41.1096,39.2046,24.3311,22.8035,25.5539,55.9732,49.3964,53.2259,49.0408,28.0179,8.94427,31.0644,6.32456,34.7131,33.541,48.8365,40.4969,9.21954,22.1359,47.0106,55.9017,35,21.095,27.0185,43.0813,16.1245,9.21954,15.5563,41.1096,39.6232,22.0907,38.2099,56.3028,58.4123,55.0091,16.1245,20.5913,25.4951,25,15.2971,29.9666,43.9318,52.4023,34.1321,36.0555,0,68.2495,17.0294,29.6816,32.6497,37.4833,34.4819,38.2753,31.257,44.7214,6.32456,23.0868,11.4018
163.169,136.132,185.723,159.706,169.319,157.458,141.287,162.782,129.522,104.676,130.05,122.691,127.424,120.503,101.02,113.071,133.821,101.671,105.551,99.6243,27,28.7924,29,30.6757,32,37.5366,41.0366,35.3553,37.8021,32.6497,36.6197,32.0156,26.9072,34.9857,80,80.025,77.026,75.1665,75.326,80.3057,70.5762,75.9539,80.895,77.9295,90.2109,89.5879,76.3217,25,25.9615,30.4138,19.2094,48.8774,65.0692,56.2939,66.2873,34.4819,42.0595,52.2398,58.9406,75.6902,63.9062,30.0666,15.1327,33.3017,47.4236,41.2311,37.1214,61.2699,59.203,71.5542,50.04,60.1332,85.1469,49.3356,62,9.89949,44.0454,77.9872,87.6926,46.5188,55.9732,55.1725,39.6989,26,18.4391,49.7695,58.1893,68.2495,0,51.614,41.1461,40.4969,47.3814,44.1475,33.8378,50.448,64.3273,62.3699,50.8035,71.6938
133.297,106.677,159.327,125.355,140.545,122.43,106.405,136.213,103.228,85.703,101.02,90.824,97.2471,98.4124,67.1193,78.721,103.942,101.02,106.626,96.2549,42.107,32.1403,42.0119,32.0156,42.0476,60.4401,59.2284,57.5674,54.3415,53.7587,52.3927,52.811,52.8015,49.4773,48.4149,47.2017,44.8219,41.4005,40.2244,44.4185,35,37.5899,42.0476,39.3573,38.9102,38.0789,35.0571,42.2966,35.3553,37,32.45,20.8087,17.2627,22.2036,14.7648,17.6918,23.0868,43.0465,38.1838,25.5539,19.6977,30.4631,38.8973,18.7883,7.28011,10.7703,27.4591,13.3417,7.81025,22.0907,29.1204,31.6228,37.3363,31.9061,52.8015,41.8808,46.1736,30.3645,37.4433,10,16.2788,10.7703,16,26.9072,35.3836,28.0179,33.9706,17.0294,51.614,0,13,16.4924,24.5153,20.025,21.4709,19.3132,43.9318,12.083,16.2788,20.8806
132.774,105.702,157.867,126.384,139.714,123.693,107.448,134.614,101.119,80.9197,99.8098,90.4765,96.3846,94.8683,67.0522,79.1202,103.078,92.1303,97.509,87.818,38.0789,28.4605,38.6005,29.1548,39.5601,47.5395,46.5296,44.643,41.5933,40.8044,39.6232,39.8497,39.8121,36.6742,46.6154,45.8803,43.0813,40.1622,39.5601,44.3847,34.2053,38.4708,43.4166,40.4475,49.4065,49.0408,47.0956,37.6563,30.8058,24.0416,22.8035,26.8328,30.0832,18.9737,26.1725,7.07107,25.4951,46.6905,44.7772,38.4708,23.3452,17.4642,27.2029,12.6491,14.1421,9.43398,15,20.1246,20.5913,30.4138,20.6155,26.9258,50.3289,36.4005,57.4891,31.9531,46.8722,43.3244,50.2494,5.38516,16,22.0227,16.2788,15.2643,23.6008,33.2866,41.1461,29.6816,41.1461,13,0,4.12311,15.6205,10,8.60233,13.4164,51,25.0799,24.0416,30.8058
130.384,103.247,155.206,124.427,137.233,121.807,105.537,131.947,98.387,77.6209,97.3088,88.2326,93.984,91.8096,65,77.1298,100.658,88.1192,93.4719,83.863,40.1622,30.8707,40.8534,31.7648,42.0476,43.9659,42.7551,41.1096,37.855,37.3363,35.9026,36.4005,36.7151,32.9848,44.2719,43.6807,40.8044,38.0789,37.6563,42.5793,32.3883,37.054,42.0476,39.0512,51.0882,50.9313,51.0392,39.5601,32.8938,20.6155,23.0868,30.8707,33.7343,17.1172,28.6007,8.544,29.2062,50.3289,48.7647,41.6293,23.4094,14.4222,25.9422,15.2643,18.2483,13.4164,11.0454,21.4009,23.7697,31.6228,16.9706,24.1661,53.7587,40.2244,61.2209,31.7805,50,46.8402,53.2353,7.2111,15.5242,26,20,14.5602,22.3607,37.2156,45.1885,32.6497,40.4969,16.4924,4.12311,0,12.0416,6.40312,6.7082,11.1803,55.0091,28.4605,28.1603,32.5576
119.218,92.0272,143.673,113.952,125.936,111.463,95.1893,120.42,86.8159,65.6049,86.0349,77.3692,82.8613,79.925,54.5894,66.7533,89.493,76.9675,82.4621,72.4707,51.4782,42.5441,52.3259,43.566,53.7122,40.4969,38.0132,38.0132,33.6155,34.8281,31.9061,34.0588,36.1248,29.4109,33.541,33.2415,30.2655,28.0179,28.0179,33.0151,23.1948,28.6356,33.541,30.5941,50.8035,51.3128,59.4138,50.6952,44.2832,20.2485,32.5576,42.19,41.0488,10,32.0156,20.2485,41.1096,62.2896,60.208,46.6905,20.6155,17.4642,32.249,27.2029,28.6356,25,10.4403,22.4722,30,31.0644,5,13.1529,59.5399,52.0096,73.1095,40.0125,62.0081,53.1507,57.28,14.8661,13.4164,35.171,31.8904,23.3452,29.0689,48.8262,56.4358,37.4833,47.3814,24.5153,15.6205,12.0416,0,5.65685,15.8114,6.32456,66.3702,35,38.9102,33.541
124.31,97.1442,148.977,118.663,131.103,116.103,99.8248,125.718,92.1358,71.218,91.1811,82.28,87.9204,85.44,59.2284,71.3863,94.578,82.2922,87.7268,77.8974,46.2385,37.1214,47.0106,38.0789,48.3011,42.0476,40.1622,39.3573,35.4683,35.8469,33.6155,34.9857,36.2353,30.8707,38.3275,37.855,34.9285,32.3883,32.1403,37.1214,27.0185,32.0624,37.054,34.0588,50.2494,50.448,55.0818,45.5412,39,19.8494,28.0713,36.7151,37.054,12.1655,29.5466,14.7648,35.4683,56.6392,54.7083,43.6807,20.8087,15.2643,29.1204,21.6333,23.4094,19.4165,9.21954,20.8087,26.3059,30.4138,10.6301,18.0278,56.2939,46.4004,67.4759,36.1248,56.4004,49.6488,54.7814,10.0499,12.8062,30.4138,26.2488,19,25.7099,43.2666,51,34.4819,44.1475,20.025,10,6.40312,5.65685,0,11.0454,6.32456,60.9016,31.257,33.6155,32.2025
135.03,107.838,159.411,129.634,141.739,127.098,110.82,136.165,102.552,80.7094,101.843,93.145,98.6712,95.3834,70.214,82.3772,105.304,88.5099,93.6483,84.6286,35.7771,27.2029,36.7151,28.4253,38.2753,39.6232,39.0512,36.6742,34.0588,32.7567,32.0624,31.7805,31.3847,29.0689,49.2443,48.8365,45.8912,43.4166,43.1856,48.1664,38.0526,43.0116,48.0104,45.0111,57.6281,57.3847,54.5894,34.9285,28.6531,16.1245,17.0294,31.7805,38.2753,23.0217,34.7131,6.32456,28.6356,49.0918,49.0408,47.0106,30.0832,9.21954,19.2354,13.0384,21.2132,15,9.43398,28.0179,29.1548,38.2753,20.1246,28.8617,58.6941,39.8121,60.208,25.318,47.3814,51.6236,58.8303,13.4536,22.1359,29.6142,19.9249,8.06226,15.6525,37.3363,45.8803,38.2753,33.8378,21.4709,8.60233,6.7082,15.8114,11.0454,0,17.0294,55.3624,33.541,30.0666,39.0512
119.403,92.3093,144.451,113.265,126.317,110.635,94.3663,121.198,87.7097,67.9412,86.406,77.1622,83.006,81.6088,53.8516,65.9697,89.6939,81.7068,87.3155,76.9675,51.2445,41.7852,51.8652,42.5441,52.9245,46.6476,44.2832,44.1022,39.8246,40.8044,38.0789,40,41.7253,35.5106,33.2415,32.573,29.7321,26.9258,26.4764,31.4006,21.2132,26,31,28,44.8219,45.2217,53.7587,50.6952,43.9659,25.4951,34,38.4187,35.2278,6,25.7099,19.6469,38.2884,59.4643,56.4004,40.4475,14.8661,21.4709,35.4401,26,24.4131,22.0227,15,16.1555,24.0832,25,10.0499,13.6015,53.3385,48.7955,70.0071,42.2966,60.208,47.0425,50.9608,10.6301,7.2111,30.0832,29.2062,25.0799,32.0156,45.3431,52.4309,31.257,50.448,19.3132,13.4164,11.1803,6.32456,6.32456,17.0294,0,62.426,29.0689,34.6699,27.2947
175.026,149.03,201.695,165.529,182.497,162.361,146.86,178.807,146.349,129.634,143.6,132.88,139.617,142.144,109.403,120.37,146.24,143.126,148.476,138.798,38.2753,36.1248,36.4005,34.1321,33.6155,91.7878,92.5743,88.8144,87.6641,84.8528,85.703,83.863,81.3019,82.7647,91.9674,90.6091,88.4138,84.8999,83.5464,87.3212,78.5175,80.2808,84.2021,81.8352,65.9697,63.561,27.074,40.1622,38.4708,70.0928,51.0392,24.1868,35.7771,66.0681,49.3964,49.0408,26.9258,13.6015,6.32456,43.4166,62.3699,63.3246,61.0328,42.72,38.0132,41.5933,64.622,55.3173,43.4166,59.6825,71.3442,75.4321,42.0476,16.1245,13.0384,56.3205,24.2074,38.2099,50.04,51.8652,60.208,33.9706,35.4683,54.1295,59.2115,18.0278,10,44.7214,64.3273,43.9318,51,55.0091,66.3702,60.9016,55.3624,62.426,0,40.4969,27.8029,55.9464
134.529,108.6,161.236,125.22,142.004,122.102,106.471,138.405,106.217,91.2634,103.233,92.4175,99.2018,102.728,69.029,79.8812,105.802,109.768,115.521,104.676,49.0408,39.5601,48.5077,38.8973,47.8539,72.4224,71.0634,69.5701,66.2193,65.7875,64.2884,64.846,64.8845,61.4003,52.6308,51.0882,49.2037,45.607,44.0454,47.3814,39.4081,40.3113,43.9318,41.7253,30.5941,29.1204,25,49.6488,43.0813,49.0408,43.1856,22.0227,6.32456,30.0832,8.94427,29.4109,27.2947,43.4166,35.7771,13.6015,23.0217,42.5441,50.448,29.0689,15,21.2132,39.2938,16.1245,5,19.2354,39.1152,39.2173,25.2982,32.5576,51.4782,52.4976,49.0918,18.4391,25.6125,21.587,23.7697,9.05539,23.7065,38.6005,47.0106,28.4429,31.305,6.32456,62.3699,12.083,25.0799,28.4605,35,31.257,33.541,29.0689,40.4969,0,17,15.8114
149.094,122.642,175.328,140.631,156.416,137.615,121.742,152.266,119.403,101.912,117.047,106.677,113.208,114.691,83.006,94.414,119.887,115.871,121.334,111.364,33.1059,24.4131,32.311,23.3238,31.3209,69.1809,69,66.1891,64,62.2013,62,61.2046,59.8415,59,64.6607,63.4114,61.0737,57.6281,56.4004,60.4649,51.225,53.535,57.8014,55.2268,47.3814,45.7056,26,34,28.0179,46,32.6497,5.09902,16.1555,38.2884,25.318,24,10.7703,27.313,21.9317,27.313,35.5106,39,41.7852,19.6469,10.2956,15.1327,38.6394,28.6531,17.72,35.171,43.8292,47.634,34.6554,16.1555,36.6197,41.0488,32.1403,27.6586,38.5876,24.1868,32.5269,8.06226,11.7047,31.5753,38.8973,12.083,17.8045,23.0868,50.8035,16.2788,24.0416,28.1603,38.9102,33.6155,30.0666,34.6699,27.8029,17,0,32.3883
119.281,93.723,146.209,109.59,126.827,106.438,90.9175,123.556,91.9348,79.177,88.5268,77.4661,84.386,89.4036,54.4518,64.8151,90.9065,101.435,107.355,95.901,62.6498,52.7731,62.3939,52.469,62.1289,73.9256,71.5542,71.3442,67.1193,67.9559,65.3682,67.1193,68.4105,62.7694,40.2492,38.4708,37.1618,33.6155,31.7805,34.1321,28.1603,27.2947,30,28.3019,18.6011,18.3848,36.4005,62.9682,56.0892,52.0096,52.7731,37.4833,20.2485,25,7.07107,37.2156,42.0119,59.203,51.4782,17.4642,14.1421,46.6905,58.0086,39.5601,27.2947,31.6228,41.4005,11.4018,15,4.47214,36.0555,32.0624,29.8329,48.2701,67.2309,62.1772,64.4981,25.4951,25.02,25.6125,20.1246,24.3311,36.4966,46.0435,54.4059,44.1475,47.0106,11.4018,71.6938,20.8806,30.8058,32.5576,33.541,32.2025,39.0512,27.2947,55.9464,15.8114,32.3883,0
