108.977,118.444,111.036,116.043,112.432,121.083,123.11,119.503,157.547,153.447,154.616,150.602,160.424,152.434,158.221,159.455,155.567,169.189,165.148,160.465,87.0517,74.2428,71.8401,63.1506,98.7168,86.764,106.066,77.7946,79.3977,93.9415,104.235,74.411,74.027,93.5094,37.1618,37.6431,36.6742,29.2746,54.0833,50.0899,23.3452,57.6975,22.3607,27.4591,16.7631,22.561,46.5188,106.231,72.9932,74.7061,86.6833,65.7647,29.0689,52.5547,23.3238,40.8534,55.1543,82.2982,54.3415,35.0571,8.06226,87.6926,81.9878,73.0616,43.6005,68.0074,45.2769,31.305,36.0139,31.7805,64.8845,50.2195,28.8617,57.0351,74.9667,78.6003,94.0479,21.095,38.0132,26.1725,45.3431,61.131,80.1124,50.1597,57.8014,61.131,60.6712,15.2643,111.14,44.0114,33.2415,54.4059,48.8774,39.0512,60.4152,53.6656,71.6938,39.8121,36,30.4138
85.276,94.1116,87.6185,92.3147,89.202,97.0824,99.3579,96.2133,131.822,127.914,129.19,125.399,134.952,127.405,133.124,134.469,130.832,142.004,137.993,133.33,61.9839,58,51.3128,41.1825,76.5572,86.8332,104.048,69.857,72.8011,94.0479,96.6075,68.0074,62.7694,85.9069,43.4166,46.4866,55,43.0465,68.4471,64.846,43.1393,60.0083,37.2022,46.7547,43.9659,13.6015,20,87.0919,50.1597,74.5453,75.1665,42.9535,6.7082,57.4282,20.8806,25.9422,38.2884,56.0089,27.2947,13.4536,26.6271,78.2943,66.5282,58.258,35.171,49.0408,39.6232,37.9473,12.2066,21.2132,67.0075,58.9406,27.5862,32.573,48.1664,66.2873,68.1836,8.544,23.3452,26.9258,42.19,40.8044,62.3699,34.4093,47.4236,35.2278,38.0132,27.6586,94.8472,19.3132,31.0644,43.8634,50.01,33.2415,43.9318,38.833,44.7214,26.9258,12.8062,29.2746
136.488,145.836,138.593,143.558,140.014,148.553,150.629,147.085,184.402,180.413,181.64,177.73,187.427,179.636,185.4,186.679,182.877,193.546,189.771,185.224,106.532,85,87.0057,80.5047,114.018,79.9062,99.7246,80.0562,80.1311,86.3713,103.73,75.591,80.0062,93.8136,35.4683,32.6497,18.6011,23.4094,36.2491,32.6497,14.1421,53.0094,22.0227,14.3178,16.1245,43.0813,72.6705,117.712,90.4489,69.527,91.5478,83.7257,52.3259,46.4004,39.0512,56.3205,69,103.846,78.2943,56.3028,26.0768,90.3383,91.2195,82.5651,53.2353,82.0244,51.9711,32.7567,58.3095,47.676,58.8982,40.3113,55.0091,77.3692,97.7394,85.0706,114.543,48.1664,65.6049,37.1214,49.7293,77.1622,91.7878,64.0078,65.5134,82.8613,78.9177,27.2029,119.252,65.7875,42.0476,62.9682,47.8539,48.1664,73.1095,66.0681,97.2471,54.1479,57.9396,40
97.4166,107.336,99.2018,104.403,100.424,109.622,111.4,107.448,147.733,143.388,144.402,140.132,150.233,141.739,147.567,148.661,144.516,163.478,159.11,154.276,88.295,82.6196,77.4145,67.5426,103.078,101.951,120.83,90.2109,92.358,109.202,117.068,87.367,84.9588,106.254,52.8867,53.9351,53.6004,46.0977,71.1126,67.1193,40.3113,73.0548,39.1152,44.4072,27.8029,30.4138,41.1096,113.018,76.6942,89.6939,97.6729,69.4622,31.7648,68.4105,34.6699,48.9183,62.8013,81.6149,52.2398,38.9487,24.1868,99.6393,90.9065,82.2192,54.8179,74.6257,57.6888,46.8402,38.4838,41.0366,80.3243,66.7533,12.53,59.1354,73.171,89.1067,94.0479,18.0278,25.2389,39.3573,58.6686,66.7308,87.6584,58.258,68.7677,61.3922,64.4748,30.8058,119.808,45.8803,46.1411,65.192,63.6946,51.0392,68.4105,62.3699,65.9242,48.7955,38.9102,43.4166
116.726,126.151,118.802,123.794,120.208,128.818,130.863,127.279,165.076,161.012,162.2,158.221,168.003,160.078,165.858,167.108,163.248,175.915,171.956,167.314,92.0489,76.3217,75.3127,67.2681,102.421,83.863,103.465,77.3369,78.5175,90.9175,103.238,73.5935,74.6257,92.6553,34.4093,34,30.0666,24.6982,48.0416,44.0454,17.0294,54.9181,18.3576,21,11.0454,27.0185,53.7122,108.784,77.2334,72.111,87.0919,70.1142,34.9285,49.2443,25.7099,43.9318,57.9741,87.9659,60.7289,40.1995,9.05539,87.4586,83.672,74.7329,44.7214,71.0634,45.4863,29.0689,41.5933,34.7131,61.9112,45.8803,36.0555,62.1289,81.0247,79.404,99.4082,28.6007,45.8039,26.8328,44.8219,64.7765,82.5409,52.8867,58.6686,66.7533,65.0692,14.7648,112.699,49.4975,33.6155,55.4707,46.8615,39.8246,62.9365,55.9732,78.721,42.45,41.4367,30.8869
94.0479,104.01,95.8019,101.02,97.0052,106.254,108.005,104.019,144.534,140.161,141.156,136.858,146.986,138.438,144.267,145.344,141.174,160.854,156.438,151.585,87.0919,82.9759,77.1751,67.1193,102.46,104.062,122.772,91.526,93.8136,111.328,118.431,88.8369,85.9127,107.615,55.3173,56.5685,56.8859,49.0102,74.2428,70.2567,43.566,75.2861,42.0119,47.676,31.4006,31.4006,39,112.898,76.0592,91.7606,98.5951,68.8767,31.6228,70.8308,36.2353,49.4975,63.1269,80.0625,50.636,38.833,27.0185,100.802,91.351,82.7587,56.0357,74.6324,59.1692,49.2443,38.0789,42.0119,82.5651,69.4622,8.94427,58.3095,71.4493,89.9389,92.5743,17.4929,21.9545,41.2311,60.3738,66.5733,87.8009,58.7282,69.814,60.1664,63.9531,33.3766,120.104,45.1885,47.8539,66.2193,65.7875,52.4786,68.7677,62.9365,63.5059,49.5782,38.5876,45.1885
79.511,89.202,81.4678,86.5563,82.807,91.6788,93.6056,89.8721,129.139,124.868,125.936,121.758,131.765,123.458,129.275,130.43,126.4,144.586,140.186,135.34,72.8011,73.8783,65.9469,55.4437,89.6939,102.772,120.333,86.406,89.3197,110.023,113.159,84.5044,79.2591,102.46,57.1402,59.5399,64.4748,54.1202,80.0812,76.243,51.4296,75.2396,47.4342,55.4617,44.8219,28.1603,23.1948,101.671,63.5138,90.4268,91.586,56.6127,23.2594,72,35.0143,42.4853,54.4059,65,35.7351,29.6816,33.541,94.8262,82.4621,74.4043,51.5461,64.3506,55.7853,51.2445,27.8029,37.3631,82.3893,72.4431,13,45.4863,56.0892,82.6801,77.6209,12.0416,8.544,41,58.0517,55.8659,77.7946,50.774,63.9766,46.0977,52.0096,37.6431,110.318,33.3017,46.2709,60.4152,65.2763,49.2443,60,55.2268,47.2652,43.4626,28.6007,44.1022
114.691,123.746,116.932,121.754,118.444,126.621,128.818,125.495,161.645,157.747,159.022,155.219,164.785,157.207,162.936,164.268,160.59,170.309,166.517,161.966,84.3801,67.0671,66.6108,59.0085,93.771,75.591,95.0158,68.0147,69.2965,82.7345,94.0691,64.3506,65.192,83.4386,25.9422,26.2488,26.9258,18.0278,43.4166,39.4588,13.8924,46.5296,11.0454,17.8885,19.9249,19.9249,49.8197,99.6243,69.0072,63.6318,77.666,62.0081,29.0689,41.2311,17.0294,35.2278,49.0306,81.0247,55.0364,33.2415,4.12311,78.1025,74.3236,65.3911,35.3412,62.1691,36.0555,20.2485,35.1141,26.0768,53.6656,38.833,39.2046,54.7449,74.6324,69.9714,92.0706,26.6271,46.0977,17.4642,35.4683,56.2228,73.3757,43.9318,49.2443,59.9083,57.0351,5.38516,103.315,42.72,24.1868,46.0652,38.0132,30.4138,53.8516,46.8402,74.0945,33.541,34.7851,21.4709
85.44,93.6002,87.983,92.358,89.6939,96.8349,99.2975,96.566,129.557,125.897,127.287,123.762,132.966,125.936,131.552,133.004,129.634,136.693,132.914,128.378,53.2353,48.1664,41.3401,31.305,66.8506,80.0999,96.5091,61.3514,64.56,87.2067,87.8465,59.9083,53.6656,77.2528,40.7063,44.4185,55.9017,43.1393,67.1193,63.8201,45.4863,54.7449,38.4187,48.6004,50.4876,13.8924,19.6977,77.1038,40.4969,68.0074,65.8635,33.2415,5,53.1601,19.799,17.4642,28.6007,48.2597,21.4709,4.12311,31.3209,69.3542,56.7274,48.6004,28.0179,39.0512,33.0151,36.0555,2.23607,15.8114,61.4003,55.9464,37.4833,23.3452,41.2311,56.9386,60.0083,18.3576,31.3847,25,36.2215,30.8058,52.4023,25.0599,38.8973,27.074,28.2312,30.0167,84.8999,10.0499,26.9258,35.4401,44.911,27.2947,34.2053,29.5296,41.2311,19.105,2.82843,25.9422
78.339,84.1546,81.2527,84.4808,83.1986,87.9204,90.7579,89.2861,114.202,111.252,112.894,110.136,118.224,112.681,117.886,119.57,116.97,114.237,110.982,106.78,26.0192,32.3883,19.6977,10.0499,40.8167,79.404,91.5478,54.4518,58.6941,85.6154,77.3175,55.3173,44.1022,68.0074,56.0357,60.4649,76.0263,63.0714,82.4621,80,68.3081,61.6117,60.407,70.5762,77.0584,39.1152,29.0689,53.7587,14.8661,69.0797,53.3385,8.94427,32.249,63.0317,42.2019,26.4197,21.4709,22.8473,16.1245,26,57.2189,59.0339,40.2616,35.0571,35.3836,21.2132,40.3113,53.7122,25.1794,33.8378,66.3702,68.6222,61.7738,4,19.105,45.0444,33.3766,44.9222,51.0882,44.9444,44.5533,14.1421,33.2415,23.4307,36.2491,6,7.07107,54.1295,64.3506,17.2627,42.5441,34.4819,53.8145,38.6005,23.7697,25.5539,30.4138,29.1548,25.0799,43.382
80.8022,89.3756,83.2346,87.8009,84.8764,92.4554,94.8103,91.8368,126.507,122.674,123.988,120.283,129.727,122.348,128.035,129.418,125.873,136.015,132.034,127.389,56.2939,54.8179,47.0106,36.6197,71.5542,87.2067,103.755,68.6222,71.8401,94.3398,95.0789,67.1863,60.8358,84.5044,46.2385,49.6588,59.5483,47.2017,72.0694,68.6003,48.1664,61.4003,41.7732,51.6236,50,17.2047,14.8661,82.801,45.1774,75.06,72.9452,38.0789,7.61577,59.439,24.1868,24.7386,35.5106,50.04,21.2132,11.4018,32.249,76.5572,63.4114,55.4707,35.1283,45.2548,40.0125,41.1461,8.94427,22.2036,68.1836,61.6847,31.4006,27.313,42.107,64.0078,62.2896,14.1421,24.1661,29.9666,43.0465,36.7967,58.6941,32.2025,46.1736,29.4279,33.2866,32.5576,91.2195,14.4222,32.9848,42.72,51.4782,34.0588,41.0488,36.6742,38.9487,26.3059,9.84886,31.6228
69.2026,77.8974,71.6101,76.2168,73.2393,80.9197,83.2406,80.2122,115.603,111.665,112.929,109.124,118.697,111.126,116.846,118.191,114.56,127.201,123.016,118.271,53.7122,59.9416,49.8197,39.2046,71.6101,97,112.752,76.6877,80.2309,104.019,102.489,75.8024,68.0074,92.1792,57.7754,61.2699,71.0634,58.8218,83.7257,80.2621,59.397,72.1803,53.2635,62.9682,59.0931,28.8444,4.12311,84.8528,46.0109,85.0529,79.4796,39.6232,19.2354,70.6045,35.8469,34,42.0595,45.607,16.5529,21.2132,42.8019,83.8153,68.4763,61.327,45.0999,49.3964,50.2494,52.7731,18.1108,33.2415,78.7718,73.1642,32.28,28.3196,36.6742,70.5762,58.2409,21.5407,20,41.5933,53.6004,40.8167,62.6817,39.8121,54.5894,27.4591,35.609,43.8634,94.8103,18.9737,44.2719,51.3517,62.3699,44.7214,47.1699,44.1475,29.4109,36.0555,19.105,43.0813
76.4003,85.0412,78.8162,83.4086,80.4487,88.0909,90.4268,87.4185,122.442,118.562,119.854,116.103,125.607,118.14,123.843,125.208,121.622,132.816,128.752,124.064,55.3624,56.8595,48.1041,37.5366,71.6938,91.0879,107.355,71.8401,75.1864,98.1835,98.0816,70.6116,63.6946,87.5957,50.6952,54.1295,63.8905,51.614,76.5376,73.0616,52.345,65.6201,46.0977,55.8659,53.1413,21.6333,10.6301,83.7377,45.4863,79.0063,75.5844,38.6005,12.083,63.7887,28.6531,28.2843,38.0132,48.3735,19.0263,15.0333,36.0555,79.4796,65.4599,57.8014,39.0128,46.8615,44.0114,45.618,12.1655,26.4764,72.3395,66.1287,30.8869,27.4591,40.0125,66.6408,60.8276,16.1245,21.6333,34.4384,47.1699,38.2884,60.3075,35.1141,49.4773,28.4605,34.0588,36.7696,92.7631,15.6205,37.3631,46.0977,55.7315,38.2099,43.4166,39.5601,35.3412,30.0666,13.1529,36.0555
85.4927,92.6607,88.2383,92.1358,90.0777,96.1769,98.8383,96.6644,125.992,122.674,124.197,121.037,129.727,123.406,128.845,130.419,127.413,129.252,125.782,121.433,42.0119,36.6197,28.8444,18.7883,54.4243,74.3303,89.202,52.7731,56.4358,81.1542,78.4474,52.1536,43.9659,68.1542,42.4264,46.6905,61.0574,48.0208,69.3109,66.4831,52.5547,52,44.7772,55.0364,61.0082,23.0217,24.1868,64.6375,28.1603,62.8013,55.5428,20.8806,17.088,51.9711,26.2488,13.0384,18.0278,38.6005,17.8885,10.198,41.1096,59.7746,45.2217,37.5899,24.1661,26.8701,29.5466,39.2046,10.2956,18.3576,57.8705,56.4004,49.679,12.1655,33.121,46.6154,49.4975,30.8869,41.8808,29.5296,33.541,18.4391,40.3113,16.0312,31.0161,17.8885,15.8114,38.0789,72.8354,5.09902,28.3196,28.0179,42.9418,25.807,23.2594,20.2237,38.2753,15.8114,9.84886,28.6007
48.7545,56.3028,51.4782,55.4707,53.3104,59.6825,62.2656,59.9333,92.3147,88.5268,89.8721,86.267,95.5877,88.4138,94.0479,95.483,92.0978,104.048,99.7246,94.921,43.2782,64.3817,50.9902,42.107,64.6375,110.023,123.26,86.1452,90.2718,116.559,109.371,86.5794,76.0066,100.045,77.666,81.6088,93.3381,80.6598,104.403,101.213,82.3286,88.7694,75.6902,85.703,82.7647,50.9313,19.7231,81.0062,43.9659,98.9545,85.3756,40.4475,41.0366,88.5494,57.3149,49.6588,51.6236,32.5269,18.9737,40,66.2873,91.0879,72.0069,67.1193,60.9262,53.2353,66.3099,73.4098,37.0135,52.4309,94.578,92.4392,52.0384,32.0624,23.4307,77.1038,44.2041,45.1885,37.0135,62.482,70.2638,46,64.5368,51.6624,66.2873,26.0768,39.0128,66.7083,93.6216,32.6497,63.5138,63.7887,79.6241,62.1772,55.1453,55.109,7.28011,52.3259,37.8021,63.0079
56.6127,65.192,59.0762,63.6003,60.7454,68.2495,70.6045,67.6757,103.005,99.0202,100.265,96.4261,106.042,98.4124,104.139,105.475,101.833,116.181,111.826,107.005,50.6063,64.846,52.8015,42.72,70.7248,106.381,121.066,84.2912,88.1419,113.217,109.041,84.0238,74.8131,99.1413,69.7711,73.4302,83.7377,71.4003,96.0417,92.6499,72.1249,82.9699,65.9469,75.6902,71.1196,41.4005,9.43398,85.8021,47.1699,94.7629,85.3756,42.0476,31.6228,81.9329,48.2597,43.9318,49.163,40.8167,17.088,32.311,55.4437,90.4268,73.0548,66.9403,55.3173,53.7587,60.6383,65,29.1548,44.7772,89.2693,85,40,31.6228,31.3847,76.6877,53.2353,33.6155,25.1794,53.8516,64.2884,45.607,66.3099,48.0104,63.0079,27.7849,39.2173,56.5862,97.2471,27.1662,55.9464,60.075,73.3757,55.6597,53.6004,52.0096,19,46.3249,30.0832,55.0091
82.4621,91.2853,84.8116,89.4986,86.4002,94.2603,96.5401,93.4077,129.016,125.1,126.372,122.577,132.136,124.579,130.3,131.643,128.004,139.46,135.418,130.74,60.4152,58.1378,50.8035,40.4969,75.5844,88.5664,105.537,70.9366,74,95.7549,97.5756,69.2604,63.5295,86.9253,45.8803,49.0408,57.8014,45.793,71.1126,67.5352,45.9674,62.0725,40,49.5782,46.4866,16.1555,17.2047,86.6083,49.1935,76.3217,75.8024,42.0595,8.06226,59.6825,23.4094,26.9258,38.6005,54.0833,25.0799,13.8924,29.4109,79.1581,66.7083,58.6003,36.6742,48.8365,41.3038,40.4969,12.0416,23.0217,69.0072,61.4003,27.6586,31.3847,46.0435,66.888,66.3702,10.0499,21.8403,29.4109,44.0454,40.4599,62.2415,34.9857,48.4665,33.541,37.2156,30.4795,94.7629,18.3576,33.2415,44.9444,52.0865,35.0571,44.2041,39.4462,42.0476,28.1603,12.8062,31.5753
106.005,109.371,109.005,111.072,111.005,113.358,116.349,116.069,130.545,128.752,130.633,129.035,135.192,131.898,136.297,138.192,136.682,117.516,115.745,112.614,29.6142,15.1327,16.9706,27.5862,17.4929,62.9682,67.9779,36.1248,40.3113,67.0075,48.7647,40,26.9258,42.4853,66.0303,70.1142,88.0909,77.0584,86.8332,85.9069,85.4751,59.4643,77.6466,86.1452,100.688,64.8845,65,19.2354,21.9317,57.2014,26.9258,27.2029,62.1289,64.2884,64.195,46.2385,31.9531,39.0128,52.1536,54.9181,80.9568,34.1321,13.4536,18.6815,46.3897,19.2354,48.0104,67.1193,55.8032,55.3624,60.3738,72.0347,95.268,38.4187,44.5533,23.4307,37.3363,76.2758,86.3134,63.561,51.0392,27.2029,8.06226,37,35.1283,41.1825,31.1448,75.4321,28.3019,49.5782,57.7062,37,56.8859,51.4782,26.9258,33.9559,61.8466,47.4342,55.2178,60.0167
112.004,115.352,115.004,117.068,117.004,119.34,122.332,122.066,136.125,134.406,136.297,134.766,140.801,137.641,141.989,143.892,142.443,122.025,120.42,117.414,35.5106,15.5242,21.6333,32.2025,21.2132,58.7282,62.6498,32.45,36.4005,62.3699,43.0116,36.7151,24.3516,37.2156,66.1211,70.0286,88.0227,77.5242,85.5102,84.8528,86.3134,57.7235,78.6448,86.7006,102.46,67.6018,69.8928,17.2627,27.5136,53.8516,22.0227,32.249,65.6049,62.9682,66.3099,48.7647,34.4819,45.0111,57.3062,58.4123,83.006,29.2062,10.4403,18.0278,47.5395,22.6716,48.5077,67.7422,59.5483,57.6975,57.9396,70.859,99.1564,43.2666,50.4876,20.1246,43.0116,79.8123,90.7855,65.146,51.1566,31.1127,9.43398,39.3573,35.1283,46.5188,35.805,77.1622,23.4307,53.7587,58.9406,37.4833,56.1427,52.6308,29.0689,35.8469,67.6831,49.6588,58.8982,61.4003
100.005,103.586,103.005,105.171,105.005,107.564,110.549,110.164,125.801,123.859,125.718,123.976,130.388,126.811,131.32,133.195,131.552,114.551,112.539,109.225,24.3516,15.2643,11.6619,22.0227,17.2627,66.2193,72.6154,39.0512,43.4166,70.7248,54.1295,42.4264,29,47.1699,64.4981,68.7314,86.5794,75.06,86.6487,85.44,83.0542,59.9333,75.1066,84.006,97.2934,60.7454,59.0339,24.2074,15.6525,59.4643,31.3847,21.2603,57.3062,64.2573,60.6383,42.45,28.4429,33.1361,46.0435,50.1199,77.3692,38.4838,17,19.4165,44,15.2971,46.2709,65.0308,50.774,51.6624,61.5873,71.7844,90,32.5576,38.3275,26.4008,32.6497,71.3442,80.6102,60.531,49.6488,22.3607,9.21954,33.541,34.2053,34.9857,25.4951,72.1803,34.4819,44.2041,55.0818,35.5106,56.3205,49.0102,24.0208,31.0644,55.5428,43.9318,50.2494,57.2189
81.3941,72.2772,82,77.6209,82.4621,73.3757,74.3303,79.0569,42.4264,46.0977,47.4236,51.225,46.0977,53.1507,51.6624,53.1507,56.5685,4,5.38516,10.198,95.7758,132.231,120.507,121.017,104.019,183.448,187.043,156.4,160.702,187.446,165.855,159.831,146.386,162.003,172.261,176.709,192.13,179.109,198.338,196.087,183.358,174.774,175.775,186.067,187.275,152.118,124.278,117.661,113.071,176.777,147.122,117.414,142.864,177.609,156.975,142.688,135.207,93.7443,116.867,139.09,169.387,154.302,133.869,136.473,151.162,126.254,155.657,169.956,136.894,149.482,177.8,184.024,156.109,119.708,98.0051,143.684,86.5563,149.893,140.812,160.655,159.841,125.801,126.621,138.698,147.757,113.252,120.93,168.19,131.609,129.692,158.808,147.435,168.6,154.777,134.466,139.402,98.9798,145.437,137.321,159.512
71.5891,62.6418,72.2772,68.0074,72.8011,63.9062,65,69.6419,36.0555,39.0512,40.6079,43.8634,40.3113,46.0977,45.4863,47.1699,50,10.7703,5.38516,2,88.3912,125.32,113.146,113.071,98.1835,176.955,181.397,149.803,154.159,181.207,160.524,153.056,139.603,156.157,163.933,168.363,183.505,170.47,190.205,187.856,174.471,167.171,166.964,177.26,177.91,143.108,114.826,112.712,105.475,169.853,141.014,109.481,133.754,169.779,148.125,134.239,127.283,85.6037,107.787,130.177,160.225,148.219,127.44,129.557,143.003,118.828,147.611,161.447,127.906,140.801,170.449,176.026,146.322,111.221,89.3588,137.131,79.196,140.456,131.027,151.954,151.819,117.924,119.971,130.602,140.186,104.623,112.801,159.211,127.047,120.83,150.333,139.703,160.705,146.479,126.811,131.503,89.5377,137.011,128.363,150.944
81.0494,71.8053,81.5843,77.1298,82,72.8011,73.6817,78.4474,41.0366,44.8219,46.0977,50,44.5982,51.8556,50.2096,51.6624,55.1725,6,6.40312,10.7703,97.0824,133.645,121.828,122.201,105.603,184.946,188.672,157.877,162.188,188.987,167.523,161.276,147.828,163.6,173.349,177.792,193.127,180.1,199.484,197.205,184.261,176.051,176.706,187,187.968,152.971,124.92,119.365,114.337,178.197,148.678,118.6,143.673,178.832,157.889,143.736,136.4,94.8683,117.686,139.979,170.176,155.862,135.37,137.888,152.296,127.562,156.822,170.988,137.753,150.456,179.134,185.205,156.518,120.739,98.9798,145.165,87.8635,150.546,141.223,161.623,161.012,127.004,128.082,139.846,149.037,114.237,122.066,169.056,133.36,130.599,159.85,148.678,169.806,155.872,135.724,140.602,99.6243,146.492,138.192,160.524
71.1969,62.0967,71.8053,67.4463,72.2772,63.2456,64.2573,68.9493,34.4093,37.5366,39.0512,42.4264,38.5876,44.5982,43.8292,45.4863,48.4149,11.6619,6.40312,4,89.8053,126.811,114.551,114.337,99.8599,178.508,183.076,151.344,155.708,182.8,162.247,154.564,141.113,157.813,165.076,169.499,184.548,171.511,191.4,189.024,175.419,168.505,167.943,178.239,178.639,144.014,115.521,114.49,106.832,171.33,142.636,110.752,134.618,171.058,149.094,135.351,128.55,86.8332,108.674,131.126,161.059,149.843,129.016,131.046,144.201,120.216,148.839,162.533,128.825,141.834,171.84,177.26,146.758,112.33,90.4268,138.683,80.6226,141.152,131.469,152.977,153.052,119.206,121.511,131.822,141.534,105.688,114.018,160.125,128.86,121.803,151.433,141.014,161.969,147.635,128.144,132.774,90.2497,138.13,129.294,152.013
80.6226,71.1969,81.0494,76.4853,81.3941,72.0347,72.8011,77.6209,39.0512,43.0116,44.2041,48.2597,42.4264,50,48.1041,49.4975,53.1507,9,8.60233,12.2066,99.0858,135.794,123.843,124.016,108.005,187.211,191.128,160.112,164.438,191.314,170.038,163.466,150.013,166.012,175.011,179.446,194.651,181.618,201.229,198.91,185.648,177.992,178.135,188.43,189.042,154.289,125.936,121.939,116.276,180.347,151.03,120.42,144.931,180.693,159.298,145.344,138.224,96.6075,118.966,141.354,171.397,158.221,137.644,140.036,154.029,129.557,158.6,172.569,139.086,151.954,181.157,187.003,157.178,122.332,100.499,147.411,89.8721,151.568,141.891,163.11,162.8,128.845,130.3,141.605,150.987,115.763,123.81,170.391,136,132.004,161.447,150.572,171.642,157.547,137.644,142.436,100.658,148.111,139.542,162.077
89.0225,85.7555,91.4002,90.1388,93.0054,89.1852,91.7878,94.3398,85.1469,85.5862,87.5728,88.2836,90.1388,91.2414,93.5361,95.5249,96.1769,56.7979,56.648,55.0818,48.5077,78.7718,70.2282,74.7329,47.4342,127.016,128.316,100.802,104.809,130.177,106.668,104.862,91.8096,103.947,125.873,130.292,147.526,135.093,149.693,148.189,141.598,123.434,133.555,143.391,151.268,113.358,94.3663,58.258,65,122.066,90.0278,71.3863,106.019,127.534,116.108,98.8433,87.6413,53.0848,82.3893,100.18,131.461,97,78.2368,82.8553,104.403,75.9605,107.838,125.16,99.0454,107.355,125.032,134.852,130.231,78.2304,61.5224,88.2326,41.0122,117.209,116.181,118.068,111.665,78.5875,72.2011,92.1792,97.17,74,76.1183,128.133,71.5612,91.0494,114.237,97.8621,119.231,108.931,85.0941,91.3947,73.0548,101.203,99.0808,115.732
86.0233,83.2406,88.4816,87.4643,90.1388,86.7698,89.4427,91.7878,85,85.1469,87.1436,87.5728,90,90.5539,93.1343,95.1315,95.5249,59.1692,58.6003,56.648,43.566,74.4312,65.5515,69.857,43.4166,123.24,125.1,96.8297,100.896,126.574,103.6,100.802,87.6584,100.499,121.116,125.543,142.72,130.25,145.097,143.544,136.693,119,128.655,138.514,146.277,108.374,89.4427,55.2178,60.1664,118.004,86.3134,66.4906,101.02,123.004,111.158,93.9415,82.8613,48.0937,77.4145,95.1893,126.479,93.3488,74.2024,78.5493,99.6243,71.3092,103.121,120.333,94.0479,102.421,120.739,130.269,125.32,73.2462,56.5685,84.2021,36.0139,112.219,111.324,113.159,106.977,73.7631,67.9559,87.3613,92.6121,69,71.1969,123.179,68.9638,86.0523,109.385,93.2309,114.634,104.12,80.4114,86.6487,68.352,96.3172,94.0851,110.856
86.6833,83.2166,89.0225,87.6584,90.6035,86.6083,89.1852,91.8096,82.1523,82.6075,84.5931,85.3288,87.1436,88.2836,90.5539,92.5419,93.2148,54.1202,53.8516,52.2015,49.0306,80.2621,71.3092,75.4321,49.2037,128.973,130.599,102.616,106.668,132.246,109.018,106.607,93.4773,106.104,126.811,131.244,148.368,135.857,150.881,149.308,142.201,124.824,134.172,144.069,151.476,113.635,93.9042,60.6053,65.8027,123.81,92.0217,72.0347,106.118,128.81,116.559,99.4636,88.5438,53,82.1523,100.404,131.746,99.0353,80,84.3801,105.304,77.0779,108.849,125.96,99.1817,107.87,126.57,136.059,129.711,78.5175,61.2046,90,41.1947,117.068,115.521,118.663,112.721,79.404,73.7835,93.0054,98.4124,74.0608,76.6877,128.565,74.0945,91.1976,114.983,99.0051,120.42,109.768,86.1626,92.358,72.1249,101.868,99.2472,116.417
82.0061,78.8923,84.4038,83.2166,86.0233,82.365,85,87.4643,80,80.1561,82.1523,82.6075,85,85.5862,88.1419,90.1388,90.5539,54.9181,54.1202,52,44.643,77.1038,67.5426,71.1688,46.6905,126.621,129.016,100.005,104.139,130.138,107.648,103.856,90.6035,104.235,122.776,127.224,144.201,131.605,147.167,145.499,137.768,121.433,129.757,139.718,146.67,108.904,88.6848,59.3633,61.6847,121.037,89.8053,67.72,101.242,125.24,111.987,95.0789,84.5044,48.0416,77.0584,95.6347,127.012,96.8969,77.3369,81.2712,101.242,73.3485,104.924,121.758,94.3398,103.368,123.422,132.382,124.459,73.8241,56.0803,87.3212,36.4966,112.018,110.218,114.237,108.853,75.2728,70.8025,88.8651,94.8262,69.1809,72.2772,123.968,73.3553,86.3713,110.725,95.2733,116.73,105.622,82.3468,88.3912,66.7608,97.5295,94.4299,112.089
83.6301,79.8812,85.9127,84.4038,87.4586,83.2166,85.7555,88.4816,78.1601,78.6384,80.6226,81.3941,83.1505,84.3445,86.5794,88.5664,89.2693,50.6063,50.1597,48.3839,50,82.3772,72.9178,76.5376,51.7397,131.643,133.686,105.119,109.225,135.059,112.201,109.018,95.8019,109.041,128.16,132.608,149.576,136.971,152.542,150.881,143.098,126.764,135.093,145.066,151.845,114.127,93.4345,63.8201,67.0671,126.21,94.7629,73.0821,106.381,130.599,117.277,100.424,89.8888,53.1507,82.0061,100.841,132.231,101.823,82.4621,86.5332,106.626,78.721,110.309,127.13,99.5038,108.683,128.701,137.753,129.124,79.0759,61.0082,92.4554,41.7732,117,114.756,119.57,114.237,80.6536,76.0263,94.2444,100.185,74.3303,77.6209,129.248,77.5242,91.5478,116.09,100.648,122.102,111,87.7268,93.7763,71.0634,102.883,99.6092,117.444
80.4301,77.1751,82.801,81.5414,84.4038,80.6226,83.2406,85.7555,78,78.1601,80.1561,80.6226,83,83.6002,86.1452,88.1419,88.5664,53.2541,52.3546,50.1597,45.2217,78.2368,68.4251,71.7844,48.0833,128.004,130.602,101.316,105.475,131.59,109.289,105.119,91.8314,105.759,123.491,127.945,144.838,132.197,148.034,146.322,138.246,122.45,130.25,140.246,146.874,109.179,88.459,61.0574,62.3939,122.287,91.2414,68.3081,101.4,126.178,112.379,95.6033,85.235,48.1664,77.0065,95.8853,127.279,98.3514,78.6448,82.4197,101.951,74.2428,105.702,122.381,94.5304,103.812,124.535,133.27,124.169,74.1485,56.0089,88.6172,36.8782,112,109.836,114.726,109.659,75.9605,72.0069,89.5377,95.7706,69.3542,72.8011,124.338,75.1332,86.5794,111.319,96.1509,117.618,106.283,83.1925,89.1572,66.2193,98.0816,94.6414,112.641
82.8794,79.0569,85.1469,83.6002,86.6833,82.3772,84.9058,87.6584,77.1622,77.6466,79.6304,80.4114,82.1523,83.3607,85.5862,87.5728,88.2836,49.7393,49.2443,47.4342,50.2892,82.9277,73.3485,76.844,52.4023,132.322,134.466,105.759,109.877,135.772,113.004,109.636,96.4002,109.786,128.515,132.966,149.893,137.266,152.971,151.288,143.339,127.264,135.34,145.331,151.954,114.272,93.3435,64.6375,67.4166,126.823,95.462,73.3757,106.471,131.061,117.478,100.688,90.2497,53.2353,82,100.975,132.371,102.533,83.0963,87.0919,106.977,79.1581,110.693,127.44,99.6092,108.908,129.248,138.192,128.996,79.2465,61,93.086,41.9762,117.004,114.586,119.817,114.634,80.9938,76.6094,94.578,100.648,74.4312,77.8845,129.437,78.3901,91.6624,116.387,101.079,122.54,111.328,88.1419,94.1541,70.8308,103.16,99.7246,117.72
84.8528,80.4301,87,85.1469,88.459,83.6002,86.0233,89.0225,75.6637,76.4853,78.4474,79.555,80.6226,82.4621,84.3445,86.3134,87.3212,45.618,45.5412,44.1475,55.6597,88.2043,78.721,82.2192,57.4891,137.361,139.176,110.887,114.978,140.716,117.614,114.809,101.607,114.63,133.899,138.351,155.271,142.636,158.345,156.668,148.678,132.593,140.684,150.685,157.153,119.52,98.1835,69.2026,72.8011,132.004,100.449,78.7464,111.647,136.418,122.784,106.042,95.6347,58.4209,87.023,106.212,137.612,107.49,88.2383,92.358,112.361,84.5281,116.078,132.816,104.809,114.237,134.529,143.562,133.735,84.5281,66.0303,98.2344,47.2969,122.037,119.218,125.16,120.017,86.3771,81.8413,99.96,106.005,79.6304,83.2406,134.733,82.6801,96.8762,121.758,106.452,127.91,116.709,93.5201,99.5389,75.3127,108.522,104.938,123.081
78.1025,74.6257,80.4301,79.0569,82.0061,78.032,80.6226,83.2166,75,75.1665,77.1622,77.6466,80,80.6226,83.1505,85.1469,85.5862,50.8035,49.7393,47.4236,46.2385,80,69.8355,72.8011,50.2494,130.108,133.004,103.325,107.517,133.795,111.772,107.056,93.723,108.074,124.615,129.077,145.839,133.135,149.375,147.597,139.014,124.02,131.042,141.089,147.231,109.659,88.2043,63.6318,63.561,124.197,93.4345,69.2892,101.71,127.632,113.031,96.4624,86.406,48.5077,77.026,96.3379,127.738,100.568,80.6598,84.2021,103.078,75.6637,106.93,123.369,94.8947,104.547,126.246,134.648,123.794,74.7329,56.0357,90.6091,37.6431,112.04,109.33,115.521,110.923,77.0779,73.8783,90.6201,97.2471,69.7209,73.6817,124.952,77.8203,86.977,112.272,97.5295,119,107.336,84.534,90.377,65.5134,98.9798,95.0368,113.53
42,46.0977,45,47.2652,47,50.01,52.9528,52.2398,75.8222,72.6223,74.2024,71.2811,79.6492,73.7835,79.0569,80.7094,78.032,83.2406,79.0569,74.3303,35.6931,67.4685,53.1507,47.5395,57.28,117.745,128.32,91.7606,96.1665,123.649,111.647,93.3006,81.0432,103.576,92.6337,96.8762,110.422,97.4526,119.52,116.675,100.404,100.404,93.2309,103.47,102.883,68.7968,39.8497,75.1864,44.7214,107.838,87.9659,44.5982,59.1692,101.4,74.4043,63.0317,60.4152,25.0799,33.6006,56.4004,85.4225,94.541,73.5527,71.0634,73.4098,57.28,78.6003,89.1964,53.8238,68.0147,105.309,106.405,73.1095,41.0488,20.8806,80.8084,32.2025,65.4599,58.0086,78.8733,82.801,52.3927,65.3758,62.1289,75.1332,33.8378,45.618,84.9058,89.4427,47.5079,78.492,73.4302,92.2009,75.8222,62.2415,64.4981,14.5602,65.8559,54.4059,78.5684
40,44.1475,43,45.2769,45,48.0521,50.9902,50.2494,74.3303,71.0634,72.6223,69.6348,78.1025,72.111,77.4209,79.0569,76.3217,82.7103,78.4474,73.6817,37.6563,69.4262,55.109,49.3964,59.203,119.616,130.269,93.6803,98.0816,125.543,113.635,95.1893,82.9699,105.546,94.0691,98.2904,111.665,98.7168,120.967,118.089,101.514,102.083,94.4034,104.623,103.619,69.8928,40.4969,77.1298,46.6905,109.659,89.9444,46.4866,60.208,103.005,75.6042,64.5368,62.1772,27.074,34.8281,57.6281,86.3539,96.5091,75.5381,73.0068,75,59.203,80.2122,90.5539,55,69.3542,107.042,107.935,73.2462,42.72,22.8035,82.7647,34.0147,66.1287,58.0775,80.1561,84.4038,54.231,67.3647,63.8122,76.922,35.5106,47.4236,85.9826,91.4112,48.8365,79.9062,75.1798,93.8136,77.3369,64.0781,66.242,15.2315,67.3573,55.6058,79.9312
40.1123,43.566,43.1045,45.0444,45.0999,47.5184,50.4876,50.04,72.3464,69.2026,70.8025,67.9559,76.2168,70.4911,75.7166,77.3886,74.793,79.8123,75.5844,70.8378,37.2156,70.0928,55.7853,50.5668,58.4637,120.702,130.969,94.5569,98.9798,126.531,113.991,96.2081,83.8153,106.099,96.1665,100.419,114.018,101.045,123.045,120.216,104.01,103.73,96.8349,107.075,106.405,72.4017,43.3244,76.4853,47.2969,110.923,90.4268,47.5395,62.7694,104.809,78.0064,66.5282,63.6318,27.0185,37.2022,60,89.0056,97.0824,75.9539,73.7631,76.8375,60.0833,82.0061,92.7631,57.4282,71.5891,108.559,109.877,76.2365,44.4072,23.7697,83.4326,32.8938,68.9493,61.0737,82.4621,86.2148,55.4617,67.7422,65.4599,78.2943,37.2022,48.7647,88.5099,90.934,51.0882,82.0366,76.6616,95.6033,79.3095,65.307,67.7422,18.0278,69.3542,58.0086,82.134
37.3363,40.3113,40.3113,42,42.2966,44.2832,47.2652,47,68.7677,65.6049,67.2012,64.3506,72.6223,66.888,72.111,73.7835,71.1969,77.1298,72.8011,68.0074,40.05,73.4983,59.203,54.1295,61,124.234,134.373,98.0306,102.46,130.035,117.239,99.7246,87.2812,109.444,99.7046,103.947,117.444,104.484,126.59,123.746,107.336,107.336,100.21,110.436,109.385,75.7166,46.2385,79.0759,50.6952,114.495,93.7443,51.0784,66.0379,108.407,81.4002,70.0928,67.2309,30.1496,40.6079,63.4114,92.1792,100.439,79.2465,77.201,80.4301,63.5689,85.6037,96.2601,60.803,75.0733,112.161,113.455,78.5175,48.0104,27.313,86.8332,35.171,71.8679,63.2851,85.9127,89.8109,59.0339,71.0211,69.0652,81.8841,40.8044,52.3546,91.8096,93.6483,54.5619,85.5628,80.2621,99.2018,82.8794,68.8767,71.3442,21.0238,72.9178,61.4003,85.6329
35.3553,38.3275,38.3275,40,40.3113,42.2966,45.2769,45,67.2681,64.0312,65.6049,62.6817,71.0634,65.192,70.4557,72.111,69.4622,76.6877,72.2772,67.4463,42.0476,75.4321,61.131,55.9464,62.9682,126.087,136.308,99.93,104.355,131.913,119.218,101.592,89.1852,111.4,101.139,105.361,118.697,105.759,128.035,125.16,108.467,109,101.4,111.606,110.168,76.844,47.0106,81.0494,52.6308,116.297,95.7079,52.9245,67.1193,110,82.6196,71.5891,68.9638,32.1403,41.8688,64.6607,93.1504,102.391,81.2158,79.1202,82.0061,65.4599,87.2009,97.6217,62.0081,76.4199,113.877,114.978,78.7718,49.6488,29.1548,88.7694,37.108,72.6154,63.5059,87.2067,91.4002,60.8358,72.9932,70.7248,83.6481,42.4382,54.1202,92.9139,95.6347,55.9017,86.977,81.9878,100.802,84.386,70.6824,73.0616,21.9545,74.411,62.6259,87
35,39.2938,38,40.3113,40,43.1741,46.0977,45.2769,70.7107,67.2681,68.7677,65.6049,74.3303,68.0074,73.4098,75,72.111,81.5843,77.1298,72.2772,42.5793,74.3303,60.0167,54.0833,64.0312,124.31,135.148,98.4937,102.883,130.292,118.609,99.93,87.8009,110.476,97.7446,101.912,114.865,101.98,124.652,121.696,104.403,106.33,97.4526,107.615,105.603,72.8011,42.4853,82,51.6236,114.237,94.8947,51.2445,63.0079,107.075,78.7464,68.4105,66.6408,32.0624,38.1838,60.8769,88.8369,101.435,80.5047,77.8781,79.0569,64.0312,84.3149,94.0479,58.1378,72.8354,111.414,111.826,73.8241,47.0106,27.6586,87.6641,38.6264,68.0294,58.5491,83.4865,88.4816,58.8727,72.3395,68.0955,81.4371,39.8246,52,88.8144,96.3379,52.345,83.5464,79.6053,97.9081,81.2158,68.7095,70.6612,17.8045,71.218,58.7963,83.4506
34.4819,36,37.3631,38.3275,39.2938,40,43,43.2897,62.482,59.4054,61.0328,58.3095,66.4003,60.9016,66.0379,67.7422,65.2993,71.3863,66.9403,62.0967,44.1022,78.7464,64.5136,59.9416,64.2806,129.865,139.56,103.465,107.912,135.558,122,105.309,92.6984,114.477,106.066,110.318,123.847,110.887,132.944,130.115,113.719,113.464,106.607,116.829,115.551,82.0975,52.3927,82.3893,55.9732,120.308,98.7168,56.7979,72.4017,114.634,87.8009,76.4199,73.2462,34.9285,47.0106,69.814,98.4886,105.513,84.1724,82.5409,86.6833,69.0797,91.8314,102.65,67.2012,81.4678,118.191,119.754,84.0119,54.2033,33.121,92.0489,38.2099,78,68.7314,92.3147,96.0469,64.8845,75.9276,75.213,87.818,47.0106,58.3095,98.1835,97.1854,60.959,91.9348,86.2844,105.423,89.1964,74.7061,77.3886,27.2947,79.2465,67.8012,92.0217
30.4138,33.3766,33.3766,35,35.3553,37.3363,40.3113,40,63.6396,60.208,61.7171,58.6003,67.2681,61.0328,66.4003,68.0074,65.192,75.8024,71.1969,66.2873,47.0425,80.2808,65.9697,60.5392,67.897,130.74,141.156,104.695,109.11,136.624,124.169,106.283,93.9628,116.297,104.805,108.977,121.918,109.041,131.712,128.763,111.4,113.208,104.484,114.634,112.259,79.8123,49.2443,85.9884,57.4891,120.83,100.623,57.5847,70,114.039,85.7963,75.4321,73.3553,37.1214,45.2548,67.9412,95.7183,107.28,86.1452,83.9345,86.0233,70.214,91.2634,101.119,65.192,79.9062,118.207,118.849,79.6241,53.8516,33.8378,93.6216,41.9762,74.686,64.3273,90.5539,95.4411,65.3911,77.9295,74.9466,88.1022,46.6476,58.6003,95.8019,100.603,59.4138,90.6091,86.3539,104.862,88.2383,75.2396,77.4145,24.8395,78.2432,65.8559,90.5207
30,34.4819,33,35.3553,35,38.3275,41.2311,40.3113,67.2681,63.6396,65.0692,61.7171,70.7107,64.0312,69.527,71.0634,68.0074,80.7527,76.1183,71.1969,47.5184,79.2465,64.9384,58.8218,68.884,129.027,140.036,103.325,107.703,135.059,123.584,104.695,92.6499,115.412,101.533,105.646,118.191,105.38,128.425,125.399,107.448,110.639,100.658,110.752,107.782,75.9276,44.9444,86.885,56.5685,118.849,99.8499,56.0446,66.0681,111.221,82.0731,72.4224,71.1758,37.054,41.8688,64.3506,91.526,106.367,85.4751,82.7647,83.2166,68.884,88.5099,97.6729,61.5224,76.4853,115.836,115.802,74.7329,51.4296,32.5576,92.5743,43.3244,70.2353,59.439,86.977,92.6499,63.5689,77.3175,72.4707,86.0058,44.2832,56.648,91.8314,101.272,56.0803,87.3212,84.0952,102.083,85.2115,73.3894,75.1532,21.2603,75.213,62.2254,87.1149
30.1496,33.7343,33.1361,35.0571,35.1283,37.6563,40.6079,40.05,65.0692,61.5549,63.0317,59.8164,68.6222,62.2013,67.624,69.2026,66.2873,77.7817,73.1642,68.2495,47.1699,79.8311,65.5134,59.808,68.2495,130.035,140.688,104.12,108.522,135.978,123.911,105.622,93.4077,115.918,103.479,107.629,120.416,107.564,130.384,127.405,109.809,112.161,102.942,113.071,110.463,78.2432,47.5079,86.3134,57.0701,120.017,100.285,56.921,68.4105,112.894,84.2912,74.2024,72.45,37.0135,43.8634,66.4831,94.0319,106.888,85.8429,83.4326,84.8764,69.6419,90.1388,99.7246,63.7024,78.5175,117.239,117.614,77.666,52.8394,33.2415,93.1719,42.45,72.8972,62.3699,89.1067,94.3027,64.622,77.6466,73.9256,87.2353,45.6508,57.7754,94.2019,100.841,58.0517,89.2749,85.4225,103.73,87.0057,74.4648,76.4788,23.3452,77.0065,64.3817,89.1403
5.83095,7.28011,3.60555,2,3,7.28011,8.60233,5.38516,48.0521,43.1741,43.6807,38.8973,49.3356,39.9249,45.6946,46.5188,42.0595,80.6536,75.2861,70.5195,82.0975,114.272,99.985,93.3916,102.825,163.322,174.951,138.08,142.415,169.544,158.71,139.216,127.475,150.473,131.883,135.68,146.031,133.81,158.382,155.039,134.063,143.265,128.226,137.768,129.835,103.812,71.8471,120.934,91.6624,152.738,134.952,90.802,94.0479,143.108,110.68,104.216,104.995,72.0069,73.4098,94.1541,116.778,141.421,120.599,117.712,115.451,103.755,120.83,127.318,91.0659,106.677,148.93,146.86,91.526,85.0706,67.6018,127.577,76.7919,94.0691,77.6209,116.211,124.812,97.9847,112.446,105.688,119.854,78.1601,90.956,118.697,135.624,87.2067,117.835,117.652,134.183,116.726,107.703,108.784,53.7587,106.888,91.9239,117.137
8.60233,6.40312,6.40312,2,5.38516,5,5.83095,3,45.7056,40.7922,41.2311,36.4005,46.8402,37.3363,43.0813,43.8634,39.3573,79.3788,74,69.2892,84.0238,116.559,102.259,95.8019,104.58,165.801,177.291,140.464,144.81,171.991,160.901,141.651,129.838,152.742,134.629,138.438,148.839,136.605,161.149,157.813,136.883,145.908,131.034,140.584,132.654,106.607,74.6324,122.691,93.9042,155.271,137.186,93.1719,96.8349,145.794,113.464,106.888,107.517,74.0608,76.0592,96.8969,119.604,143.694,122.801,120.033,118.106,106.099,123.483,130.085,93.8136,109.417,151.539,149.586,94.3027,87.5957,69.8713,129.877,78.5175,96.8969,80.4301,118.983,127.475,100.424,114.63,108.268,122.381,80.6536,93.4077,121.511,137.441,89.8944,120.569,120.208,136.854,119.419,110.164,111.328,56.3028,109.567,94.6678,119.887
46.1411,36.0555,44.7214,39.3573,43.8634,34,32.6956,37.3363,12.8062,9.43398,7.81025,6,10.4403,3,5,5.38516,2,58,53.1507,50,105.304,141.693,127.632,123.471,122.376,193.259,202.141,166.628,171.094,198.806,183.521,168.671,155.862,176.785,167.887,171.959,183.897,171.266,194.756,191.672,172.557,176.709,166.184,176.071,170,141.45,109.604,139.743,119.101,183.831,160.975,120.308,131.552,177.53,147.922,138.809,136.693,97.6934,108.231,130.484,155.795,167.967,146.441,145.619,149.513,132.424,154.768,163.893,127.562,142.762,181.618,182.2,132.401,117.346,96.6488,154.871,97.5295,133.417,118.152,153.056,158.937,128.413,138.235,138.438,151.327,110.136,121.803,156.984,154.871,122.442,153.675,149.723,168.363,151.605,138.235,140.801,87.6185,141.605,128.316,153.388
81.7863,72.8011,82.4621,78.1601,82.9699,74,75.0267,79.712,43.8634,47.4236,48.7955,52.4976,47.634,54.4885,53.1507,54.6717,58,2,5,10,94.4934,130.832,119.206,119.854,102.45,181.959,185.421,154.935,159.226,185.914,164.195,158.398,144.959,160.415,171.19,175.642,191.149,178.135,197.205,194.982,182.472,173.511,174.863,185.151,186.601,151.288,123.665,115.966,111.826,175.368,145.578,116.25,142.077,176.4,156.08,141.662,134.034,92.6499,116.078,138.224,168.618,152.751,132.382,135.074,150.047,124.964,154.509,168.941,136.059,148.529,176.479,182.858,155.724,118.701,97.0618,142.215,85.276,149.265,140.428,159.706,158.685,124.619,125.176,137.568,146.492,112.294,119.817,167.344,129.865,128.81,157.785,146.209,167.41,153.701,133.225,138.221,98.3717,144.402,136.473,158.518
74.9533,66.0984,75.6902,71.4703,76.243,67.4166,68.542,73.1642,39.4081,42.5206,44.0454,47.3814,43.566,49.5782,48.8262,50.4777,53.4135,7.28011,2,3,89.1964,125.897,113.952,114.202,98.2293,177.341,181.395,150.233,154.564,181.475,160.378,153.574,140.121,156.237,165.303,169.744,185.065,172.038,191.46,189.169,176.207,168.122,168.648,178.941,180.014,144.931,117.004,112.379,106.405,170.449,141.209,110.603,135.65,170.857,149.833,135.68,128.406,86.8389,109.659,131.928,162.163,148.405,127.781,130.138,144.267,119.67,148.809,162.929,129.711,142.394,171.266,177.2,148.852,112.681,90.9175,137.535,79.9812,142.622,133.555,153.561,153.003,119.017,120.416,131.826,141.113,106.174,114.039,161.012,126.562,122.544,151.793,140.72,161.818,147.828,127.781,132.612,91.7061,138.438,130.146,152.463
68.6222,64.0312,70.7107,68.7677,72.1388,67.2012,69.6348,72.6223,62,62.2013,64.195,64.7765,67,67.7422,70.1783,72.1734,72.6911,41.0366,39.0512,36.0555,52.4309,88.4138,77.0065,78.3901,60.4649,139.603,143.67,112.539,116.846,143.68,122.801,115.974,102.533,118.461,130.177,134.648,150.791,137.884,155.724,153.681,143.024,131.4,135.192,145.399,149.466,112.641,88.278,75.1532,69.8928,132.944,103.407,74.793,104.048,134.525,116.709,101.134,92.4392,52,78.4474,99.3277,130.507,110.603,90.0278,92.6553,108.784,82.801,113.018,128.378,97.5295,108.632,134.183,141.198,123.004,78.5493,57.9741,99.8248,43.2666,113.137,108.074,119.775,117.137,83.006,82.7587,96.2549,104.403,72.7324,78.7147,128.39,89.6939,89.8443,117.201,104.293,125.642,112.712,91.2634,96.566,64.0078,103.788,97.8008,118.186
71.5891,64.1405,72.8972,69.4622,73.8241,66.2873,68.0074,72.111,47.4342,49.2443,51.0784,53.2353,52.2015,55.9017,56.648,58.5235,60.4152,18.6011,16.4012,13.9284,74.6525,111.018,99.3579,100.125,83.006,162.274,166.148,135.207,139.517,166.331,145.114,138.622,125.176,141.014,151.605,156.064,171.767,158.777,177.505,175.328,163.371,153.675,155.682,165.955,168.291,132.401,105.759,97.1288,92.0054,155.563,126.036,96.5194,123.369,156.605,136.971,122.188,114.285,73.0616,97.4064,119.231,149.94,133.225,112.699,115.261,130.384,105.119,134.792,149.482,117.175,129.248,156.63,163.11,138.924,99.2975,77.8781,122.495,65.437,131.217,123.685,140.428,138.957,104.862,105.418,117.886,126.657,93.0376,100.17,148.385,111.36,109.772,138.311,126.4,147.635,134.112,113.406,118.461,80.604,124.908,117.546,139.119
55,45.0999,55.0818,50.2494,55.2268,45.5412,46.0977,50.9902,15.8114,18.0278,19.7231,22.6716,20.6155,25,25.0799,26.9258,29.1548,31.4006,26.2488,22.6716,90.7359,128.16,114.856,112.805,104.547,180.314,186.936,153.17,157.623,185.219,167.027,155.872,142.58,161.447,161.443,165.759,179.622,166.643,188.223,185.526,169.499,167.26,162.41,172.63,170.417,137.877,107.541,120.806,106.607,172.047,145.825,109.343,128.141,169.071,143.6,131.643,126.811,85.4283,102.801,125.603,154.019,153,131.609,132.306,141.421,120.208,146.386,158.256,123.004,137.131,171.327,174.657,136.015,108.904,86.977,140.801,81.9878,132.883,120.905,148.054,150.629,117.796,123.665,129.449,140.72,101.863,111.866,153.942,135.724,116.662,147.411,139.703,159.862,144.312,127.283,131.046,82.9277,134.469,123.6,147.628
35.3553,25.0799,35.0571,30,35,25.0799,25.4951,30.4138,18.0278,14.1421,15.6205,13,21.2132,15.8114,20.5913,22.3607,20.6155,51,45.6508,41.3401,86.6487,123.167,109.165,105.309,103.755,174.866,183.521,148.142,152.611,180.336,164.842,150.27,137.383,158.146,150.894,155.052,167.657,154.871,177.8,174.828,156.732,158.937,150.073,160.112,155.618,125.32,93.8616,121.198,100.648,165.605,142.338,102.083,115.434,160,131.552,121.511,118.727,79.2023,91.2853,113.846,140.417,149.345,127.812,127.122,132.004,114.039,137.201,147.139,111.018,125.936,163.67,164.924,119.436,99.6243,78.5493,136.308,78.848,118.461,104.657,136.473,141.4,110.277,119.616,120.673,133.255,92.4175,103.774,141.113,136.33,105.475,136.693,131.765,150.801,134.317,120.067,122.874,70.7248,124.326,111.723,136.561
39.0512,36.2491,41.4005,40.3113,43.0116,39.9249,42.72,44.7214,51.4782,49.2443,51.0784,49.3356,55.9017,52.2015,56.648,58.5235,57.0088,56.0892,51.6624,46.8402,50.3289,87.2067,73.4302,70.6045,67.6018,139.187,147.258,112.254,116.726,144.451,128.445,114.612,101.533,121.84,119.097,123.434,137.637,124.619,145.836,143.178,127.945,124.964,120.652,130.924,130.545,96.3846,67.4166,85.2877,65,130.384,106.042,67.2012,86.8332,126.669,101.789,89.2749,84.5044,43.566,61.0574,83.7616,113.146,113.088,91.5478,91.2414,98.9949,78.5493,103.966,116.039,81.3019,95,129.201,132.231,99.2975,66.4831,44.5533,100.225,42.45,93.0484,84.0119,106.019,108.208,75.6042,83.3847,87.046,98.6002,59.4643,69.527,112.508,100.404,74.6324,105.119,97.4526,117.456,101.912,85.2115,88.7299,42.1545,92.0978,81.8352,105.423
25.4951,17,26.2488,22.3607,26.9258,19.2094,21.2132,25,32.0156,28.2843,29.7321,26.6271,35.3553,29.1548,34.4093,36.0555,33.541,56.7539,51.4198,46.5725,74.2159,110.136,96.0052,91.7061,92.4392,161.549,170.763,135.004,139.463,167.156,152.555,136.971,124.234,145.499,136.781,140.929,153.522,140.73,163.686,160.702,142.636,145.055,135.949,146,141.834,111.198,79.8123,110.223,87.4643,152.069,129.692,88.5494,101.316,146.014,117.414,107.448,104.957,66.1287,77.1557,99.7046,126.4,136.616,115.135,114.018,118.004,100.722,123.223,133.004,96.8762,111.803,149.893,150.864,106.231,85.703,64.8845,123.369,66.9104,104.561,91.2853,122.332,127.413,96.6488,106.902,106.78,119.57,78.492,90.05,127.016,125.324,91.351,122.577,117.992,136.825,120.254,106.471,109.078,56.5862,110.259,97.5807,122.43
55.9017,48.8262,57.3062,54.0833,58.3095,51.225,53.1507,57.0088,40,40.3113,42.2966,43.1741,45,46.0977,48.2597,50.2494,50.9902,30.5941,26.2488,21.5407,67.4759,104.809,92.0978,91.351,79.6241,156.822,162.496,129.619,134.034,161.419,142.225,132.612,119.202,137.058,141.824,146.24,161.227,148.189,168.22,165.801,152.118,145.691,144.627,154.923,155.666,120.748,92.6553,95.5196,84.1724,149.164,121.594,87.7838,111.4,148.071,125.782,112.071,105.551,63.7809,85.4283,107.824,137.884,128.798,107.615,109.018,121.037,97.6729,125.734,139.23,105.546,118.512,149.241,154.159,124.78,89.0505,67.1193,117.068,58.4123,118.271,109.49,129.653,129.958,96.2601,99.8649,108.706,118.794,82.3772,90.9065,136.85,110.368,98.4886,128.141,118.14,138.946,124.403,105.361,109.786,67.3573,114.856,106.005,128.701
60.208,50.636,60.531,55.9017,60.8276,51.4198,52.2015,57.0088,22.3607,25,26.6271,29.7321,26.9258,32.0156,31.7648,33.541,36.0555,24.4131,19.2094,15.6205,89.4036,126.827,113.851,112.45,101.98,178.922,184.838,151.727,156.157,183.619,164.584,154.616,141.241,159.389,161.969,166.331,180.649,167.631,188.621,186.038,170.88,166.931,163.637,173.899,172.662,139.284,109.567,117.745,105.759,171.026,143.892,108.931,129.653,169.012,144.779,132.136,126.574,84.8999,104.01,126.752,155.795,151.093,129.85,131.015,141.598,119.331,146.455,159.013,124.258,138.004,170.742,174.828,139.176,109.225,87.2067,139.23,80.4487,135.085,123.968,149.03,150.695,117.414,122.037,129.449,140.186,102.303,111.732,155.396,132.518,117.644,148.054,139.345,159.831,144.693,126.732,130.817,84.5991,134.952,124.808,148.405
75.6637,65.3758,75.326,70.1783,75.1665,65.0692,65,70,25.4951,30.4138,30.8058,35.6931,26.9258,36.4005,32.6956,33.541,38.0789,29.4279,27,27.4591,110.422,147.801,134.952,133.66,122.188,199.832,205.292,172.63,177.045,204.416,184.765,175.602,162.2,179.903,183.096,187.446,201.604,188.6,209.781,207.171,191.651,188.138,184.491,194.733,192.774,160.031,129.865,137.383,126.905,192.094,164.514,130.138,150.333,190.224,165.653,153.264,147.787,106.104,124.852,147.635,176.301,171.724,150.602,152.003,162.788,140.464,167.657,180.069,145.086,159.013,191.919,196.023,158.24,130.384,108.374,160.078,101.4,155.235,143.171,170,171.898,138.622,142.874,150.655,161.375,123.434,132.944,176.119,151.924,138.6,169.145,160.552,181.041,165.849,147.922,152.03,105.152,156.083,145.661,169.452
66.7083,56.2939,66.0984,60.8276,65.7647,55.5788,55.2268,60.208,15,20,20.0998,25.0799,15.8114,25.4951,21.5407,22.3607,26.9258,37.1618,33.5261,32.3883,108.757,146.185,132.88,130.729,122.25,198.338,204.841,171.19,175.642,203.226,184.805,173.899,160.605,179.36,178.966,183.251,196.797,183.861,205.798,203.039,186.4,185.151,179.449,189.621,186.432,154.806,123.976,138.235,124.619,190.066,163.768,127.283,145,186.869,160.705,149.215,144.693,103.407,119.971,142.762,170.578,170.95,149.586,150.333,159.138,138.221,164.146,175.642,140.089,154.467,189.283,192.354,150.881,126.59,104.738,158.808,99.985,149.04,135.989,165.303,168.386,135.724,141.662,147.248,158.673,119.503,129.727,170.801,153.056,133.959,164.879,157.613,177.654,161.929,145.245,148.923,99.8098,152.043,140.72,165.012
26.9258,16.5529,25.9615,20.6155,25.4951,15.2971,15,20,25.4951,20.6155,21.1896,16.5529,26.9258,18.0278,23.8537,25,21.2132,62.1772,56.8243,52.4786,88.8426,124.278,110.055,105.19,107.378,175.308,185.054,149,153.444,181.069,167.147,150.785,138.235,159.891,148.405,152.434,164.146,151.559,175.237,172.105,152.742,157.785,146.414,156.272,150.207,121.696,89.8053,125.196,101.514,165.529,144.101,102.157,111.803,158.382,128.222,119.541,118.072,80.3617,88.8144,110.887,135.949,150.96,129.541,128.082,130.384,114.586,135.68,144.309,107.935,123.227,162.89,162.865,112.872,98.4886,78.3901,137.568,81.7435,113.569,98.4784,133.417,139.818,110.073,121.297,119.57,132.823,91.3017,103.315,137.179,140.289,103.005,134.201,131.061,149.251,132.31,119.921,122.119,68.2422,122.319,108.706,133.843
28.2843,25.0799,30.4795,29.1548,32.0156,28.7924,31.6228,33.541,46.0977,43.0116,44.6542,42.0595,50,44.7214,49.7393,51.4782,49.2443,60.0083,55.0818,50.0899,58.4637,94.3398,80.2309,76.1577,77.1038,145.836,154.952,119.231,123.693,151.397,136.795,121.248,108.462,129.692,122.348,126.574,139.818,126.905,149.241,146.373,129.402,129.85,122.442,132.612,130.142,97.8008,67.2309,95.0211,71.6938,136.473,113.886,72.9452,88.0057,131.034,103.711,92.7631,89.5879,50.3289,63.0317,85.7963,113.741,120.806,99.3277,98.2344,103.078,85,108.231,118.828,83.0963,97.6217,134.529,136.125,96.566,70.6045,49.3964,107.564,51.3517,92.5905,81.3204,108.374,112.446,81.1234,91.0934,91.6079,104.101,63.4114,74.6257,113.811,110.073,77.1038,108.19,102.626,121.824,105.551,90.9175,93.7443,42.8019,95.5877,83.7377,108.208
64.0312,58.7282,65.9469,63.6396,67.2681,61.7171,64.0312,67.2681,55,55.2268,57.2189,57.8705,60,60.8276,63.1981,65.192,65.7647,36.6197,33.9706,30.4795,56.7274,93.3809,81.4678,82.0975,66.3702,144.941,149.566,117.796,122.147,149.201,128.891,121.083,107.629,124.258,133.6,138.062,153.847,140.872,159.477,157.305,145.619,135.724,137.884,148.142,151.119,114.826,89.1067,81.5414,74.027,137.931,109.041,78.492,105.948,138.6,119.231,104.235,96.2601,55.0727,80.0812,101.592,132.503,116.25,95.4254,97.6217,112.361,87.2067,116.765,131.529,99.6243,111.4,138.773,145.086,123.146,81.3941,60.1664,105.119,47.5079,114.337,108.042,122.577,120.93,86.8389,87.9659,99.8599,108.706,75.2396,82.1523,130.74,96.2081,92.1141,120.354,108.407,129.619,116.108,95.4254,100.439,64.2806,106.944,99.96,121.198
76.3217,69.814,77.9359,75,79.0569,72.3464,74.3303,78.1025,57.0088,58.5235,60.407,62.2415,61.8466,65,66.0984,68.0074,69.6419,25.807,25.0799,23.5372,68.7968,104.235,93.2309,94.8947,75.1665,154.897,158.003,127.988,132.231,158.701,136.741,131.59,118.191,133.06,146.711,151.182,167.344,154.434,172.186,170.176,159.531,147.635,151.714,161.929,165.656,129.035,103.947,88.5099,86.2844,148.661,118.343,91.3017,120.333,150.881,133.195,117.686,108.908,68.542,94.5939,115.741,146.84,125.495,105.361,108.467,125.3,99.0454,129.495,144.931,113.886,125.16,150.243,157.623,138.13,95.0789,74.3303,115.261,59.6825,129.066,123.037,136.308,133.6,99.4786,98.3514,112.77,120.673,89.1964,95.2575,144.838,102.474,106.254,133.754,120.652,142.042,129.252,107.615,113.018,79.2275,120.341,114.18,134.737
58.5235,50.5371,59.6154,55.9017,60.4152,52.4786,54.0833,58.3095,35.3553,36.4005,38.3275,39.9249,40.3113,42.72,44.1475,46.0977,47.4342,25.02,20.2237,15.2971,74.5185,111.826,99.1564,98.4124,86.3134,163.808,169.307,136.605,141.014,168.363,148.923,139.628,126.21,143.892,148.809,153.219,168.119,155.081,175.237,172.8,158.902,152.761,151.45,161.744,162.117,127.475,99.0202,101.951,91.2414,156.205,128.472,94.8472,118.068,155.129,132.593,119.038,112.61,70.8378,92.1303,114.612,144.506,135.68,114.547,116.039,128.062,104.738,132.774,146.168,112.294,125.399,156.311,161.199,130.614,96.0208,74.0608,124.036,65.437,124.652,115.317,136.528,137,103.325,106.832,115.745,125.865,89.3085,97.949,143.59,116.709,105.309,135.093,125.208,146,131.4,112.432,116.846,73.736,121.828,112.77,135.624
46.0977,37.3363,46.8402,42.72,47.4342,38.9102,40.3113,44.7214,25.4951,25,27,27.4591,30.4138,30.4138,33,35,35.3553,36.1386,30.8058,25.9615,77.026,114.39,100.955,98.7168,91.7061,166.532,173.566,139.431,143.892,171.54,153.942,142.042,128.798,148.071,147.323,151.644,165.602,152.611,174.092,171.406,155.596,153.154,148.449,158.685,156.978,123.976,93.9415,108.416,92.6553,158.114,132.382,95.268,114.28,154.935,129.619,117.516,112.699,71.4003,88.8144,111.606,140.293,139.531,118.072,118.512,127.279,106.254,132.246,144.17,109.041,123.065,157.267,160.515,123.369,94.7629,72.8354,127.142,68.4251,119.407,108.157,134.015,136.488,103.711,110.059,115.313,126.657,87.7268,97.7446,140.064,123.454,102.616,133.304,125.607,145.726,130.177,113.23,116.932,69.1158,120.341,109.622,133.544
50.5964,42.4853,51.6236,47.8539,52.3927,44.4185,46.0435,50.2494,31.0644,31.1448,33.1361,33.9559,36.0555,36.8782,39.1152,41.1096,41.7732,32.1403,27.0185,22.0227,73.4983,110.941,97.8008,96.2081,87.0919,163.083,169.499,135.912,140.357,167.908,149.563,138.698,125.363,144.014,145.715,150.083,164.502,151.476,172.351,169.779,154.871,150.695,147.567,157.842,157.178,123.309,94.0213,103.446,89.6437,155,128.413,92.6984,113.741,152.742,128.701,115.884,110.318,68.6804,87.983,110.675,140.004,135.595,114.237,115.109,125.32,103.233,130.177,142.801,108.227,121.828,154.564,158.55,124.664,92.957,70.9366,123.491,64.6607,119.62,109.385,132.88,134.417,101.178,106.33,113.172,123.988,86.0523,95.462,139.431,118.406,101.514,131.822,123.11,143.558,128.425,110.535,114.56,68.8767,118.697,108.757,132.201
58.0517,53.4135,60.1082,58.1378,61.5224,56.6127,59.0762,62.0081,54.4518,54.037,56.0357,56.0803,59.4138,59.0762,62.0322,64.0312,64.0703,42.0595,38.833,34.8281,52.345,89.4986,77.0779,77.0065,63.9766,141.4,146.86,114.202,118.6,145.908,126.574,117.29,103.856,121.433,128.16,132.608,148.125,135.118,154.263,151.99,139.617,131.046,131.947,142.225,144.641,108.632,82.3772,80.0062,69.3542,133.959,106,73.4098,99.6243,133.686,113.217,98.6154,91.214,49.6488,73.6817,95.462,126.194,113.208,92.0869,93.723,107.075,82.7345,111.606,125.897,93.4077,105.546,134.358,140,116.211,75.6637,54.1295,101.607,43.1856,107.708,101.079,116.726,115.802,81.8352,84.4038,94.6256,104.062,69.3181,76.844,124.615,94.921,86.0058,114.739,103.586,124.631,110.675,90.6863,95.4254,57.4282,101.356,93.7763,115.486
29.1548,23.4307,30.8058,28.2843,32.0156,26.6271,29.1548,32.0156,39.0512,36.0555,37.7359,35.3412,43.0116,38.0789,42.9418,44.7214,42.72,55.1453,50.04,45.0444,64.56,100.846,86.8159,83.006,82.4924,152.506,161.307,125.801,130.269,157.991,142.874,127.91,115.039,135.978,129.418,133.645,146.864,133.959,156.311,153.444,136.4,136.825,129.468,139.628,136.883,104.809,74.0945,100.245,78.2943,143.265,120.167,79.7559,95,138.058,110.752,99.8248,96.5194,56.8595,70.0928,92.8493,120.652,127.138,105.622,104.785,110.114,91.6788,115.256,125.897,90.1388,104.69,141.45,143.178,102.786,77.6209,56.3028,114.018,57.0701,99.363,87.5957,115.434,119.474,87.983,97.4064,98.6002,110.982,70.4344,81.5414,120.801,115.352,84.1724,115.261,109.554,128.845,112.61,97.7548,100.688,49.8197,102.65,90.7855,115.278
33.541,24.6982,34.2053,30.0832,34.7851,26.4197,28.0179,32.249,27.0185,24.1868,25.9422,24.0416,31.0644,26.9258,31.3847,33.2415,31.7805,48.7647,43.4166,38.6005,75.6108,112.308,98.387,94.8736,92.5743,164.137,172.525,137.321,141.792,169.523,153.734,139.542,126.574,147.122,141.45,145.671,158.795,145.911,168.345,165.469,148.223,148.809,141.354,151.489,148.223,116.662,85.703,110.027,89.8944,155.048,131.32,91.586,106.827,150.083,122.674,111.866,108.467,68.4251,82.0731,104.805,132.31,138.351,116.812,116.297,122.147,103.354,127.283,137.902,102.069,116.692,153.379,155.219,113.296,89.6437,68.2422,125.399,67.72,110.788,98.2344,127.405,131.503,99.8599,108.632,110.603,122.874,82.4621,93.4773,132.612,125.16,96.1769,127.287,121.495,140.869,124.652,109.604,112.645,61.7171,114.691,102.728,127.287
18.868,14.3178,20.6155,18.6011,21.9317,18.0278,20.8806,22.8254,42.2019,38.2884,39.6232,36.1248,45.3431,38.4187,43.9318,45.4533,42.4382,64.6297,59.4138,54.4518,67.6018,102.489,88.2326,83.2586,87,153.388,163.322,127.138,131.575,159.176,145.715,128.876,116.379,138.246,127.142,131.244,143.558,130.817,154.029,150.987,132.548,136.004,125.936,135.949,131.548,101.178,69.6563,105.019,79.6994,143.6,122.483,80.2309,91.2853,136.741,107.48,98.0051,96.1769,58.6941,67.4759,89.8721,116.211,129.283,107.935,106.254,108.724,92.6984,113.991,123.24,87,102.069,141.032,141.4,96.0052,76.6616,56.4624,115.802,61.0328,94.3027,81.0247,112.486,118.152,88.1419,99.6895,97.7548,110.91,69.4622,81.3941,116.932,120,81.6884,112.929,109.179,127.581,110.802,97.9898,100.24,46.8615,100.802,87.7268,112.699
50,47.4236,52.4309,51.4782,54.0833,51.0784,53.8516,55.9017,58.5235,57.0088,58.9406,57.8705,63.2456,60.8276,64.7611,66.7083,65.7647,54.231,50.5371,46.1411,43.566,80.9938,67.8012,66.4831,58.6941,133.147,140.036,106,110.454,138.062,120.553,108.724,95.4149,114.543,116.829,121.248,136.341,123.309,143.224,140.801,127.456,120.917,119.883,130.177,131.898,96.2549,69.4262,75.9539,59.6657,125,98.8433,62.9365,87.0919,123.167,101.074,87.0919,80.6598,38.8973,61.0983,83.1925,113.653,105.991,84.534,85.1469,96.0469,73.2462,100.767,114.28,81.0247,93.6483,124.652,129.19,103.175,64.0703,42.19,93.6483,34.8855,94.8314,88.0511,104.809,104.995,71.4213,76.5376,83.7377,94.1116,57.4543,65.9469,112.308,91.0824,73.7902,103.175,93.3381,114.022,99.4032,80.6598,84.8999,44.4072,89.8721,81.4371,103.774
42.9418,42.2019,45.618,45.5412,47.4236,46.0977,49.0306,50.2892,60.9016,58.6003,60.4152,58.5235,65.2993,61.3514,65.9242,67.7791,66.0984,62.9365,58.8727,54.231,41.1096,77.8203,64.0078,61.2209,59.1354,129.769,137.993,102.859,107.331,135.059,119.369,105.19,92.1303,112.606,110.114,114.477,128.969,115.935,136.781,134.183,119.57,115.624,112.161,122.45,123.033,88.1192,60.1664,77.026,55.5698,120.95,96.7988,57.8014,78.721,117.414,93.2952,80.2808,75.1665,34.1321,52.7731,75.2928,105.19,103.817,82.28,81.8413,89.8276,69.1158,94.7523,107.201,72.9452,86.267,119.808,123.069,93.3435,57.3847,35.3836,90.8735,33.541,85.7263,78.1601,97.3499,98.9949,66.2193,74.0945,77.7946,89.202,50.448,60.208,104.235,92.0869,66.0379,96.2133,88.0909,108.208,92.8493,75.8024,79.3977,34.9285,83.0963,73.4302,96.6075
33.9706,25,32.0156,26.9072,30.8058,21.9317,19.8494,23.8537,26.2488,21.5407,20.8806,16.1555,25.1794,15.2971,20,20.0998,15.1327,69.2026,64.0312,60.208,101.607,136.682,122.413,117.175,120.337,187.387,197.525,161.276,165.705,193.259,179.847,162.926,150.526,172.447,158.937,162.865,173.876,161.484,185.648,182.409,162.114,169.118,156.083,165.759,158.256,131.503,99.4887,138.177,113.886,177.395,156.678,114.232,121.659,169.446,138.224,130.511,129.769,92.8924,99.6444,121.248,144.972,163.487,142.127,140.428,141.524,126.811,146.86,154.616,118.224,133.701,174.413,173.643,119.854,110.023,90.4765,150,94.6414,122.332,106.042,143.6,150.95,122.004,133.881,131.034,144.586,102.883,115.156,146.659,153.264,113.741,144.779,142.695,160.378,143.21,131.848,133.754,79.2591,133.255,119.038,144.267
65.192,55.0364,65.0308,60,65,55.0364,55.2268,60.208,18.0278,22.3607,23.3238,27.7308,21.2132,29.1548,26.9072,28.2843,32.0156,28.3019,24.1661,22.561,100.439,137.877,124.808,123.167,113.159,189.995,196.01,162.807,167.242,194.733,175.764,165.653,152.296,170.558,172.247,176.581,190.602,177.609,198.98,196.329,180.569,177.654,173.442,183.674,181.596,148.946,118.701,128.876,116.662,182.003,155.048,119.67,139.23,179.611,154.616,142.425,137.244,95.6713,113.811,136.605,165.158,162.247,140.982,142.056,152.069,130.25,156.984,169.145,134.034,148.054,181.571,185.311,147.122,119.604,97.6217,150.333,91.526,144.059,132.034,159.013,161.227,128.144,133.147,140.007,150.987,112.61,122.348,165.024,143.618,127.613,158.256,150.073,170.414,155.052,137.535,141.485,94.0319,145.248,134.618,158.521
82.4621,72.0347,81.7863,76.4853,81.3941,71.1969,70.7107,75.6637,30.4138,35.3553,35.1283,40.1123,30,40,35.1283,35.3553,40.3113,39,37.3363,38.3275,121.4,158.808,145.866,144.361,133.36,210.874,216.449,183.674,188.096,215.502,195.941,186.604,173.217,191.05,193.414,197.74,211.634,198.658,220.166,217.497,201.457,198.849,194.402,204.612,201.933,169.838,139.284,148.556,137.768,203.039,175.642,140.858,160.078,200.823,175.602,163.6,158.449,116.846,134.807,157.61,185.841,182.85,161.697,163.003,173.277,151.344,178.197,190.263,155,169.145,202.726,206.519,166.628,140.801,118.828,171.143,112.414,164.478,151.7,180.069,182.439,149.335,153.942,161.22,172.154,133.795,143.558,185.884,163.083,148.678,179.402,171.266,191.627,176.241,158.701,162.69,114.856,166.424,155.602,179.636
80.9568,73.5731,82.2982,78.8923,83.2406,75.7166,77.4209,81.5414,55.0364,57.3062,59.0593,61.5873,59.6154,64.1405,64.405,66.2118,68.4763,17.4642,18.1108,18.2483,78.2304,113.569,102.65,104.317,84.22,164.055,166.817,137.208,141.428,167.765,145.427,140.858,127.475,141.993,156.119,160.59,176.706,163.783,181.618,179.602,168.799,157.051,161.003,171.231,174.634,138.192,112.614,97.0824,95.7183,157.953,127.405,100.722,129.402,160.312,142.443,127.047,118.338,77.8781,103.581,124.92,155.939,134.536,114.56,117.796,134.718,108.467,138.924,154.305,123.016,134.462,159.625,167.057,146.414,104.389,83.4865,124.483,69.1158,137.873,131.244,145.619,143.031,108.908,107.629,122.188,130.096,98.4327,104.657,154.042,110.788,115.434,143.126,130.085,151.476,138.654,117.047,122.45,87.6926,129.711,123.329,144.087
82.0244,72.0069,82.0061,77.0584,82.0549,72.1734,72.4431,77.4145,34.5398,39.2173,39.9249,44.5982,36.7151,45.6946,42.5441,43.566,47.8853,21.095,20.2485,22.4722,108.931,146,133.66,133.207,118.983,197.717,202.193,170.552,174.917,202.002,181.276,173.761,160.312,176.963,183.6,188.003,202.744,189.708,210.06,207.608,193.28,187.491,185.925,196.209,195.563,161.744,132.424,133.36,125.873,190.507,161.821,129.634,152.201,189.932,167.057,153.808,147.411,105.646,126.4,149.04,178.474,169.027,148.223,150.233,162.89,139.302,167.601,180.887,146.632,160.031,190.919,196.026,162.262,130.801,108.812,157.892,99.7647,157.991,147.054,171.129,171.825,138.105,140.72,150.572,160.552,124.036,132.774,177.868,147.58,139.818,169.838,159.962,180.812,166.208,147.139,151.644,107.331,156.605,147.146,170.32
33.6155,23.6008,32.2025,26.8328,31.3847,21.4709,20.2485,25,21.095,16.1245,16,11,21.2132,11.4018,17.088,17.8885,13.6015,62.426,57.2014,53.2635,96.5401,132.189,117.987,113.217,114.739,183.308,192.925,156.952,161.4,189.042,174.874,158.773,146.185,167.72,156.4,160.415,172.003,159.452,183.218,180.069,160.515,165.846,154.253,164.073,157.61,129.557,97.6217,132.458,109.444,173.566,151.921,110.168,119.67,166.433,136.125,127.581,126.127,88.2326,96.8349,118.849,143.628,158.808,137.361,136.015,138.438,122.56,143.736,152.269,115.884,131.21,170.95,170.892,119.887,106.55,86.406,145.465,89.2693,121.165,105.683,141.354,147.872,118.106,129.12,127.632,140.872,99.363,111.36,144.972,147.574,111.018,142.201,139.119,157.305,140.346,127.953,130.177,76.2758,130.357,116.662,141.82
25.4951,17.4642,23.3452,18.4391,22.0227,13.8924,11.4018,15,33.2415,28.2843,28.0713,23.0868,33.0151,23.0217,28.2843,28.6356,23.7697,73.5731,68.2642,64.0703,96.5194,130.729,116.417,110.68,116.004,180.892,191.604,155.081,159.48,186.904,174.428,156.541,144.368,166.715,151.172,155.039,165.702,153.405,177.789,174.496,153.808,161.892,147.899,157.493,149.576,123.406,91.4002,134.004,107.935,170.66,151.01,107.856,113.6,162.012,130.208,123.065,122.931,87.2983,92.1792,113.442,136.561,157.709,136.499,134.373,134.183,120.603,139.542,146.731,110.386,125.936,167.344,166.012,111.018,103.078,84.2021,144.069,90.05,113.864,97.3088,135.665,143.59,115.434,128.265,123.976,137.786,96.0052,108.503,138.409,149.003,106.174,137.058,135.772,153,135.695,125.252,126.846,72.0139,125.782,111.221,136.459
43.909,37.5366,45.4863,42.638,46.6154,40.3113,42.5206,45.9674,38.8973,37.6563,39.6232,39.0512,43.6807,42.0476,45.5412,47.5184,47.0425,42.107,37.3363,32.3883,63.1348,100.499,87.0919,85.0412,78.1601,152.643,159.731,125.539,130,157.648,140.218,128.16,114.909,134.239,134.183,138.539,152.869,139.846,160.863,158.256,143.21,139.517,135.912,146.185,145.619,111.647,82.4621,95.1262,78.8162,144.267,118.533,81.5659,102.083,141.428,117.047,104.35,99.0858,57.6281,76.3217,99.0202,128.363,125.674,104.202,104.623,113.899,92.4175,118.802,131.21,96.566,110.209,143.534,147.139,113.565,81.4678,59.4643,113.252,54.5619,108.079,98.27,121.248,123.045,90.0278,96.1769,101.823,112.929,74.5185,84.1724,127.769,110.218,89.8721,120.254,111.946,132.231,116.932,99.4887,103.325,57.2713,107.168,97.0979,120.603
36.1248,31.9061,38.1838,36.4005,39.6232,35.3553,38.0132,40.4969,45.2769,42.9535,44.7772,43.0116,49.6488,45.8803,50.3289,52.2015,50.6952,53.2353,48.5077,43.566,56.648,93.4719,79.6492,76.6094,73.8241,145.413,153.574,118.512,122.984,150.712,134.766,120.83,107.782,128.16,124.579,128.888,142.801,129.808,151.38,148.661,132.853,130.874,125.67,135.915,134.737,101.242,71.5891,91.444,71.1969,136.528,112.361,73.2393,91.586,132.458,106.832,94.7945,90.4268,49.7393,66.0303,88.8144,117.72,119.403,97.8621,97.4936,104.69,84.7231,109.713,121.38,86.267,100.265,135.207,137.902,102.391,72.1388,50.3289,106.513,48.7647,97.17,87.0976,111.212,113.952,81.6088,89.6939,92.8493,104.623,65.0538,75.4321,117.346,106.569,79.8123,110.535,103.407,123.24,107.49,91.2634,94.6414,46.5296,97.6217,86.8389,110.752
42.0476,32.3883,42.2966,37.6563,42.5793,33.2415,34.176,38.8973,18.7883,17.2627,19.2354,19.105,23.4094,22.0907,25.1794,27.1662,27.074,41.6293,36.2491,31.7648,82.7647,119.883,106.174,103.228,98.4937,171.919,179.627,144.941,149.412,177.124,160.365,147.353,134.239,154.156,150.615,154.871,168.241,155.322,177.485,174.668,157.801,157.433,150.864,161.028,158.028,126.21,95.4149,115.521,97.7548,163.135,138.398,99.8649,116.4,158.902,132.136,120.934,117.004,76.3217,91.4385,114.215,142.004,145.499,123.976,123.944,131.046,111.306,136.125,147.187,111.521,125.992,161.821,164.201,123.13,98.4937,76.8375,132.823,74.4648,120.569,108.079,136.781,140.357,108.227,115.871,119.331,131.244,91.351,102.005,142.201,130.614,105.475,136.488,130,149.683,133.69,117.89,121.211,71.218,123.762,112.161,136.561
55.3173,46.4866,56.0446,51.8652,56.6127,47.927,49.1935,53.7122,27.2947,28.4605,30.3645,32.2025,32.249,34.9285,36.1386,38.0789,39.5601,26.9258,21.587,16.7631,80.2122,117.644,104.637,103.247,93.1075,169.753,175.824,142.562,146.997,174.485,155.682,145.427,132.061,150.36,152.895,157.267,171.712,158.685,179.513,176.955,162.077,157.724,154.777,165.052,164.283,130.511,101.134,109.11,96.5401,161.818,134.826,99.7246,120.934,159.831,135.912,123.065,117.38,75.6902,95.1893,117.886,147.177,142.021,120.739,121.828,132.458,110.114,137.295,150,115.434,129.035,161.524,165.68,131.472,100.125,78.1025,130.085,71.2811,126.716,116.211,140.089,141.534,108.208,112.898,120.283,130.969,93.2363,102.552,146.632,123.968,108.724,139.014,130.138,150.655,135.591,117.516,121.622,76.0263,125.877,115.966,139.402
64.4981,57.8014,66.0379,63.0079,67.1193,60.3075,62.2896,66.0681,47.3814,48.2701,50.2195,51.5461,52.345,54.4059,56.0892,58.0517,59.203,27.2947,24.2074,20.5183,66.5282,103.325,91.2853,91.6079,76.3217,154.932,159.531,127.781,132.136,159.201,138.798,131.046,117.593,134.239,142.888,147.34,162.89,149.883,168.929,166.688,154.353,145.454,146.697,156.978,159.101,123.309,96.5401,91.2853,83.7377,147.868,119.038,88.0057,114.232,148.223,127.953,113.371,105.802,64.3506,88.2553,110.168,140.801,126.246,105.423,107.564,121.758,97,126.246,140.656,108.079,120.308,148.6,154.616,129.757,90.4268,68.8767,115.109,57.3149,122.004,114.529,131.488,130.43,96.4002,97.949,109.289,118.444,84.0773,91.526,139.316,105.849,100.722,129.495,118.068,139.201,125.399,105.119,110,71.3863,116.108,108.462,130.25
72.7186,66.2193,74.3303,71.4003,75.452,68.7677,70.7672,74.5185,54.3415,55.6597,57.5674,59.2368,59.2284,62.0322,63.3246,65.2534,66.7308,26.1725,24.6982,22.4722,67.424,103.325,92.0054,93.2952,74.8131,154.311,157.867,127.311,131.59,158.256,136.752,130.817,117.388,132.801,145.014,149.482,165.484,152.542,170.66,168.585,157.471,146.4,149.693,159.931,163.233,126.811,101.272,88.6848,84.8764,147.828,117.924,89.6939,118.004,149.513,131.103,115.832,107.378,66.6408,92.1792,113.547,144.544,125.1,104.738,107.564,123.665,97.8008,127.945,143.108,111.629,123.167,149.164,156.16,135.237,93.1075,72.111,114.586,58.2495,126.495,120.104,134.332,132.076,97.9439,97.5807,111.14,119.403,87.0919,93.5361,142.678,102.859,104.062,131.928,119.281,140.616,127.534,106.254,111.517,76.4199,118.512,111.946,132.85
61.131,51.0098,61.0082,56.0089,61.0082,51.0882,51.3517,56.3205,15.5563,19.4165,20.6155,24.6982,19.4165,26.4008,24.8395,26.4008,29.6985,29.8329,25.2389,22.8473,97.3499,134.792,121.606,119.754,110.571,186.936,193.238,159.765,164.21,191.755,173.142,162.542,149.215,167.765,168.582,172.905,186.815,173.833,195.346,192.666,176.709,174.23,169.614,179.836,177.589,145.086,114.739,126.531,113.406,178.807,152.201,116.276,135.351,176.105,150.801,138.773,133.795,92.3147,110,132.801,161.227,159.389,138.062,138.957,148.499,127.004,153.444,165.424,130.208,144.309,178.227,181.739,143.024,116,94.0479,147.34,88.5099,140.064,127.945,155.242,157.686,124.74,130.173,136.488,147.628,108.977,118.87,161.152,141.354,123.847,154.564,146.659,166.901,151.427,134.183,138.033,90.1388,141.598,130.801,154.797
62.3699,51.9711,61.8142,56.5685,61.5224,51.3517,51.0882,56.0803,11.1803,16.1245,16.4924,21.3776,13.0384,22.1359,18.868,20,24.1868,37.2156,33.1059,31.3209,104.957,142.359,128.969,126.657,118.849,194.51,201.246,167.386,171.843,199.462,181.342,170.038,156.774,175.756,174.691,178.966,192.44,179.513,201.537,198.759,182.003,181.044,175.071,185.235,181.97,150.416,119.541,135.03,120.673,186.132,160.125,123.227,140.602,182.702,156.339,144.959,140.584,99.4032,115.624,138.409,166.148,167.296,145.89,146.492,154.935,134.272,159.962,171.33,135.724,150.147,185.235,188.138,146.414,122.381,100.568,155.048,96.2549,144.586,131.518,160.963,164.201,131.655,137.928,143.087,154.625,115.278,125.607,166.4,149.913,129.634,160.59,153.525,173.485,157.686,141.209,144.81,95.4254,147.787,136.36,160.702
27.0185,17.1172,27.074,22.3607,27.2947,18.0278,19.2354,23.7697,26.9258,22.8035,24.0832,20.6155,29.8329,23.0217,28.4253,30,27.2947,56.648,51.264,46.6154,80.5233,116.456,102.318,97.949,98.6154,167.839,177.088,141.315,145.774,173.462,158.862,143.265,130.545,151.822,142.636,146.755,159.113,146.373,169.532,166.508,148.071,151.172,141.485,151.486,146.728,116.726,85.1469,116.349,93.7763,158.319,136.015,94.8103,106.832,152.053,123.037,113.406,111.14,72.45,82.9759,105.418,131.655,142.941,121.458,120.333,124.036,107.019,129.275,138.773,102.552,117.593,156.064,156.818,110.494,91.8096,71.1196,129.692,73.1642,109.622,95.7131,128.035,133.454,102.883,113.225,112.898,125.782,84.5991,96.2549,132.458,131.461,97.1854,128.425,124.169,142.874,126.21,112.712,115.248,62.3699,116.211,103.276,128.222
90.3549,83.2166,91.7878,88.5099,92.7847,85.4459,87.2009,91.2634,64.4127,66.888,68.6003,71.2811,68.8767,73.7835,73.8241,75.591,78.032,23,25.4951,26.9258,80.9568,114.856,104.809,107.424,84.386,164.268,165.849,137.768,141.873,167.598,144.17,141.651,128.406,141.45,159.314,163.783,180.314,167.502,184.296,182.464,172.977,159,165.082,175.231,179.847,142.874,118.609,95.7758,98.387,158.836,127.35,103.87,134.391,162.61,146.751,130.74,121.202,81.9085,108.853,129.541,160.801,134.38,115.109,119.038,137.801,110.639,141.767,157.848,127.816,138.514,161.152,169.594,153.052,108.467,88.295,125.1,72.0902,143.544,138.004,149.603,145.794,111.826,108.6,125.3,132.231,102.883,108.079,158.521,108.812,120.071,146.7,132.484,153.951,141.947,119.474,125.22,94.0851,133.33,128.062,147.828
39.8497,31.7648,40.8534,37.1214,41.6293,33.8378,35.609,39.6611,29.5466,27.8927,29.8329,29.0689,34.176,32.0624,35.6931,37.6563,37.054,42.5793,37.3363,32.3883,72.0139,109.179,95.5249,92.8009,87.8009,161.245,168.861,134.239,138.708,166.412,149.603,136.693,123.548,143.388,140.801,145.097,158.836,145.866,167.622,164.879,148.691,147.122,141.605,151.822,149.817,117.068,86.8332,104.924,87.1321,152.555,127.632,89.4036,107.336,148.735,122.801,111.036,106.668,65.7343,82.0061,104.809,133.255,134.737,113.217,113.252,120.967,100.703,125.992,137.535,102.201,116.387,151.4,154.175,116.09,88.4138,66.6033,122.09,63.6946,112.254,100.881,127.283,130.231,97.8008,105.119,109.124,120.801,81.3204,91.6788,133.135,120.033,95.901,126.732,119.633,139.517,123.746,107.415,110.887,62.1289,113.864,102.801,126.905
49.2443,42.638,50.774,47.8017,51.8652,45.2769,47.3814,50.9902,39.6232,39.0512,41.0488,41.1096,44.5533,44.1022,47.0425,49.0408,49.0918,37.3363,32.7567,27.8927,64.0703,101.514,88.4081,86.977,77.8332,153.652,160.103,126.479,130.924,158.474,140.236,129.275,115.935,134.614,136.821,141.209,155.872,142.836,163.377,160.86,146.485,141.45,139.086,149.375,149.486,115.004,86.3771,94.3716,80.2808,145.602,119,83.4506,105.546,143.586,120.221,107.005,101.119,59.4138,79.6492,102.215,131.947,126.178,104.809,105.683,116.276,93.8616,121.083,134.034,99.8499,113.159,145.248,149.482,118.068,84.0238,62.0081,114.057,55.2268,112.009,102.772,124.258,125.32,91.9348,96.8969,104.062,114.691,77.201,86.3134,131.126,109.385,92.9624,123.004,113.864,134.417,119.474,101.237,105.361,61.0983,109.809,100.344,123.458
50.4777,44.5533,52.2015,49.5782,53.4135,47.4236,49.679,53.0377,43.7379,43.1045,45.0999,45.0444,48.6621,48.0416,51.0882,53.0848,53.0377,39.0512,34.7851,30.0832,60.2163,97.6524,84.6463,83.4506,73.736,149.773,156.083,122.589,127.028,154.548,136.165,125.431,112.071,130.599,133.6,138.004,152.856,139.818,160.078,157.61,143.656,137.888,136.191,146.485,147.122,112.254,84.119,90.2497,76.5768,141.82,115.004,79.9062,102.883,140.121,117.337,103.812,97.6217,55.8659,76.922,99.363,129.356,122.188,100.846,101.833,112.929,90.1388,117.686,130.92,97.0618,110.136,141.598,146.103,116.4,80.8022,58.8218,110.136,51.3128,109.731,101.119,121.264,121.918,88.3912,92.9624,100.658,111.072,74.0608,82.8794,128.363,105.262,90.05,119.854,110.309,130.969,116.211,97.6217,101.863,58.8218,106.607,97.5295,120.37
48.8365,45.2769,51.0882,49.6488,52.6308,48.7647,51.4296,53.8516,53.7587,52.3927,54.3415,53.4603,58.5235,56.4358,60.208,62.1691,61.4003,49.98,46.0977,41.5933,48.5489,85.9826,72.8011,71.4213,63.3246,138.134,144.931,110.982,115.434,143.031,125.355,113.719,100.404,119.436,121.606,126.016,140.982,127.945,148.054,145.602,131.947,125.873,124.423,134.718,135.978,100.648,73.2462,80.4114,64.6607,130,103.755,67.8823,91.3893,128.082,105.589,91.8368,85.5862,43.8406,65.3911,87.6584,117.924,110.91,89.4707,90.1388,100.896,78.2432,105.646,118.983,85.4283,98.27,129.634,134.063,106.471,68.8186,46.8722,98.6154,39.8246,98.7623,91.2688,109.417,109.877,76.3675,81.4923,88.6172,99.0858,62.1289,70.8378,116.73,95.5249,78.2943,107.898,98.2904,118.929,104.202,85.6329,89.8276,48.0521,94.6256,85.8662,108.453
48.9183,44.2041,50.9313,48.9183,52.3259,47.4342,49.93,52.8015,48.7647,47.676,49.6488,49.0918,53.6004,52.0865,55.5788,57.5587,57.0789,44.9222,40.8534,36.2491,54.0833,91.526,78.4092,77.0779,68.3081,143.67,150.27,116.503,120.95,148.519,130.545,119.281,105.948,124.776,127.201,131.605,146.492,133.454,153.675,151.208,137.354,131.529,129.865,140.161,141.06,105.991,78.1601,85.1469,70.2922,135.602,109.128,73.5391,96.6644,133.735,111.018,97.4166,91.2414,49.4975,70.6824,93.0591,123.167,116.297,94.8947,95.6922,106.527,83.8689,111.288,124.535,90.7855,103.774,135.281,139.703,110.887,74.4043,52.4309,104.101,45.2769,103.74,95.6347,114.909,115.521,82.0244,86.954,94.2603,104.738,67.6757,76.4853,122.09,100.225,83.7257,113.464,103.947,124.579,109.809,91.2853,95.483,52.8867,100.21,91.2414,113.991
57.1402,50.9902,58.8218,56.0803,60,53.7401,55.9017,59.4138,46.0435,46.0977,48.0937,48.6621,51.0392,51.6236,54.0833,56.0803,56.5685,34.176,30.4138,26.0768,61.6198,98.8585,86.3134,85.9127,73.3485,150.801,156.285,123.6,128.004,155.332,135.956,126.657,113.23,130.863,136.741,141.174,156.416,143.388,163.003,160.655,147.58,140.121,140.004,150.296,151.789,116.362,89.0225,89.1964,78.492,143.283,115.434,82.3286,107.154,142.636,121.198,107.07,100.125,58.4123,81.1542,103.315,133.701,122.642,101.514,103.078,115.802,91.9348,120.42,134.302,101.134,113.741,143.544,148.839,121.926,84.0595,62.2656,111.018,52.4976,114.56,106.677,124.908,124.631,90.7855,93.8136,103.407,113.172,77.5242,85.6037,132.424,104.043,93.9149,123.175,112.61,133.544,119.281,99.7647,104.35,63.7887,109.836,101.553,123.822
43.1393,39.1152,45.2769,43.6005,46.7547,42.5441,45.1774,47.7074,48.8467,47.1275,49.0408,47.8539,53.4883,50.8035,54.8179,56.7539,55.7315,50.2195,45.8803,41.1096,52.7731,90.05,76.5506,74.411,68.6586,142.172,149.563,115.104,119.57,147.248,130.3,117.661,104.446,124.085,123.693,128.062,142.562,129.53,150.333,147.757,133.094,128.888,125.718,136.004,136.125,101.597,73.0548,85.9884,68.2422,133.701,108.337,70.9366,92.1303,130.817,106.85,93.8616,88.459,47.0106,66.242,88.8369,118.533,115.451,93.9415,94.1541,103.325,81.8413,108.208,120.801,86.4523,99.8649,132.91,136.561,105.224,70.9366,48.9183,102.883,44.3847,98.6813,89.9444,110.941,112.45,79.3977,85.8662,91.2195,102.303,64.0312,73.5527,117.72,101.119,79.6116,109.809,101.316,121.622,106.405,88.8651,92.6984,47.7598,96.6747,86.954,110.209
70.214,59.7746,69.3758,64.0312,68.884,58.6941,58.0517,62.9682,18.0278,22.8035,22.3607,27.2947,17.0294,27.0185,22.0907,22.3607,27.2947,42.0595,38.833,38.1182,114.909,152.322,138.957,136.653,128.55,204.475,211.092,177.341,181.797,209.402,191.094,180.014,166.739,185.607,184.567,188.831,202.181,189.275,211.426,208.626,191.638,191.031,184.765,194.905,191.23,160.078,129.035,144.558,130.668,196.125,170,133.225,150.243,192.666,166.066,154.858,150.572,109.403,125.399,148.165,175.65,177.178,155.795,156.461,164.879,144.267,169.918,181.157,145.454,159.962,195.233,198.071,155.206,132.322,110.535,164.985,106.174,153.938,140.431,170.742,174.155,141.651,147.851,153.056,164.624,125.208,135.591,176.026,159.38,139.445,170.449,163.518,183.448,167.598,151.208,154.797,105.119,157.686,146.103,170.532
33.0151,23.3452,33.2415,28.6356,33.541,24.3516,25.4951,30.0832,23.3452,20,21.6333,19.3132,27.0185,22.1359,26.8328,28.6356,26.9258,50.3289,44.9444,40.3113,80.3243,116.867,102.883,99.1262,97.4936,168.6,177.2,141.852,146.322,174.049,158.521,144.003,131.095,151.822,145.097,149.282,162.114,149.282,172.003,169.071,151.344,152.869,144.589,154.674,150.748,119.854,88.6002,114.983,94.3716,159.389,136.015,95.8801,109.986,154.013,125.992,115.624,112.606,72.9178,85.5628,108.208,135.207,143.024,121.491,120.83,126.036,107.782,131.21,141.428,105.418,120.216,157.544,159.022,115.156,93.6002,72.4017,130,72.5328,113.442,100.225,130.832,135.418,104.101,113.296,114.621,127.094,86.4002,97.6371,135.724,130.115,99.7246,130.908,125.642,144.807,128.425,113.877,116.765,65.0692,118.444,106.104,130.832
50.01,40.1995,50.1597,45.3982,50.3587,40.7922,41.4849,46.3249,16,16.7631,18.6815,20.5913,21,23.2594,24.5153,26.4764,27.8568,34.9857,29.6816,25.6125,87.3212,124.68,111.221,108.853,101.843,176.819,183.84,149.723,154.185,181.835,164.158,152.322,139.086,158.345,157.08,161.375,175.071,162.111,183.897,181.157,164.839,163.248,157.801,168.003,165.529,133.222,102.728,118.406,102.903,168.363,142.664,105.423,123.458,164.939,139.014,127.311,122.788,81.6088,98.2344,121.037,149.251,149.817,128.363,128.798,137.208,116.499,142.215,153.808,118.406,132.654,167.431,170.426,130.973,104.661,82.807,137.437,78.7147,128.016,115.879,143.534,146.455,113.851,120.354,125.32,136.821,97.5807,107.815,149.265,133.405,112.161,143.01,135.724,155.724,140.014,123.406,127.016,78.2368,130.138,119.017,143.178
18.9737,12.0416,20.1246,17.0294,21.095,15.2643,17.8885,20.6155,38.2753,34.2053,35.4683,31.8277,41.2311,34.0588,39.6232,41.1096,38.0132,63.3482,58.0517,53.1507,71.8471,106.902,92.6553,87.7268,91.022,157.848,167.72,131.575,136.015,163.625,150.03,133.33,120.814,142.618,131.503,135.591,147.787,135.074,158.382,155.322,136.693,140.46,130.138,140.121,135.37,105.38,73.7564,109,84.119,148.071,126.846,84.6936,95.483,141.174,111.732,102.416,100.648,63.0635,71.8401,94.1754,120.254,133.664,112.294,110.68,113.159,97.1442,118.431,127.562,91.2853,106.405,145.499,145.801,99.4032,81.1234,60.9262,120.208,65.123,98.2293,84.5281,116.778,122.589,92.6121,104.048,102.215,115.382,73.9256,85.8662,121.083,124.016,86.0523,117.29,113.649,132.019,115.209,102.46,104.709,51.225,105.209,92.0217,117.034
