108.977,95.483,135.059,102.65,115.966,104.307,88.8651,120.283,126.507,102.005,118.406,111.826,118.207,118.697,88.5889,105.551,116.812,103.175,107.801,86.2148,73.8783,101.98,100.896,87.8009,82.4197,104.403,97.949,79.404,74.4043,108.467,48.1041,44.8219,46.4004,43.566,51.8556,46.1411,51.3128,53,50.5371,39.2938,37.3631,37.9473,35.1141,40.1622,40.8534,39,36.2491,41.6293,37.1214,40.7063,42.9418,38.5876,63.0079,58.0775,53.0848,63.1981,53.2353,63.3877,53.4603,63.7887,38.3275,33.3766,28.4429,38.1182,28.1603,33.0606,28.0713,38,33,62.8013,59.9083,38.833,60.4401,33.9559,3,55.8032,57.3847,54.2033,56.6392,58.7282,51.8556,32.6956,29.9666,26.9258,24.3516,24.6982,23.8537,21.5407,20.5913,19.8494,17,27.8029,26.2488,24.4131,20.8087,19.2094,22.6716,14.7648,15.6205,19.7231
107.517,94.1116,133.645,101.02,114.56,102.626,87.3212,118.929,124.964,100.802,116.825,110.059,116.469,117.154,86.8332,103.755,115.122,101.514,106.212,85,72.3464,100.658,99.3579,86.2148,81.2712,102.801,96.6747,77.6981,72.8011,106.963,49.4975,46.0977,47.634,44.6542,53.1507,47.1699,52.4309,54.0833,51.4782,41.2311,39.2938,39.8497,37,42.0595,42.72,40.8534,38.0789,43.4626,38.9102,42.4853,44.7214,40.3113,65.0077,60.075,55.0818,65.192,55.2268,65.3758,55.4437,65.7647,40.3113,35.3553,30.4138,40.1123,30.1496,35.0571,30.0666,40,35,64.0312,61.0328,40.7922,61.7171,35.9026,5,57.0088,58.7282,55.4437,58,60.208,53.1507,33.541,30.8869,27.7308,25.0799,25.807,25,22.3607,21.6333,21.2132,18.0278,26.6271,25,23.3238,19.7231,18.0278,21.2132,13.9284,14.1421,18.0278
112.486,99.0353,138.593,106.019,119.503,107.615,92.3147,123.843,129.958,105.603,121.824,115.004,121.433,122.147,91.7878,108.674,120.108,106.508,111.212,89.8109,77.3369,105.551,104.35,91.214,86.0233,107.801,101.533,82.6801,77.801,111.946,44.5533,41.2311,42.8019,39.9625,48.2701,42.5441,47.7074,49.3964,46.9574,36.6742,34.7131,35.171,32.28,37.3631,37.9473,36.0555,33.2415,38.6264,34.0147,37.5766,39.8121,35.3553,61.0328,56,51,61.0328,51.0392,61.131,51.1566,61.4003,36.8782,32.0156,27.2029,36.4966,26.6833,31.4006,26.4764,36.1248,31.1448,64.0703,61.4003,37.6431,61.6117,32.8938,3.16228,57.1402,58.4123,55.4707,57.6281,59.4138,53.0094,34.7851,31.9531,29.1204,26.6833,26.4008,25.4951,23.7697,22.4722,21.095,18.9737,31.4006,29.8329,28.0179,24.4131,22.8035,26.1725,18.3576,19.105,23.0217
111.036,97.6729,137.186,104.403,118.106,105.948,90.7855,122.495,128.425,104.403,120.254,113.252,119.708,120.615,90.05,106.892,118.431,104.862,109.636,88.6002,75.8222,104.235,102.825,89.6437,84.8764,106.212,100.265,80.9938,76.2168,110.454,45.9674,42.5206,44.0454,41.0488,49.5782,43.566,48.8262,50.4777,47.8853,38.6394,36.6742,37.108,34.2053,39.2938,39.8497,37.9473,35.1141,40.4969,35.8469,39.3954,41.6293,37.1214,63.0317,58,53,63.0317,53.0377,63.1269,53.1507,63.3877,38.833,33.9559,29.1204,38.4708,28.6356,33.3766,28.4429,38.1182,33.1361,65.215,62.434,39.5601,62.8013,34.7851,4.24264,58.2495,59.6657,56.6127,58.8982,60.8112,54.2033,35.4683,32.6956,29.7321,27.2029,27.2947,26.4197,24.3516,23.2594,22.2036,19.6977,30.2324,28.6007,26.9258,23.3238,21.6333,24.7588,17.4642,17.6918,21.4009
113.217,99.7246,139.302,106.832,120.208,108.453,93.086,124.523,130.729,106.212,122.613,115.884,122.299,122.919,92.6607,109.567,120.95,107.336,112.004,90.4268,78.1025,106.217,105.119,92.0054,86.6083,108.6,102.176,83.5284,78.6003,112.699,43.8634,40.6079,42.2019,39.4462,47.634,42.0595,47.1699,48.8774,46.5188,35.6931,33.7343,34.2053,31.3209,36.4005,37,35.1141,32.311,37.6962,33.1059,36.6742,38.9102,34.4819,60.0333,55,50,60.0333,50.04,60.1332,50.1597,60.407,35.9026,31.0483,26.2488,35.5106,25.7099,30.4138,25.4951,35.1283,30.1496,63.5138,60.9016,36.6879,61.0328,31.9531,3,56.6039,57.8014,54.9181,57.0088,58.7282,52.4309,34.4819,31.6228,28.8617,26.4764,26,25.0799,23.5372,22.1359,20.5913,18.6815,32.0156,30.4795,28.6007,25,23.4307,26.9072,18.868,19.8494,23.8537
111.723,98.4937,137.931,104.809,118.87,106.254,91.351,123.329,128.973,105.437,120.739,113.371,119.887,121.165,90.2109,106.944,118.714,105.209,110.114,89.627,76.4199,105.119,103.392,90.1388,85.9826,106.668,101.213,81.2712,76.6942,111.072,45.3431,41.7253,43.1856,40,48.7955,42.4382,47.8017,49.4065,46.6476,39.3192,37.3363,37.6563,34.7131,39.8121,40.2616,38.3275,35.4401,40.8044,36.0555,39.5601,41.7852,37.1618,64.1249,59.0339,54.037,64,54,64.0312,54.037,64.195,40.2616,35.4401,30.6757,39.8121,30.0832,34.7131,29.8329,39.3192,34.3657,67.424,64.6607,41.1096,65,36.4005,6.40312,60.4649,61.8466,58.8218,61.0737,62.9365,56.4004,37.6962,34.9285,31.9531,29.4109,29.5296,28.6531,26.5707,25.4951,24.4131,21.9317,31.3847,29.6816,28.178,24.5967,22.8254,25.6125,18.9737,18.6011,21.9317
113.864,100.499,140.014,107.201,120.934,108.724,93.6056,125.32,131.244,107.201,123.065,115.974,122.45,123.434,92.7847,109.59,121.202,107.648,112.446,91.4002,78.6448,107.056,105.646,92.4554,87.6584,109.018,103.078,83.7616,79.0253,113.278,43.1393,39.6989,41.2311,38.2753,46.7547,40.8167,46.0435,47.7074,45.1774,36.3456,34.3657,34.7131,31.7805,36.8782,37.3631,35.4401,32.573,37.9473,33.2415,36.7696,39,34.4384,61.131,56.0357,51.0392,61,51,61.0328,51.0392,61.2046,37.3631,32.573,27.8568,36.8782,27.2029,31.7805,26.9258,36.3456,31.4006,65.7343,63.1348,38.2753,63.2456,33.6155,5.09902,58.8303,60,57.1402,59.203,60.8769,54.6443,36.6879,33.8378,31.0483,28.6356,28.2312,27.313,25.7099,24.3516,22.8254,20.8806,33.0151,31.4006,29.6816,26.0768,24.4131,27.5862,20.1246,20.5183,24.2074
113.846,100.658,140.071,106.827,121.017,108.227,93.4345,125.495,131.046,107.648,122.788,115.248,121.795,123.24,92.1141,108.784,120.673,107.201,112.161,91.8368,78.5175,107.299,105.475,92.1954,88.2043,108.706,103.407,83.2346,78.7464,113.172,43.2782,39.598,41.0366,37.8021,46.669,40.2244,45.607,47.2017,44.4185,38.1182,36.1248,36.3456,33.3766,38.4708,38.833,36.8782,33.9559,39.2938,34.4819,37.9473,40.1622,35.4683,63.2851,58.1378,53.1507,63.0317,53.0377,63,53,63.0714,39.8497,35.1141,30.4631,39.2938,29.7321,34.2053,29.4109,38.6394,33.7343,68.5055,65.8635,40.8534,66.0303,36.2491,7.61577,61.5873,62.8013,59.9083,62.0081,63.7024,57.4282,39.2173,36.4005,33.5261,31.0483,30.8707,29.9666,28.1603,26.9258,25.5539,23.4094,33.6155,31.9061,30.4138,26.8328,25.0599,27.8029,21.1896,20.8087,24.0416
112.45,99.3579,138.708,105.262,119.67,106.607,91.9674,124.197,129.557,106.508,121.264,113.534,120.108,121.754,90.4268,107.042,119.038,105.603,110.635,90.6973,77.0779,106.042,104.005,90.6863,87.1321,107.168,102.201,81.6088,77.2334,111.732,44.8219,41.0366,42.4264,39.0512,48.1041,41.4005,46.8615,48.4149,45.4863,40.1123,38.1182,38.3275,35.3553,40.4475,40.7922,38.833,35.9026,41.2311,36.4005,39.8497,42.0595,37.3363,65.2763,60.1332,55.1453,65.0308,55.0364,65,55,65.0692,41.7612,37,32.311,41.2311,31.6228,36.1386,31.3209,40.6079,35.6931,69.6348,66.888,42.72,67.2012,38.0789,8.60233,62.6817,64.0312,61.0328,63.2535,65.0692,58.6003,39.9249,37.1618,34.176,31.6228,31.7648,30.8869,28.7924,27.7308,26.6271,24.1661,32.6497,30.8869,29.5466,26,24.1661,26.6271,20.6155,19.7231,22.6716
117.388,104.235,143.628,110.259,124.579,111.606,96.9381,129.074,134.536,111.252,126.254,118.512,125.096,126.732,95.4149,112.004,124.036,110.603,115.624,95.4411,82.0366,110.887,108.977,95.6713,91.8096,112.161,107.005,86.6083,82.2192,116.692,39.8246,36.0694,37.4833,34.2053,43.1393,36.6197,42.0119,43.6005,40.8167,36,34,34.0588,31.0644,36.1248,36.3456,34.3657,31.4006,36.6742,31.7805,35.171,37.3631,32.573,61.6604,56.4358,51.4782,61.2046,51.2445,61.0737,51.0882,61,39,34.4384,30.0167,38.2753,29.0689,33.2415,28.6356,37.3631,32.573,69.9714,67.5352,40.2492,67.4166,35.8469,10.0499,63.1348,64.0703,61.4003,63.2456,64.6607,58.8303,41.4849,38.6005,35.9026,33.541,32.8938,31.9531,30.5941,29.1204,27.313,25.7099,37.2156,35.5106,34,30.4138,28.6531,31.4006,24.6982,24.4131,27.5862
115.313,102.303,141.598,107.935,122.577,109.202,94.7629,127.142,132.322,109.554,123.988,115.966,122.589,124.523,92.9139,109.417,121.606,108.231,113.358,93.7443,79.9062,109.018,106.794,93.4345,90.2109,109.877,105.209,84.2021,79.9812,114.551,42.2019,38.2884,39.6232,36.1248,45.3431,38.4187,43.9318,45.4533,42.4382,39,37,37.054,34.0588,39.1152,39.3192,37.3363,34.3657,39.6232,34.7131,38.0789,40.2616,35.4401,64.6297,59.4138,54.4518,64.195,54.231,64.0703,54.0833,64,41.7852,37.1618,32.6497,41.1096,31.7805,36.0555,31.3847,40.2616,35.4401,71.5612,68.9638,42.9535,69.0652,38.4708,10.7703,64.6607,65.8027,62.9682,65,66.6033,60.4649,42.3792,39.5601,36.6879,34.2053,34.0147,33.1059,31.3209,30.0832,28.6531,26.5707,35.7771,34,32.6956,29.1548,27.313,29.6816,23.7697,22.8254,25.6125
113.159,101.597,139.521,103.586,120.95,104.005,92.0869,126.052,128.69,110.571,119.971,109.124,116.103,121.037,86.977,102.176,115.966,103.392,109.481,95.0789,78.032,108.706,103.812,90.2109,92.358,105.891,105.551,79.511,77.1038,111.83,52.2015,47.4342,48.1041,43.4626,53.8516,44.7214,50.5371,51.4782,47.1699,55.9017,53.9351,53.6004,50.636,55.4437,55.2268,53.2353,50.2494,55.0818,50.0899,53.0094,55,50,82.2253,76.9025,72.0347,81.3941,71.5891,81.0494,71.1969,80.6226,60.4152,55.9017,51.4782,59.6154,50.5371,54.626,50.0899,58.5235,53.8516,89.0225,86.0233,61.7171,86.6833,57.3062,28.2843,82.0061,83.6301,80.4301,82.8794,84.8528,78.1025,58.3095,55.7584,52.4786,49.7393,50.8035,50,47.1699,46.6154,46.0977,43.0116,42,40,40.1123,37.3363,35.3553,35,34.4819,30.4138,30
121.4,109.293,147.801,112.486,129.035,113.146,100.424,133.963,137.441,117.648,128.818,118.697,125.607,129.727,96.2601,111.826,125.256,112.432,118.258,101.966,86.0233,116.284,112.294,98.7168,98.8989,114.691,112.872,88.4138,85.4283,120.254,41.7612,37,37.6962,33.1059,43.4626,34.4819,40.3113,41.3401,37.2022,46.8402,44.9222,44.3847,41.4849,46.0977,45.7056,43.7379,40.7922,45.3982,40.4475,43.1856,45.0999,40.1123,73.3757,68.0074,63.2456,72.2772,62.6418,71.8053,62.0967,71.1969,53,48.8262,44.8219,51.9711,43.6005,47.1699,43.0116,50.5371,46.1411,85.7555,83.2406,54.6443,83.2166,50.6063,25.0799,78.8923,79.8812,77.1751,79.0569,80.4301,74.6257,56.648,53.8516,50.9215,48.3839,48.3322,47.4236,45.5412,44.3847,42.9418,40.8534,46.0977,44.1475,43.566,40.3113,38.3275,39.2938,36,33.3766,34.4819
115.663,104.235,142.004,105.891,123.491,106.217,94.578,128.631,131.034,113.318,122.287,111.126,118.14,123.406,89.1403,104.139,118.106,105.646,111.826,97.8621,80.6226,111.364,106.254,92.6553,95.1893,108.231,108.259,81.8352,79.6116,114.285,51.4198,46.5725,47.1275,42.3792,52.811,43.4626,49.2443,50.0899,45.6508,56.5155,54.5711,54.1295,51.1957,55.9017,55.5788,53.6004,50.636,55.3263,50.3587,53.1507,55.0818,50.0899,82.9699,77.6209,72.8011,82,72.2772,81.5843,71.8053,81.0494,61.7171,57.3062,53,60.8358,51.9711,55.9017,51.4782,59.6154,55.0364,91.4002,88.4816,63.1348,89.0225,58.8303,30.4795,84.4038,85.9127,82.801,85.1469,87,80.4301,60.9016,58.3095,55.0727,52.3546,53.2541,52.4309,49.7393,49.0918,48.4149,45.4863,45,43,43.1045,40.3113,38.3275,38,37.3631,33.3766,33
120.104,108.407,146.479,110.635,127.863,111.072,99.0454,132.925,135.724,117.201,127.016,116.181,123.167,128.062,94.0479,109.225,123.037,110.454,116.516,101.637,84.9058,115.486,110.802,97.2008,98.7927,112.929,112.254,86.5563,84.0536,118.811,46.0977,41.2311,41.7612,37,47.4342,38.0789,43.8634,44.7214,40.3113,52.2015,50.2892,49.7293,46.8402,51.4198,50.9902,49.0306,46.0977,50.636,45.7056,48.3735,50.2494,45.2769,78.7464,73.3757,68.6222,77.6209,68.0074,77.1298,67.4463,76.4853,58.3095,54.0833,50,57.3062,48.8262,52.4786,48.2597,55.9017,51.4782,90.1388,87.4643,59.9083,87.6584,55.8032,29.1548,83.2166,84.4038,81.5414,83.6002,85.1469,79.0569,60.4152,57.6975,54.626,52,52.3546,51.4782,49.2443,48.3011,47.1699,44.7214,47.2652,45.2769,45.0444,42,40,40.3113,38.3275,35,35.3553
117.346,106.005,143.67,107.448,125.196,107.713,96.2549,130.361,132.612,115.156,123.847,112.486,119.52,125,90.6091,105.475,119.553,107.168,113.406,99.7246,82.365,113.146,107.898,94.3027,97.0824,109.809,110.073,83.4086,81.3019,115.935,50.9902,46.0977,46.5725,41.7612,52.2015,42.72,48.4665,49.2443,44.7214,57.0088,55.0818,54.5711,51.6624,56.2939,55.9017,53.9351,50.9902,55.5788,50.636,53.3385,55.2268,50.2494,83.5225,78.1601,73.3757,82.4621,72.8011,82,72.2772,81.3941,62.6498,58.3095,54.0833,61.7171,53,56.8243,52.4786,60.4152,55.9017,93.0054,90.1388,64.1405,90.6035,59.9083,32.0156,86.0233,87.4586,84.4038,86.6833,88.459,82.0061,62.6498,60.0333,56.8243,54.1202,54.9181,54.0833,51.4782,50.774,50,47.1699,47,45,45.0999,42.2966,40.3113,40,39.2938,35.3553,35
124.619,112.681,151.013,115.434,132.31,115.974,103.6,137.295,140.464,121.198,131.795,121.264,128.222,132.774,99.0051,114.337,128.004,115.313,121.264,105.551,89.3085,119.708,115.421,101.828,102.552,117.686,116.362,91.351,88.6002,123.406,40.7922,35.9026,36.4005,31.6228,42.0595,32.6956,38.4838,39.3573,34.9857,48.1041,46.2385,45.5412,42.72,47.1275,46.5725,44.643,41.7612,46.0977,41.2311,43.7379,45.5412,40.6079,74.6726,69.2892,64.622,73.3757,63.9062,72.8011,63.2456,72.0347,55.2178,51.225,47.4236,54.0833,46.0977,49.4065,45.4533,52.4786,48.2597,89.1852,86.7698,57.0088,86.6083,53.1507,28.7924,82.365,83.2166,80.6226,82.3772,83.6002,78.032,60.407,57.5847,54.7083,52.2015,52,51.0784,49.3356,48.1041,46.5188,44.5982,50.01,48.0521,47.5184,44.2832,42.2966,43.1741,40,37.3363,38.3275
127.063,115.248,153.447,117.686,134.792,118.14,106.019,139.818,142.762,123.879,134.063,123.24,130.231,135.093,101.119,116.276,130.108,117.516,123.556,108.259,91.8096,122.299,117.801,104.202,105.309,119.971,119,93.6056,91.022,125.801,40.3113,35.3553,35.6931,30.8058,41.2311,31.6228,37.3363,38.0789,33.541,49.2443,47.4236,46.6154,43.8634,48.1041,47.4342,45.5412,42.72,46.8402,42.0595,44.3847,46.0977,41.2311,75.7694,70.3847,65.7951,74.3303,65,73.6817,64.2573,72.8011,57.0088,53.1507,49.4975,55.8032,48.1041,51.225,47.4236,54.0833,50,91.7878,89.4427,58.8982,89.1852,55.1725,31.6228,85,85.7555,83.2406,84.9058,86.0233,80.6226,63.2456,60.407,57.5674,55.0818,54.7814,53.8516,52.2015,50.9215,49.2443,47.4342,52.9528,50.9902,50.4876,47.2652,45.2769,46.0977,43,40.3113,41.2311
124.258,112.77,150.602,114.477,132.076,114.769,103.175,137.201,139.628,121.742,130.874,119.553,126.59,132.004,97.6729,112.539,126.621,114.215,120.42,106.231,89.1852,119.883,114.856,101.257,103.465,116.825,116.73,90.4268,88.2043,122.886,45.2769,40.3113,40.6079,35.6931,46.0977,36.4005,42.0595,42.72,38.0789,53.8516,52,51.264,48.4665,52.811,52.2015,50.2892,47.4342,51.6624,46.8402,49.2443,50.9902,46.0977,80.4114,75.0267,70.3847,79.0569,69.6419,78.4474,68.9493,77.6209,61.0328,57.0088,53.1507,59.9083,51.8556,55.2178,51.225,58.3095,54.0833,94.3398,91.7878,62.8013,91.8096,58.8982,33.541,87.4643,88.4816,85.7555,87.6584,89.0225,83.2166,65,62.2415,59.2368,56.648,56.7979,55.9017,53.8516,52.8015,51.4782,49.2443,52.2398,50.2494,50.04,47,45,45.2769,43.2897,40,40.3113
132.382,118.794,158.417,126.016,139.316,127.581,112.294,143.558,149.937,124.964,141.82,134.826,141.315,142.127,111.647,128.413,140.064,126.491,131.21,109.225,97.3088,125.208,124.326,111.212,105.262,127.801,121.083,102.626,97.8008,131.894,25,22.3607,24.1661,22.561,29.1548,25.4951,29.7321,31.6228,30.4138,20.6155,18.6815,18.2483,15.2971,20.0998,20,18,15,20.0998,15.1327,18.4391,20.6155,15.8114,47.1275,41.7612,37,46.0977,36.4005,45.7056,35.9026,45.2769,28.2843,25,22.3607,26.9072,20.5913,22.6716,19.7231,25,21.2132,68.0074,66.7083,30.4795,65.146,27.4591,21.2132,61.8466,61.3514,59.9083,60.407,60.4152,57.0088,45.2769,42.2966,40.7922,39.2938,36.3456,35.3553,36.4005,33.9559,30.4138,31.6228,50.9313,49.4975,47.4236,43.8634,42.4264,46.0977,37.5366,39.0512,43.0116
130.908,117.388,156.984,124.403,137.888,125.925,110.752,142.172,148.395,123.693,140.246,133.094,139.607,140.584,109.932,126.657,138.398,124.852,129.63,107.935,95.7758,123.843,122.788,109.636,104.019,126.21,119.754,100.955,96.2133,130.384,26.2488,23.3238,25.0599,23.0868,30.2324,25.9615,30.4631,32.311,30.8058,22.561,20.6155,20.2237,17.2627,22.0907,22,20,17,22.0907,17.1172,20.3961,22.561,17.72,49.0408,43.6807,38.8973,48.0521,38.3275,47.676,37.855,47.2652,29.7321,26.2488,23.3238,28.4253,21.6333,24.0416,20.8087,26.6271,22.6716,68.6222,67.1863,31.8277,65.7875,28.6007,19.8494,62.3618,62.0322,60.4401,61.0983,61.2699,57.5674,45.0999,42.107,40.4475,38.833,36.1248,35.1283,35.9026,33.541,30.1496,31.0483,49.5782,48.1041,46.0977,42.5206,41.0366,44.5982,36.2353,37.5366,41.4005
132.276,118.828,158.392,125.603,139.302,127.063,112.045,143.628,149.683,125.252,141.496,134.112,140.663,141.873,110.982,127.632,139.521,126.016,130.874,109.481,97.0824,125.32,124.085,110.887,105.603,127.44,121.264,102.078,97.4526,131.712,24.7588,21.6333,23.3238,21.1896,28.6007,24.0416,28.6356,30.4631,28.8617,23.0868,21.1896,20.6155,17.72,22.3607,22.0907,20.0998,17.1172,22,17,20.0998,22.2036,17.2627,49.6488,44.2719,39.5601,48.5077,38.8973,48.0521,38.3275,47.5184,31.1127,27.8029,25.0599,29.7321,23.3238,25.4951,22.4722,27.8029,24.0416,70.5195,69.1231,33.3017,67.6757,30.2324,21.4009,64.2884,63.9062,62.3618,62.9682,63.0714,59.4811,47.0956,44.1022,42.4264,40.7922,38.1182,37.1214,37.855,35.5106,32.1403,32.9848,51.0882,49.5782,47.634,44.0454,42.5206,45.9674,37.8021,38.8973,42.638
130.115,116.778,156.285,123.227,137.208,124.619,109.786,141.598,147.411,123.406,139.176,131.548,138.134,139.603,108.453,125.032,137.058,123.6,128.55,107.615,94.8472,123.329,121.828,108.577,103.812,125.1,119.331,99.6243,95.1315,129.495,26.9072,23.4307,25,22.3607,30.4795,25.0799,30.0167,31.7648,29.7321,25.9615,24.0416,23.5372,20.6155,25.318,25.0799,23.0868,20.0998,25,20,23.0868,25.1794,20.2237,52.4976,47.1275,42.3792,51.4198,41.7612,50.9902,41.2311,50.4876,33.3017,29.7321,26.6271,32.0156,25,27.5862,24.2074,30.2324,26.2488,71.5122,69.9214,35.3553,68.7095,32.0156,19.7231,65.146,65,63.2456,64.0781,64.4127,60.407,47,44,42.107,40.3113,38,37,37.3363,35.1283,32,32.3883,49.2037,47.634,45.8039,42.2019,40.6079,43.8634,36.0555,36.7967,40.3609
135.794,122.381,161.929,129.016,142.843,130.43,115.521,147.187,153.154,128.845,144.941,137.379,143.962,145.344,114.28,130.863,142.874,129.402,134.317,113.071,100.568,128.888,127.562,114.337,109.202,130.874,124.844,105.437,100.896,135.207,21.2132,18.0278,19.7231,17.72,25,20.6155,25.0799,26.9258,25.4951,22.3607,20.5913,19.6977,17,21.1896,20.6155,18.6815,15.8114,20.2237,15.2971,18.0278,20,15,48.8467,43.4626,38.9102,47.4342,38.0789,46.8402,37.3363,46.0977,32.0156,29.1548,26.9258,30.4795,25.0799,26.6271,24.1661,28.2843,25,72.8011,71.5891,34.4093,69.9214,31.7648,25,66.7083,66.0984,64.7611,65.146,65,61.8466,50.2494,47.2652,45.7056,44.1475,41.3038,40.3113,41.2311,38.833,35.3553,36.4005,54.6717,53.1507,51.225,47.634,46.0977,49.4975,41.4005,42.4264,46.0977
134.358,121.017,160.527,127.44,141.45,128.81,114.022,145.836,151.644,127.613,143.402,135.68,142.285,143.837,112.606,129.139,141.241,127.801,132.774,111.826,99.0858,127.562,126.063,112.805,108.005,129.321,123.556,103.812,99.3579,133.735,22.6716,19.2094,20.8087,18.3848,26.2488,21.1896,25.9422,27.7308,25.9615,24.1661,22.3607,21.5407,18.7883,23.0868,22.561,20.6155,17.72,22.2036,17.2627,20.025,22,17,50.6952,45.31,40.7185,49.3356,39.9249,48.7647,39.2173,48.0521,33.3017,30.2324,27.7308,31.8277,25.9422,27.8029,25.0599,29.7321,26.2488,73.3757,72.0347,35.609,70.5195,32.7567,23.8537,67.1863,66.7308,65.2534,65.7875,65.7951,62.3618,50.0899,47.0956,45.3982,43.7379,41.1096,40.1123,40.7922,38.4708,35.1283,35.9026,53.4135,51.8556,50,46.4004,44.8219,48.1041,40.2244,41.0366,44.5982
132.231,119.004,158.449,125.1,139.388,126.4,111.803,143.837,149.402,125.801,141.113,133.147,139.786,141.598,110.114,126.57,138.809,125.419,130.484,110,96.8969,125.607,123.843,110.535,106.254,127.016,121.659,101.4,97.0824,131.552,25,21.2132,22.6716,19.7231,28.2843,22.3607,27.4591,29.1548,26.9258,26.9258,25.0799,24.3516,21.5407,25.9615,25.4951,23.5372,20.6155,25.1794,20.2237,23.0217,25,20,53.4883,48.1041,43.4626,52.2015,42.72,51.6624,42.0595,50.9902,35.3553,32.0156,29.1548,33.9706,27.4591,29.7321,26.6271,32.0156,28.2843,74.3303,72.8011,37.5366,71.5122,34.4093,22.3607,68.0074,67.7791,66.0984,66.8506,67.082,63.2456,50,47,45.0999,43.2897,41,40,40.3113,38.1182,35,35.3553,51.614,50,48.2597,44.6542,43.0116,46.0977,38.5876,39.0512,42.4264
135.765,122.495,161.966,128.69,142.899,130,115.365,147.323,152.971,129.201,144.693,136.752,143.391,145.165,113.719,130.173,142.411,129.016,134.063,113.406,100.449,129.074,127.405,114.11,109.622,130.599,125.1,105,100.658,135.104,21.4009,17.6918,19.2094,16.5529,24.7588,19.3132,24.1868,25.9422,24.0416,25.0599,23.3238,22.3607,19.7231,23.7697,23.0868,21.1896,18.3848,22.561,17.72,20.2237,22.0907,17.1172,51.4782,46.0977,41.5933,49.98,40.7185,49.3356,39.9249,48.5077,34.8281,31.9061,29.5466,33.3017,27.7308,29.4109,26.8328,31.1127,27.8029,75.2861,73.9797,37.2022,72.4224,34.4819,25.5539,69.1231,68.6222,67.1863,67.6757,67.624,64.2884,52.0865,49.0918,47.3814,45.7056,43.1045,42.107,42.7551,40.4475,37.1214,37.855,55,53.4135,51.614,48.0104,46.4004,49.5782,41.8808,42.5206,45.9674
133.66,120.507,159.906,126.372,140.858,127.613,113.172,145.344,150.748,127.413,142.425,134.239,140.911,142.948,111.252,127.624,140,126.657,131.795,111.606,98.2904,127.142,125.208,111.866,107.898,128.316,123.227,102.616,98.4124,132.944,23.8537,19.8494,21.2132,18.0278,26.9072,20.5913,25.807,27.4591,25.0799,27.7308,25.9422,25.0799,22.3607,26.5707,25.9615,24.0416,21.1896,25.4951,20.6155,23.1948,25.0799,20.0998,54.231,48.8467,44.2832,52.811,43.4626,52.2015,42.72,51.4198,36.7967,33.6006,30.8869,35.3553,29.1548,31.241,28.3019,33.3017,29.7321,76.2168,74.7262,39.0512,73.3894,36.0555,24.1661,69.9214,69.6419,68.0074,68.7095,68.8767,65.146,52,49,47.0956,45.2769,43,42,42.2966,40.1123,37,37.3363,53.2541,51.614,49.93,46.3249,44.6542,47.634,40.3113,40.6079,43.8634
139.302,126.063,165.517,132.136,146.455,133.405,118.87,150.894,156.464,132.801,148.165,140.064,146.731,148.661,117.068,133.454,145.801,132.439,137.535,117.004,103.966,132.654,130.908,117.593,113.225,134.063,128.69,108.407,104.139,138.622,18.0278,14.1421,15.6205,13,21.2132,15.8114,20.5913,22.3607,20.6155,25,23.4307,22.2036,19.8494,23.3238,22.3607,20.5913,18.0278,21.5407,17,18.9737,20.6155,15.8114,51,45.6508,41.3401,49.2443,40.3113,48.4665,39.3573,47.4342,36.0555,33.541,31.6228,34.4093,29.7321,30.8869,28.7924,32.0156,29.1548,77.6209,76.4853,38.5876,74.7262,36.2491,29.1548,71.5891,70.8802,69.6348,69.9214,69.6419,66.7083,55.2268,52.2398,50.636,49.0306,46.2709,45.2769,46.0977,43.7379,40.3113,41.2311,58.6003,57.0088,55.2178,51.614,50,53.1507,45.4863,46.0977,49.4975
135.831,122.788,162.114,128.316,143.087,129.468,115.261,147.628,152.794,129.85,144.423,135.915,142.636,145,113.004,129.248,141.82,128.55,133.795,114.039,100.419,129.468,127.287,113.899,110.386,130.3,125.603,104.484,100.449,135.059,22.3607,18.0278,19.2094,15.6205,25,18.0278,23.4307,25,22.3607,29.1548,27.4591,26.4197,23.8537,27.7308,26.9258,25.0799,22.3607,26.2488,21.5407,23.7697,25.4951,20.6155,55.4617,50.0899,45.6508,53.8516,44.7214,53.1413,43.8634,52.2015,39.0512,36.0555,33.541,37.5366,31.7648,33.6006,30.8869,35.3553,32.0156,79.0569,77.6209,41.4005,76.2168,38.5876,26.9258,72.8011,72.45,70.8802,71.5122,71.5891,68.0074,55,52,50.0899,48.2597,46,45,45.2769,43.1045,40,40.3113,55.7584,54.0833,52.4786,48.8774,47.1699,50,42.9418,43.0116,46.0977
54.4243,39.5601,78.032,55.1453,59.4811,59.0085,40.0125,62.434,73.3894,42.0119,67.1863,70.0643,74.0608,66.0984,50.6952,66.6108,70.3491,57.0351,57.8705,27.2947,29.1204,44.2945,49.8197,41.0488,22.4722,55.4437,39.4462,41.4367,32.8938,55.3624,109.289,106.532,108.227,105.679,113.442,108.301,113.371,115.104,112.712,93.3488,91.9239,93.3488,91.2853,95.462,96.8969,95.5249,93.5094,98.3514,95.0158,98.4937,100.568,97.3088,107.703,104.561,100.439,109.836,101.607,110.941,102.801,112.645,83.6002,79.6492,75.8222,84.8116,77.1557,81.5659,77.8332,86.6833,82.8794,67.1863,62.2013,81.8413,67.4759,77.801,63.6318,62.8013,68.0661,63.1506,68.2495,73.5459,63.7887,48.8774,50.4777,49.2037,48.9183,54.037,54.6717,50.9313,53.7587,58,54.4885,35.1141,37,38.0789,41.6293,43.4626,41.7612,47.4131,48.1041,46.5725
46.5296,36.8782,72.7186,36.7696,54.5619,37.8021,25.4951,60.0083,61.7171,48.1664,53.0754,45.1885,51.4782,54.037,21.9317,39.2173,50.2195,36.8782,42.5206,35.3553,14.0357,44.1475,36.8917,23.3238,35.4401,38.9487,42.2966,12.8062,11.1803,44.9444,113.6,109.636,110.887,107.056,116.662,109.041,114.769,116.103,112.45,105.19,103.368,104.216,101.518,106.452,107.331,105.546,102.883,108.24,103.832,107.424,109.659,105.309,125.686,121.458,116.692,126.827,117.324,127.44,117.987,128.413,100,95.2103,90.4434,100.578,91.0824,96.1353,91.4166,101.514,96.7988,97.4936,92.5743,99.2018,97.0155,94.3716,69.3542,91.7878,96.5194,91.5478,96.421,101.242,91.2688,71.0634,71.2531,68.469,66.7533,72.0069,72.1803,67.2681,69.6348,73.2462,68.4105,42.45,43.0116,45.8803,48.7032,49.3964,44.7772,54.7814,51.4296,47.0106
57.2451,47.5395,83.3547,46.8615,65.307,47.3814,36.2491,70.7743,72.0069,58.5491,63.2535,53.535,60.2163,64.405,30.6105,47.0106,59.5483,46.6905,52.8015,45.0111,24.1868,54.8179,47.5079,34,44.4072,49.2037,52.7731,22.8035,21.8403,55.5698,104.561,100.439,101.607,97.6166,107.415,99.4887,105.262,106.527,102.728,97.7394,95.8593,96.566,93.7763,98.7927,99.5389,97.6934,94.9368,100.319,95.7549,99.3177,101.553,97.0464,119.436,114.978,110.114,120.304,110.603,120.785,111.126,121.565,93.7443,88.8426,83.9524,94.1488,84.4038,89.4986,84.6463,94.8314,89.9889,95.8801,91.0934,93.2148,95.0789,88.2836,61.4654,89.7385,94.1488,89.2693,93.9415,98.4784,88.6454,67.3647,67.1193,64.0312,62,67.0298,67.0671,62.0725,64.195,67.4759,62.514,37.0135,37.1214,40.1123,42.4264,42.7551,37.855,48.0521,43.9659,39.2173
44.2041,30.4138,70.0357,40.8044,50.9313,43.9318,25.632,55.2268,62.434,38.0132,55.0091,54.231,59.0339,54.7083,33.3766,50.01,56.0446,42.2019,44.7772,22.4722,12,37.0135,37.1214,25.7099,20.2237,41.7852,33.2866,23.7697,15.2971,44.1022,113.172,109.786,111.288,108.074,116.846,110.422,115.884,117.444,114.403,100.688,99.0454,100.21,97.8008,102.416,103.6,102.005,99.6393,104.809,100.896,104.484,106.668,102.825,118.186,114.495,110.018,119.867,110.941,120.748,111.893,122.119,93.0215,88.5889,84.22,93.9415,85.235,90.05,85.7555,95.3834,91.0659,83.0542,78.0577,91.7061,83,87.2067,67.1789,78.0256,83.0963,78.1025,83.1505,88.278,78.3135,60.4401,61.3514,59.2368,58.1808,63.561,63.9766,59.4811,62.1772,66.242,61.9112,37.5366,38.8973,41.1096,44.5982,45.9674,42.5206,50.9902,49.5782,46.4004
67.8823,54.8179,94.1116,61.5873,75.0733,63.5295,47.634,79.6492,85.276,62.6498,77.201,71.8679,77.8781,77.4661,48.7032,66.0984,76.0592,62.2656,66.6108,46.9574,32.6497,61.6117,59.6657,46.6154,44.0114,63.2456,57.9828,39,33.2866,67.2681,89.1403,85.5628,87,83.6301,92.6337,85.9127,91.4385,92.957,89.8109,78.7147,76.9415,77.8974,75.2928,80.1311,81.1234,79.404,76.8505,82.1523,77.9359,81.5414,83.7616,79.6304,98.7623,94.5569,89.8109,99.93,90.4765,100.568,91.1811,101.592,73.0821,68.3081,63.5689,73.6817,64.2573,69.2892,64.622,74.6726,70.0071,74,69.2892,72.2772,73.0821,67.4463,43.6005,67.72,72.0347,67.1863,71.8053,76.2955,66.4906,45.1774,45.0111,42.0119,40.1123,45.2769,45.3982,40.4475,42.7551,46.3249,41.4849,15.5242,16.1555,18.9737,21.9317,22.8254,18.6011,28.178,25.6125,21.9317
55.6058,43.8292,82.0061,47.8017,63.2456,49.3964,34.7131,68.2642,72.1388,53.4509,63.7809,57.3847,63.5059,64.3506,34.176,51.5461,61.9112,48.2597,53.1507,38.6394,20.2485,50.9902,46.6905,33.2415,37.054,49.679,48.1041,24.5967,19.799,54.5619,102.303,98.4937,99.8248,96.1769,105.551,98.2904,103.947,105.361,101.912,93.0376,91.236,92.1303,89.4707,94.3663,95.2943,93.5361,90.9175,96.2549,91.9239,95.5249,97.7548,93.4933,113.323,109.11,104.355,114.481,105.005,115.109,105.688,116.108,87.6413,82.8613,78.1089,88.2326,78.7718,83.8153,79.1202,89.1964,84.5044,86.3481,81.4923,86.8332,85.703,82.0061,57.4543,80.4114,85,80.0625,84.8528,89.56,79.6304,59,59.0762,56.2228,54.4518,59.6825,59.8415,54.9181,57.2713,60.8769,56.0446,30.0832,30.6757,33.5261,36.4005,37.1618,32.6497,42.5441,39.4462,35.2278
50.3289,42.19,76.0263,38.833,58.5235,38.9487,29.8329,64.195,64.0703,54,55.2178,44.6542,51.4004,56.6039,21.9317,38.0789,50.9313,38.4187,44.9444,41.9762,20.6155,49.366,40.3113,27.2029,42.3792,41.3401,48.0104,15.2315,17.1172,48.3322,113.442,109.289,110.436,106.4,116.25,108.231,114.018,115.256,111.396,106.626,104.752,105.475,102.694,107.703,108.462,106.621,103.87,109.252,104.695,108.259,110.494,105.991,128.098,123.693,118.849,129.031,119.369,129.541,119.921,130.361,102.391,97.5141,92.6499,102.84,93.145,98.2344,93.4077,103.581,98.7623,102.611,97.7446,101.789,101.98,96.8814,70.3847,96.6902,101.272,96.3379,101.119,105.802,95.8853,75.06,75,72.0278,70.1142,75.2396,75.326,70.3491,72.5603,75.9539,71.0211,45.2769,45.5412,48.5077,50.9902,51.4198,46.5725,56.7539,52.811,48.1041
59.4811,49.7293,85.5862,49.0408,67.5426,49.4975,38.4838,73.0068,74.2024,60.6712,65.437,55.4707,62.2013,66.6108,32.6497,48.8774,61.6198,48.8365,55,47,26.3059,57.0088,49.7393,36.2353,46.2709,51.4004,54.9181,25,24.0416,57.8014,102.626,98.4733,99.6243,95.6033,105.437,97.4526,103.233,104.484,100.658,96.1353,94.2444,94.921,92.1141,97.1442,97.8621,96.0052,93.2309,98.6154,94.0213,97.5756,99.8098,95.2733,118.068,113.565,108.683,118.878,109.142,119.331,109.636,120.071,92.3959,87.4757,82.5651,92.7631,82.9759,88.0738,83.1986,93.3916,88.5268,95.5092,90.7579,91.9239,94.6414,86.977,59.808,89.2861,93.6216,88.7694,93.3916,97.8621,88.0738,66.6108,66.2722,63.1269,61.0328,66,66.0076,61.0082,63.0714,66.2722,61.2944,36.0139,36.0139,39.0128,41.1947,41.4367,36.4966,46.6905,42.45,37.6431
30.0167,21.0238,56.3028,21.9545,38.0132,24.3516,8.94427,43.4626,45.9674,33.1361,37.6431,34.2345,39.2938,38.1838,14.3178,30.0666,36.7696,22.8473,27.0185,23.3238,8.06226,28.1603,20.6155,7.07107,25.4951,23.6008,27.074,7.61577,6.40312,28.6007,128.425,124.652,125.992,122.348,131.712,124.451,130.115,131.522,128.035,118.207,116.469,117.478,114.909,119.708,120.739,119.038,116.503,121.795,117.597,121.202,123.422,119.281,137.058,133.154,128.55,138.539,129.356,139.316,130.188,140.528,111.615,107.019,102.46,112.401,103.315,108.259,103.755,113.635,109.124,103.019,98.0204,110.494,103.005,105.849,83.2346,98.0459,103.121,98.1275,103.175,108.296,98.326,80.05,80.7775,78.4474,77.1622,82.5409,82.8734,78.1857,80.7775,84.6936,80.1124,54.5894,55.5698,58.1808,61.4003,62.434,58.2495,67.7422,65.215,61.2209
35.3553,23.2594,53.4509,43.8292,37.1214,48.7647,33.2415,38.0789,53.0094,17.1172,49.4975,60.3738,61.6847,47.1699,49.5782,59.9083,56.6127,46.5296,43.3244,13.6015,34.176,23.1948,36.2491,36.0694,12.3693,42.5441,18.4391,44.4185,38.0789,37.855,138.13,135.37,137.058,134.462,142.285,137.058,142.172,143.892,141.421,121.696,120.341,121.828,119.854,123.907,125.399,124.085,122.147,126.905,123.693,127.142,129.19,126.036,134.402,131.655,127.781,136.821,129.074,138.058,130.384,139.946,111.198,107.517,103.947,112.539,105.38,109.604,106.104,114.586,111.018,87.9204,83.2166,109.225,88.955,105.475,92.4392,85.0882,90.471,85.9069,90.8735,96.2549,87.2067,75.9276,77.8974,77.0779,77.1038,82.0244,82.7345,79.3095,82.134,86.3713,83.0963,63.5059,65.307,66.6483,70.2353,72.0069,69.857,76.1577,76.4853,74.4648
29.7321,17,55.9017,26.4764,36.8782,30.0666,11.1803,41.6173,47.7074,27.2947,40.2492,41.0488,45.1774,39.9625,23.3238,37.855,41.7732,28.1603,30.0832,14.8661,7.07107,24.1661,22.3607,12.0416,16.4012,27.2029,21.587,16.4012,10.198,29.4109,127.287,123.762,125.208,121.828,130.832,124.085,129.634,131.137,127.914,115.378,113.719,114.856,112.414,117.068,118.224,116.606,114.202,119.403,115.421,119.017,121.211,117.29,132.914,129.248,124.78,134.618,125.706,135.506,126.657,136.883,107.782,103.354,98.9798,108.706,99.985,104.809,100.499,110.145,105.816,96.0833,91.0879,106.452,96.2549,101.966,81.4678,91.444,96.6282,91.6624,96.7471,101.966,92.0706,74.9466,75.9605,73.9256,72.9178,78.2943,78.721,74.2428,76.9415,81.0062,76.6616,52.0096,53.2635,55.6058,59.0339,60.3075,56.5862,65.437,63.6553,60.1415
56.8859,44.5982,72.8354,65,58.0345,69.857,53,58.1378,74.108,38.1182,71.0211,81.5414,83.1685,68.593,68.4105,80.5295,78.1601,67.624,64.846,33.121,49.5782,44.7214,57.5847,55.4707,29.4109,63.9062,40.025,61.5224,53.8145,59.439,131.947,129.865,131.7,129.808,136.473,132.608,137.233,139.086,137.295,112.606,111.517,113.208,111.647,115.122,116.812,115.763,114.237,118.512,115.974,119.202,121.078,118.596,121.631,119.553,116.181,124.459,117.686,125.897,119.206,128.082,100.424,97.4166,94.578,102.005,96.2549,99.8649,97.0979,104.403,101.514,70.7107,66.3702,98.0816,72.2011,95,88.2326,69.0652,74.3303,70.214,74.8866,80.1561,72.0069,65.4599,67.9559,68.0955,68.884,73.0616,73.9256,71.5542,74.2428,78.2943,76.0592,62.3939,64.3817,64.7765,68.0661,70.0357,69.3542,73.0068,74.9667,74.3303
42.0595,27.4591,67.0075,41.3038,48.0104,45.0444,26.0768,51.7397,60.8358,33.0151,54.0833,56.0357,60.1332,53.3104,37,52.6118,56.5685,43.1045,44.3847,17.2047,15.6525,33.3017,36.4005,27.0185,13.9284,41.7732,29,28.178,19.7231,42.5441,117.034,113.851,115.421,112.414,120.88,114.856,120.208,121.828,118.983,103.233,101.671,102.942,100.658,105.119,106.405,104.89,102.65,107.713,104.005,107.564,109.713,106.075,119.419,115.974,111.647,121.314,112.681,122.299,113.741,123.822,94.6678,90.4268,86.267,95.7183,87.4185,92.0869,88.0057,97.3499,93.2309,81.0987,76.1052,93.1504,81.3019,88.8369,70.9366,76.531,81.7435,76.7919,81.8841,87.1321,77.2787,60.9262,62.1691,60.4152,59.6825,65,65.5134,61.2944,64.0703,68.2422,64.2028,41.2311,42.8019,44.6878,48.2701,49.8197,46.8722,54.5619,53.8238,51.1077
34,19.4165,59.0339,34.0147,40,38.0526,19.105,43.8634,52.8015,25.9422,46.1736,49.366,53,45.31,32.249,46.5725,49.163,36.0139,36.6742,10.4403,13.0384,25.4558,28.6356,20.6155,9.21954,34.2345,21.4009,24.7588,17.2047,34.5398,124.652,121.38,122.919,119.808,128.425,122.201,127.613,129.201,126.246,111.212,109.636,110.887,108.577,113.071,114.337,112.805,110.535,115.624,111.866,115.434,117.593,113.899,127.475,124.036,119.708,129.375,120.739,130.361,121.795,131.883,102.728,98.4784,94.3027,103.774,95.4411,100.125,96.0208,105.394,101.257,88.3629,83.3847,101.213,88.6848,96.8969,78.5684,84.0119,89.2693,84.3445,89.4427,94.7259,84.9294,68.942,70.214,68.4763,67.7422,73.0616,73.5731,69.3397,72.111,76.2758,72.2011,48.8365,50.3289,52.345,55.9017,57.3847,54.2033,62.2415,61.2209,58.2495
19.6469,5,43.6005,25.0799,24.6982,29.9666,15.2643,28.3196,38.6005,12.0416,33.1361,41.6293,43.4166,31.5753,31.9061,41.0488,38.6394,27.7308,25.318,8.06226,22.3607,9.89949,17.72,18.3576,13.1529,24.0416,6.32456,28.8617,25.02,21.095,140.186,136.883,138.409,135.248,143.934,137.612,143.056,144.627,141.605,126.657,125.1,126.372,124.085,128.55,129.835,128.316,126.063,131.137,127.405,130.969,133.124,129.449,142.394,139.086,134.833,144.402,135.912,145.437,137.011,147.027,117.886,113.719,109.622,118.983,110.802,115.434,111.4,120.673,116.606,100.807,95.901,116.284,101.415,112.058,94.1116,97.0155,102.357,97.5295,102.616,107.968,98.3717,83.6481,85.0882,83.5284,82.9277,88.2043,88.7525,84.6286,87.4185,91.6079,87.6185,64.3817,65.8559,67.897,71.4493,72.9178,69.6563,77.7946,76.6942,73.6003
53.0848,39.0512,73.0548,58.2495,56.0892,62.8172,44.5982,57.5674,71.5681,36.4005,67.0075,74.4648,77.1038,65.123,58.6686,72.45,72.5603,60.6383,59.3043,26.1725,38.4187,41.3038,51.4782,46.6154,21.3776,57.7062,36.2215,50.8035,42.638,55,121.803,119.419,121.198,119.013,126.178,121.742,126.574,128.378,126.317,103.856,102.616,104.202,102.416,106.212,107.801,106.607,104.862,109.403,106.508,109.859,111.83,109,115.256,112.699,108.977,117.796,110.345,119.097,111.732,121.083,92.6337,89.1964,85.9127,94.0691,87.4586,91.4385,88.2383,96.2601,92.957,68.3081,63.5689,90.5207,69.2892,87,77.0779,65.3911,70.7743,66.2118,71.1758,76.5572,67.5352,57.28,59.4643,59.0339,59.4054,64.0312,64.8151,61.8547,64.6375,68.8186,66.0379,50.01,51.9711,52.6308,56.0446,57.9741,56.8859,61.3514,62.8172,61.8142
37,22.1359,60.7454,39.1152,42.0595,43.4166,24.7386,45.2217,55.9732,25.4951,50.01,54.9181,58.1378,48.7647,38.5876,52.4976,54,41.3038,41.1096,10,19.2094,26.9258,33.0606,26.5707,5.83095,39,22.2036,31.1448,23.4307,38.0789,124.471,121.4,123.004,120.104,128.406,122.589,127.883,129.53,126.779,109.877,108.374,109.713,107.517,111.866,113.217,111.759,109.604,114.586,111.018,114.551,116.675,113.172,125.032,121.795,117.597,127.094,118.714,128.16,119.854,129.8,100.688,96.6075,92.6175,101.833,93.8616,98.4073,94.4934,103.6,99.6393,83.863,78.9177,99.0202,84.3445,94.8683,78.4092,79.8311,85.1469,80.2808,85.3756,90.7083,81.0432,66.242,67.7422,66.2873,65.8027,71.0282,71.6101,67.624,70.4344,74.6525,70.8378,48.8262,50.4777,52.2015,55.8032,57.4282,54.7083,62.0081,61.5873,59.0593
56.4358,43.6807,73.3485,63.9062,58.0086,68.7095,51.4782,58.4209,74.0068,38,70.5762,80.4114,82.28,68.2642,66.6108,79.1581,77.3692,66.4831,64.0312,31.7805,47.3814,44.2832,56.6127,53.8516,27.7849,62.9365,39.4588,59.4643,51.6236,58.8558,129.248,127.122,128.95,127.016,133.754,129.808,134.462,136.308,134.48,110.114,109,110.675,109.078,112.606,114.28,113.208,111.647,115.966,113.371,116.619,118.512,115.974,119.553,117.388,113.952,122.332,115.434,123.746,116.932,125.897,98.0816,95,92.0869,99.6393,93.7443,97.4166,94.578,102.005,99.0454,69.3181,64.8845,95.7758,70.7107,92.6175,85.3815,67.4166,72.7186,68.5055,73.2462,78.5493,70.214,63.0079,65.4599,65.5134,66.242,70.4911,71.3442,68.884,71.5891,75.6637,73.3485,59.4138,61.4003,61.8142,65.1153,67.082,66.3702,70.0928,72.0069,71.3442
38.833,24.7588,64.4438,36.6742,45.3431,40.1995,21.3776,49.5177,57.3062,32.2025,50.1597,51,55.3263,49.6488,31.6228,47.3814,51.9711,38.3275,40.1622,16.7631,10.2956,31.241,32.311,22.0227,15,37.3631,27.4591,22.8254,14.4222,38.9487,118.87,115.521,117.034,113.851,122.577,116.211,121.659,123.227,120.208,106.019,104.403,105.603,103.233,107.801,109.018,107.448,105.119,110.259,106.405,109.986,112.161,108.374,123.004,119.419,115.004,124.78,115.974,125.706,116.97,127.142,98.0051,93.6483,89.3588,98.9798,90.4268,95.1893,90.9725,100.499,96.2549,86.0233,81.0247,96.6023,86.1452,92.1792,72.8354,81.3019,86.4696,81.4985,86.5794,91.7878,81.8841,64.846,65.9242,63.9766,63.0635,68.4251,68.884,64.4981,67.2309,71.3442,67.1193,43.1393,44.5533,46.6905,50.2096,51.6236,48.2701,56.5862,55.3173,52.2015
21,8.60233,42.5441,29.1548,24.3516,34.1321,20.5913,26.9258,39.4588,7.61577,35.0571,45.6508,46.8188,33.0151,37.2156,45.607,41.7612,31.9061,28.4605,8.48528,27.074,9.21954,21.4709,23.7065,13.0384,27.7308,4.12311,34.2053,30.0167,23.1948,142.636,139.463,141.032,138.004,146.492,140.428,145.801,147.411,144.516,128.316,126.811,128.144,125.936,130.3,131.643,130.177,128.004,133.004,129.402,132.944,135.074,131.529,143.21,140.064,135.915,145.344,137.058,146.441,138.221,148.122,119.038,115,111.041,120.208,112.294,116.825,112.929,122.004,118.068,99.925,95.0789,117.324,100.688,113.225,96.5401,96.4624,101.833,97.0824,102.142,107.517,98.0816,84.3801,85.9826,84.6286,84.2021,89.4036,90,86.0523,88.8651,93.086,89.2749,66.8431,68.4105,70.2922,73.8783,75.4321,72.4224,80.1561,79.404,76.5506
40.3113,27.8568,58.2409,48.3322,42.107,53.2259,37.0135,42.9535,58.0086,22.0907,54.4518,64.8845,66.4078,52.1536,53.0377,64.1405,61.4003,50.9902,48.0833,17.0294,36.2353,28.1603,40.8534,39.6989,14.4222,47.1699,23.3452,47.2017,40.3113,42.7551,135.37,132.74,134.462,132.004,139.607,134.648,139.671,141.421,139.086,118.343,117.034,118.562,116.662,120.615,122.147,120.88,119.017,123.693,120.603,124.016,126.036,123.004,130.419,127.781,123.988,132.91,125.32,134.183,126.669,136.125,107.517,103.947,100.499,108.904,101.98,106.104,102.728,111.018,107.564,83.2166,78.5493,105.475,84.309,101.833,89.9444,80.5295,85.9069,81.3941,86.3308,91.7061,82.7647,72.1803,74.2496,73.5935,73.7564,78.5684,79.3095,76.0592,78.8733,83.0963,80,61.4654,63.3246,64.4748,68.0294,69.857,68.0074,73.7902,74.4648,72.7324
44.1475,29.4279,66.6483,47.2652,48.4665,51.6236,32.9848,51,63.0635,30.2324,57.5587,63.1506,66.2722,56.0892,46.5296,60.7289,62.0322,49.4975,49.0102,16.4924,26.2488,33.2415,41,34.7851,11.4018,47.0425,28.2312,38.6005,30.4795,45.5412,121.248,118.431,120.108,117.478,125.363,120.067,125.196,126.909,124.423,105.361,103.947,105.38,103.325,107.49,108.931,107.564,105.551,110.39,107.056,110.535,112.61,109.343,119.269,116.25,112.201,121.495,113.406,122.642,114.634,124.403,95.4254,91.5478,87.7838,96.6747,89.1403,93.5094,89.8276,98.5951,94.8472,76.2955,71.3863,93.6002,76.9025,89.6437,75.4718,72.5328,77.8845,73.0821,78.1601,83.5225,74,60.4649,62.2013,61.0737,60.8769,65.9469,66.6033,62.9365,65.7647,70.0071,66.5282,46.5188,48.3322,49.6488,53.2353,55.0091,52.9245,59.1692,59.5063,57.5847
57.0351,43.566,75.4321,63.3246,59.3043,68.0074,50.1597,60.208,75.1066,39.3192,71.1126,79.6994,82,69.0072,64.6607,78,77.2787,65.8027,63.9531,31.0483,44.6878,45,56.2939,52.3259,26.5707,62.5859,40.0125,57.0088,48.9183,59.2115,124.326,122.156,123.976,122.004,128.81,124.788,129.468,131.309,129.449,105.437,104.293,105.948,104.307,107.898,109.554,108.453,106.85,111.221,108.559,111.83,113.741,111.14,115.434,113.146,109.622,118.14,111.072,119.52,112.539,121.622,93.6056,90.4268,87.4185,95.1315,89.0505,92.8009,89.8721,97.4526,94.4034,66.3099,61.7414,91.351,67.5426,88.0909,80.3243,64.0078,69.3542,65,69.8355,75.1798,66.5733,58.4123,60.803,60.7454,61.4003,65.7343,66.5733,64.0078,66.7308,70.8308,68.4251,54.3323,56.3205,56.7186,60.0167,61.9839,61.2944,65,66.9104,66.2722
54.4059,43.4166,68.1836,64.0078,54.5894,68.9638,53.2635,54.037,70.7107,35.171,68.4105,80.5295,81.5414,65.7343,69.3109,80.1561,76.3217,66.7308,63.1585,33.3017,51.8652,42.3792,56.356,55.9732,30.4795,62.6099,38.0789,63.2535,56.0357,57.2451,139.09,136.971,138.798,136.858,143.6,139.646,144.309,146.154,144.312,119.817,118.727,120.416,118.849,122.332,124.02,122.967,121.433,125.718,123.167,126.4,128.281,125.782,128.693,126.669,123.329,131.552,124.844,133.004,126.372,135.207,107.615,104.623,101.789,109.202,103.465,107.075,104.307,111.606,108.724,77.1751,72.9452,105.262,78.7718,102.201,95.1893,75.8024,81.0247,77.0065,81.6088,86.8389,78.8733,72.6705,75.1665,75.2928,76.0592,80.2621,81.1234,78.7147,81.4125,85.4751,83.1925,68.884,70.859,71.3863,74.7329,76.6877,75.8024,79.8123,81.5843,80.7527
48.1664,35.171,66.2193,55.3624,50.1597,60.1664,43.0465,50.9902,66.0303,30.1496,62.2896,71.8679,73.7631,60.075,58.4123,70.6612,68.884,57.9396,55.5428,23.2594,39.8246,36.0555,48.0833,45.4863,19.4165,54.4059,31.1448,51.6236,44.0454,50.4876,130.361,127.941,129.711,127.475,134.718,130.188,135.059,136.854,134.737,112.446,111.212,112.801,111.018,114.809,116.4,115.209,113.464,118.004,115.109,118.461,120.433,117.597,123.556,121.083,117.414,126.151,118.802,127.475,120.208,129.495,101.139,97.7446,94.4934,102.591,96.0469,100.005,96.8297,104.805,101.533,75.3923,70.7743,98.9949,76.5572,95.5249,85.4927,72.8972,78.2624,73.8241,78.7147,84.0773,75.2928,65.7951,68.0147,67.624,68.0074,72.6223,73.4098,70.4557,73.2393,77.4209,74.6257,57.9741,59.9083,60.7289,64.195,66.0984,64.7611,69.6419,70.8802,69.6348
53.1601,38.3275,76.0592,55,57.7754,59.0762,40.1123,60.4152,72.1249,39.6611,66.2873,70.3491,74.0068,65,51.8652,67.2681,70.0643,57.0351,57.3149,25.632,30.4631,42.5441,49.2544,41.4367,20.6155,55.0818,37.5766,42.9535,34.4384,54.3415,112.606,109.932,111.647,109.179,116.812,111.826,116.846,118.596,116.276,96.1769,94.7945,96.2601,94.2603,98.3514,99.8248,98.4937,96.5401,101.316,98.0816,101.533,103.586,100.424,109.836,106.832,102.801,112.071,104.019,113.225,105.262,115,86.0523,82.2192,78.5175,87.3212,79.9062,84.22,80.6102,89.2749,85.5862,67.6018,62.6498,84.2021,68.0661,80.2808,67.1193,63.561,68.884,64.0312,69.1231,74.4648,64.846,51.0392,52.8015,51.7397,51.6236,56.6392,57.3149,53.7587,56.5862,60.8276,57.4891,38.8973,40.8044,41.7852,45.31,47.1699,45.607,50.9902,51.8652,50.448
45.3542,34,60.8276,54.5894,46.0977,59.5399,43.9318,46.0977,62.2013,26.3059,59.439,71.1196,72.2357,56.8859,60.1082,70.7248,67.0671,57.3062,53.8516,24.0416,43.4166,33.2415,46.9574,46.6905,21.6333,53.2259,28.7924,54.4059,47.5079,48.0833,138.423,136,137.768,135.518,142.78,138.224,143.108,144.9,142.762,120.42,119.202,120.801,119.038,122.801,124.403,123.223,121.495,126.016,123.146,126.491,128.456,125.642,131.137,128.763,125.16,133.795,126.574,135.148,128.004,137.208,108.977,105.646,102.45,110.454,104.019,107.935,104.809,112.699,109.481,81.8596,77.3692,106.794,83.1865,103.392,93.5201,79.7559,85.0882,80.7775,85.5862,90.9175,82.3772,73.6614,75.9276,75.6042,76.0263,80.604,81.4002,78.492,81.2712,85.4459,82.6801,65.8027,67.72,68.6222,72.111,74,72.5328,77.6209,78.7464,77.3692
70.1142,56.0089,89.56,74.8131,72.9932,79.2465,60.6383,74.2159,88.5664,53.1507,84.0238,90.802,93.771,82.1523,73.5391,88.3233,89.3588,77.1038,76.1643,43.0465,52.3259,58.3095,68.2642,62.3618,38.1182,74.4312,53.2353,64.846,56.356,72.0069,113.464,111.665,113.547,111.973,118.106,114.843,119.218,121.116,119.641,93.2952,92.2822,94.0213,92.5905,95.8801,97.6166,96.6488,95.2575,99.363,97.0464,100.185,102,99.7447,101.833,99.7647,96.4261,104.661,97.949,106.104,99.4887,108.301,80.8022,77.9359,75.2928,82.4197,77.026,80.455,77.8974,84.8764,82.1523,52,47.4236,78.4092,53.2259,75.452,71.1969,49.7393,55.0727,50.774,55.5698,60.9016,52.4309,46.1411,48.7647,49.2443,50.3289,54.1295,55.0364,53.1413,55.7136,59.6154,57.8705,48.5077,50.4876,50.1597,53.0377,55.0364,55.4437,57.0789,60.0333,60.407
41.1947,27.0185,62.2415,46.3249,44.643,50.9608,33.1059,46.6154,59.8415,25.4951,55.0364,62.6418,65.1153,53.2353,48.0104,60.9262,60.531,48.7647,47.2652,14.1421,29.2062,29.6142,39.4588,35.3553,9.48683,45.7056,24.5153,41.0122,33.4215,43.0116,127.315,124.555,126.246,123.665,131.469,126.27,131.37,133.094,130.648,111.036,109.659,111.126,109.124,113.217,114.691,113.358,111.396,116.181,112.929,116.387,118.444,115.256,124.278,121.4,117.444,126.606,118.697,127.801,119.971,129.63,100.767,97,93.3488,102.069,94.7523,99.0353,95.462,104.062,100.419,79.555,74.7262,98.8585,80.3617,95.0158,81.6333,76.2168,81.5966,76.896,81.9329,87.3155,78,65.6049,67.4759,66.5282,66.468,71.4493,72.1388,68.6222,71.4493,75.6902,72.3464,52.8015,54.626,55.9017,59.4811,61.2699,59.2368,65.3682,65.7951,63.9062
73.0274,59.4138,91.0055,78.8543,75.2396,83.4326,65.146,75.9539,91.0879,55.2268,87.0919,95.0789,97.6729,85.0059,78.721,92.9731,93.0591,81.2527,79.7621,46.6905,57.8014,61,72.0069,67.0671,41.9762,78.2624,56.0089,70.3278,61.9112,75.1665,117.987,116.387,118.296,116.914,122.703,119.817,124.04,125.96,124.664,97.0618,96.1509,97.9439,96.6644,99.7296,101.518,100.648,99.4032,103.315,101.237,104.278,106.024,104,104.062,102.303,99.2018,107.056,100.802,108.577,102.416,110.887,84.0595,81.4923,79.1581,85.7555,80.9568,84.119,81.8596,88.3233,85.8836,51.9711,47.7074,81.5414,53.535,78.8923,76.6551,50.6063,55.8032,51.8556,56.4004,61.6117,53.8145,50.1597,52.9245,53.7587,55.0818,58.5235,59.4643,57.9741,60.4401,64.195,62.8172,54.9181,56.8859,56.4358,59.2115,61.2046,61.8142,63,66.1891,66.7533
23.4094,8.544,47.8017,26.9258,28.8444,31.6228,14.8661,32.5576,42.3792,15.5242,36.4966,43.3244,45.7056,35.171,31.241,42.0595,41.1947,29.4109,28.0179,5.38516,19.0263,14.1421,20.0998,17.6918,10.0499,26.3059,10.2956,26.9258,22.0907,24.5153,135.949,132.654,134.183,131.034,139.703,133.405,138.842,140.417,137.412,122.442,120.88,122.147,119.854,124.326,125.607,124.085,121.828,126.905,123.167,126.732,128.888,125.208,138.311,134.97,130.698,140.293,131.765,141.315,132.853,142.888,113.741,109.554,105.437,114.826,106.607,111.252,107.201,116.499,112.414,97.3242,92.3959,112.161,97.8621,107.912,89.8721,93.3916,98.7168,93.8616,98.9545,104.293,94.6414,79.6053,81.0062,79.404,78.7718,84.0595,84.5991,80.4487,83.2346,87.4185,83.4086,60.1415,61.6198,63.6553,67.2086,68.6804,65.437,73.5527,72.4707,69.4046
52.8394,44.5533,62.2013,64.6607,51.264,69.6563,56.2228,49.4773,67.0522,33.8378,66.2118,80.8022,80.7775,63.1585,72.8011,81.4678,75.2928,67.4759,62.6817,37.2156,57.7754,41.6173,56.8507,59.203,35.8469,62.8013,38.2884,68.0955,61.7414,56.0803,150.712,148.556,150.376,148.385,155.206,151.159,155.862,157.699,155.801,131.469,130.384,132.076,130.511,133.989,135.68,134.629,133.094,137.379,134.826,138.062,139.943,137.437,140.036,138.105,134.826,142.948,136.36,144.423,137.906,146.659,119.202,116.25,113.442,120.801,115.122,118.714,115.966,123.223,120.37,87.6584,83.6002,116.825,89.4036,113.811,106.626,86.6833,91.8314,87.9659,92.4554,97.6166,89.9389,84.3149,86.8217,86.954,87.7097,91.9239,92.7847,90.3549,93.0591,97.1288,94.8103,79.8311,81.7863,82.4621,85.8662,87.8009,86.6833,91.0934,92.6499,91.5915
34.5254,22.8254,52.2015,43.4166,36.0555,48.3735,33.2415,36.8782,52,16.0312,48.6621,59.9416,61.0983,46.2709,49.679,59.6406,55.9732,46.1411,42.72,13.8924,34.7851,22.3607,35.7771,36.1248,13.1529,42.0476,17.72,44.7772,38.6264,37.108,139.521,136.752,138.438,135.831,143.67,138.423,143.544,145.262,142.78,123.11,121.754,123.24,121.264,125.32,126.811,125.495,123.556,128.316,125.1,128.55,130.599,127.44,135.801,133.06,129.19,138.224,130.484,139.463,131.795,141.354,112.61,108.931,105.361,113.952,106.794,111.018,107.517,116,112.432,89.1964,84.5044,110.635,90.2497,106.888,93.8136,86.406,91.7878,87.2353,92.1954,97.5756,88.5494,77.3369,79.3095,78.492,78.5175,83.4386,84.1487,80.7217,83.5464,87.7838,84.5044,64.846,66.6408,68,71.5891,73.3553,71.1758,77.5242,77.8203,75.7694
50.1597,40.6079,62.0081,61.0328,49.4773,66.0303,51.6624,48.3735,65.5134,30.8707,63.9062,77.3886,77.8267,61.0328,68.1175,77.6209,72.45,63.8201,59.5399,32.2025,52.3259,38.4708,53.2541,54.5619,30.4138,59.3633,34.6699,62.9682,56.356,53.2259,145.362,143.126,144.931,142.864,149.817,145.619,150.376,152.201,150.233,126.491,125.363,127.028,125.399,128.969,130.633,129.541,127.945,132.306,129.653,132.925,134.833,132.231,135.772,133.69,130.3,138.6,131.795,140.036,133.304,142.215,114.477,111.4,108.467,116.039,110.114,113.811,110.941,118.406,115.434,84.3801,80.1561,112.161,85.9826,109.018,101.02,83.006,88.2326,84.2021,88.8144,94.0479,86.0523,79.404,81.8413,81.8352,82.4924,86.8217,87.6641,85.0882,87.818,91.9239,89.4707,73.9797,75.9276,76.6551,80.0812,82.0061,80.8084,85.3815,86.8332,85.703
26.1725,24.3311,34.0588,40.4969,22.8254,45.2217,37.6563,20.6155,38.2753,12,38.2753,55.2268,53.9073,34.9857,53.4509,57.4282,48.2701,43.2666,36.8782,26.5707,46.2709,18.0278,33.121,40.7922,29.5296,38.0132,18.0278,52.345,49.0408,29.7321,159.402,156.474,158.114,155.322,163.444,157.842,163.083,164.754,162.077,143.558,142.172,143.628,141.598,145.726,147.187,145.836,143.837,148.661,145.344,148.822,150.894,147.628,156.4,153.675,149.803,158.836,151.093,160.078,152.398,161.969,133.207,129.495,125.873,134.536,127.279,131.552,127.988,136.561,132.944,108.853,104.278,131.244,110.073,127.475,113.464,106.438,111.803,107.355,112.254,117.618,108.784,97.949,99.905,99.0353,98.9949,103.966,104.661,101.139,103.966,108.208,104.805,84.0595,85.7555,87.367,90.9725,92.6499,90.05,97.0824,96.8969,94.414
49.8197,37.6962,66.0984,58.1808,51.0098,63.0714,46.6154,51.2445,67.0671,31.0644,63.9531,74.7329,76.2168,61.5224,62.3699,73.9256,71.1688,60.8358,57.8705,26.6271,44.4072,37.6563,50.6952,49.2037,23.3452,57.0088,32.9848,55.9732,48.6004,52.3927,134.239,131.928,133.72,131.59,138.654,134.332,139.129,140.943,138.924,115.802,114.621,116.25,114.547,118.224,119.854,118.714,117.047,121.495,118.727,122.037,123.976,121.264,126.063,123.762,120.216,128.763,121.655,130.138,123.11,132.231,104.139,100.896,97.8008,105.646,99.4032,103.233,100.21,107.935,104.809,76.4853,72.0069,101.912,77.8267,98.5951,89.6939,74.4312,79.7559,75.4718,80.2621,85.5862,77.1038,68.884,71.218,71.0282,71.5612,76.0263,76.844,74.0945,76.8505,80.9938,78.3901,62.5859,64.5368,65.2534,68.6804,70.6045,69.4262,74,75.4321,74.3303
18.9737,4.12311,43.4166,23.7697,24.4131,28.6356,13.8924,28.2843,37.9473,13,32.249,40.3113,42.2019,30.8058,30.5287,39.6611,37.4833,26.4008,24.1868,9,21.587,10,16.4924,17,14.0357,22.8035,7.07107,27.6586,24.0832,20.2237,140.121,136.781,138.293,135.093,143.837,137.437,142.902,144.461,141.4,126.823,125.252,126.507,124.197,128.69,129.958,128.425,126.151,131.244,127.475,131.046,133.207,129.495,142.78,139.431,135.152,144.755,136.213,145.774,137.295,147.34,118.191,113.991,109.859,119.269,111.018,115.676,111.606,120.93,116.829,101.607,96.6902,116.619,102.181,112.361,94.0691,97.7446,103.078,98.2344,103.325,108.669,99.0404,84.0773,85.4751,83.863,83.2166,88.5099,89.0449,84.8764,87.6584,91.8368,87.8009,64.3506,65.7951,67.8823,71.4213,72.8629,69.527,77.7817,76.5768,73.4098
29.9666,22.2036,43.7379,41.7732,29.4279,46.7547,34.8855,29.0172,45.5412,10.8167,43.6578,57.8014,57.8014,40.8044,51.4782,58.6941,52.3546,44.5982,39.6611,19,40.1995,18.6011,33.9706,38.0132,20.6155,39.8246,15.6205,48.3839,43.566,33.121,149.265,146.441,148.111,145.437,153.379,148.003,153.17,154.871,152.315,133.004,131.643,133.124,131.137,135.207,136.693,135.37,133.417,138.192,134.952,138.409,140.464,137.277,145.602,142.902,139.054,148.054,140.357,149.305,141.676,151.212,122.495,118.828,115.261,123.843,116.692,120.917,117.414,125.897,122.332,98.2344,93.6216,120.507,99.4032,116.778,103.465,95.7079,101.079,96.6023,101.518,106.888,98.0051,87.2067,89.1964,88.3912,88.4138,93.3381,94.0479,90.6091,93.4345,97.6729,94.3663,74.3034,76.0592,77.5242,81.1234,82.8553,80.4984,87.1321,87.2353,85
36.6742,22.0907,59.0593,40.7922,40.8534,45.3542,27.313,43.4166,55.5428,22.8035,50.2494,57.0088,59.6825,48.6621,42.2019,55.1543,55.2268,43.1741,42.0476,9.05539,23.8537,25.632,34.1321,29.5296,4,40.3113,20.6155,35.3836,28.0179,38.2099,127.801,124.852,126.491,123.713,131.826,126.246,131.469,133.147,130.511,112.486,111.036,112.432,110.318,114.56,115.966,114.56,112.486,117.388,113.952,117.456,119.553,116.181,126.779,123.709,119.62,128.969,120.801,130.096,122.004,131.826,102.801,98.8585,95.0158,104.019,96.3328,100.767,97,105.891,102.069,83.7437,78.8543,101.02,84.4038,97.0052,81.8413,80.0812,85.44,80.6536,85.7263,91.0934,81.5966,67.9559,69.6348,68.4105,68.1175,73.2462,73.8783,70.0928,72.9178,77.1557,73.5391,52.4786,54.2033,55.7584,59.3633,61.0574,58.5918,65.4599,65.3682,63.0714
73.5527,68.7968,74.2496,87.4586,69.527,92.3147,81.4923,65.8027,83.4865,56.6127,85.1469,102.591,101.178,81.6884,98.1122,104.484,95.5249,90.2718,84.22,63.6946,84.7585,64.2028,79.8123,84.5991,62.9365,85.1469,62.1289,94.4299,88.6002,77.1038,173.459,171.735,173.623,172.047,178.138,174.909,179.301,181.199,179.689,152.506,151.638,153.447,152.201,155.206,157.013,156.17,154.945,158.824,156.78,159.816,161.549,159.54,157.632,156.426,153.701,160.897,155.396,162.542,157.099,165.024,139.187,136.85,134.659,140.943,136.473,139.531,137.383,143.59,141.326,102.069,98.8585,136.565,104.35,134.183,130.969,102.801,107.448,104.403,108.231,112.929,106.832,105.702,108.462,109.202,110.386,114.018,114.948,113.217,115.767,119.616,117.953,105.683,107.671,108.046,111.306,113.283,112.641,116.103,118.229,117.614
75.2396,75.71,66.4831,90.6201,68.884,94.9368,89.0505,63.6318,79.2023,63.1506,83.5284,103.354,100.17,79.925,104.809,106.93,94.6678,93.2309,85.9069,75.06,96.2549,69.3758,83.8153,92.1954,76.0263,87.8465,69.2315,103.576,99.5038,78.7909,196.4,194.34,196.173,194.24,200.943,197.023,201.693,203.539,201.675,176.502,175.514,177.26,175.824,179.109,180.854,179.889,178.474,182.603,180.247,183.412,185.238,182.915,183.044,181.604,178.676,186.207,180.314,187.8,181.959,190.205,163.67,161.037,158.518,165.36,160.262,163.615,161.137,167.908,165.342,128.035,124.652,161.149,130.231,158.474,152.506,128.425,133.207,129.958,133.959,138.773,132.28,129.375,132.004,132.378,133.282,137.306,138.196,135.989,138.654,142.664,140.528,125.419,127.35,128.16,131.605,133.522,132.185,136.927,138.322,137.033
34.6699,28.3019,45.0444,47.3814,32.8938,52.3259,41.1461,31.4006,48.7647,16.2788,47.8539,63.1269,62.6817,44.7772,57.7062,64.3817,57.1402,50.2096,44.8219,25.0799,46.3897,24.0416,39.6232,44.2832,26.1725,45.2769,21.6333,54.7083,49.8197,38.0132,153.101,150.416,152.122,149.586,157.305,152.201,157.28,159.013,156.589,136.125,134.826,136.36,134.466,138.409,139.946,138.683,136.821,141.496,138.405,141.82,143.84,140.801,147.757,145.248,141.534,150.333,142.899,151.644,144.278,153.639,125.16,121.655,118.258,126.574,119.754,123.843,120.507,128.725,125.32,98.8433,94.3663,123.069,100.185,119.503,107.541,96.7471,102.083,97.7548,102.577,107.912,99.3227,89.8053,91.9348,91.351,91.5478,96.3328,97.0824,93.8616,96.6747,100.896,97.8008,78.721,80.5295,81.8413,85.4225,87.2067,85.0882,91.3017,91.7061,89.6939
46.5188,47.3814,41.6773,61.8466,40.4969,66.2118,60.6712,35.609,52.345,35.0571,55.6058,74.9466,72.2011,52.0096,76.1577,78.2624,66.6108,64.4748,57.2451,48.5077,69.0652,40.7922,55.0273,63.7887,50.448,59.0931,41.1096,75.4255,72,50.0899,177.341,174.771,176.502,174.063,181.618,176.706,181.728,183.48,181.135,159.625,158.405,160,158.218,162.003,163.6,162.41,160.655,165.206,162.29,165.653,167.631,164.757,169.759,167.586,164.104,172.54,165.56,173.948,167.027,176.082,148.071,144.81,141.651,149.576,143.224,147.122,144.014,151.855,148.678,118.152,114.039,145.836,119.854,142.524,132.004,117.004,122.201,118.229,122.801,128.004,120.104,112.805,115.109,114.809,115.209,119.808,120.603,117.644,120.433,124.619,121.758,103.368,105.19,106.452,110.023,111.826,109.772,115.836,116.362,114.39
29.1548,22.8254,41.4367,41.7253,27.8927,46.669,35.8469,27.0185,43.9318,10.6301,42.5441,57.4891,57.1402,39.5601,52.3259,58.7282,51.6236,44.5533,39.2046,21.095,42.0476,18.3848,33.9706,39,23.0868,39.6232,16.1245,49.7293,45.2769,32.45,152.053,149.215,150.881,148.189,156.157,150.748,155.926,157.623,155.048,135.831,134.469,135.949,133.959,138.033,139.517,138.192,136.235,141.014,137.768,141.227,143.283,140.089,148.405,145.715,141.873,150.864,143.178,152.118,144.499,154.029,125.32,121.655,118.089,126.669,119.52,123.746,120.241,128.725,125.16,100.846,96.2549,123.329,102.044,119.604,106.231,98.387,103.755,99.2975,104.202,109.567,100.722,90.0278,92.0217,91.2195,91.2414,96.1665,96.8762,93.4345,96.2601,100.499,97.1854,77.026,78.7718,80.2621,83.863,85.5862,83.1865,89.8888,89.9444,87.6641
8.544,21.4009,18.3848,23.0217,1,26.4764,29.5296,6.08276,15.1327,21.0238,14.8661,34,31.241,11.4018,40.3113,37.9473,25.6125,25.1794,17.2627,33.1059,43.6005,16.1555,18.6815,31.7805,38.0789,20.025,21.1896,43.6578,44.4185,11.0454,164.757,161.276,162.733,159.364,168.345,161.617,167.171,168.671,165.424,152.003,150.416,151.648,149.305,153.838,155.081,153.525,151.212,156.339,152.502,156.083,158.256,154.467,167.943,164.639,160.378,169.956,161.447,170.988,162.533,172.569,143.422,139.23,135.093,144.506,136.242,140.911,136.825,146.168,142.056,125.16,120.333,141.834,125.96,137.594,118.828,121.758,127.13,122.381,127.44,132.816,123.369,109.179,110.639,109.078,108.453,113.741,114.28,110.114,112.894,117.068,113.004,89.1964,90.5539,92.7631,96.2601,97.6217,94.0479,102.65,101.119,97.6729
61.4654,62.6498,53.0754,76.896,55.0091,81.1542,75.9539,49.7393,65.437,50.2494,69.6419,89.4707,86.2844,66.0379,91.444,93.1075,80.7775,79.4796,72.0902,63.1269,84,56.0892,70.214,79.0759,64.6297,74.0945,56.3205,90.6697,87.0517,65,188.828,186.497,188.279,186.075,193.238,188.788,193.652,195.451,193.329,170.018,168.908,170.581,168.964,172.514,174.187,173.104,171.511,175.866,173.217,176.491,178.398,175.787,178.393,176.581,173.367,181.373,174.917,182.877,176.477,185.151,157.801,154.842,151.99,159.402,153.652,157.293,154.486,161.821,158.937,124.844,121.083,155.416,126.811,152.411,144.087,124.483,129.495,125.873,130.177,135.207,127.988,122.886,125.363,125.399,126.052,130.384,131.229,128.631,131.37,135.484,132.97,116.108,117.987,119.038,122.56,124.423,122.703,128.156,129.097,127.44
65.2993,59.203,69.2604,78.5175,62.1289,83.4506,71.5612,59.0593,76.9415,47.4236,77.666,94.1116,93.2363,74.3303,88.2043,95.5249,87.6185,81.3449,75.743,53.2259,74.0945,55.1725,70.7672,74.6257,52.2015,76.3675,52.6308,84.0773,78,68.7677,163.615,161.756,163.625,161.92,168.241,164.757,169.248,171.129,169.499,143.178,142.239,144.014,142.664,145.825,147.597,146.687,145.362,149.375,147.167,150.27,152.053,149.883,149.459,148.003,145.086,152.611,146.731,154.201,148.385,156.605,130.173,127.632,125.24,131.883,127.016,130.25,127.906,134.462,132.004,94.7629,91.2414,127.624,96.8762,125.032,120.603,94.921,99.7647,96.4261,100.499,105.38,98.7168,96.1509,98.8433,99.4032,100.464,104.278,105.19,103.247,105.849,109.772,107.912,94.8947,96.8762,97.3242,100.623,102.591,101.833,105.537,107.517,106.794
53.7122,54.5894,47.2017,69.0797,47.5079,73.4098,67.897,42.4382,58.7282,42.19,62.426,81.9878,79.0569,58.8218,83.4326,85.4283,73.4983,71.6938,64.405,55.2268,76.0066,48.0521,62.2977,71.0211,56.8859,66.3099,48.2597,82.6075,79.0253,57.2713,182.332,179.889,181.648,179.335,186.682,182.016,186.955,188.733,186.507,164.027,162.865,164.502,162.807,166.469,168.107,166.973,165.303,169.753,166.976,170.294,172.235,169.499,173.254,171.266,167.92,176.139,169.425,177.598,170.942,179.805,152.118,149.013,146.014,153.675,147.635,151.4,148.449,156.029,153.003,120.603,116.662,149.803,122.442,146.649,137.295,119.854,124.964,121.165,125.607,130.729,123.167,117.004,119.403,119.281,119.817,124.278,125.1,122.332,125.096,129.248,126.57,109.005,110.86,112.004,115.551,117.388,115.521,121.248,122.004,120.208
52.4309,45.4533,59.6825,65.0692,50.0899,70.0357,57.6888,47.7598,65.5515,33.9706,65.3682,80.9197,80.4487,62.1772,74.3303,82.0244,74.8866,67.897,62.6259,39.3954,60.407,41.7732,57.28,60.7454,38.6005,63.0317,38.9487,70.214,64.2573,55.8032,155.631,153.447,155.261,153.235,160.112,156,160.73,162.561,160.627,136.459,135.37,137.058,135.484,138.975,140.663,139.607,138.062,142.359,139.789,143.031,144.917,142.394,145,143.087,139.818,147.922,141.354,149.402,142.902,151.644,124.201,121.248,118.431,125.801,120.108,123.709,120.95,128.222,125.363,92.4175,88.4081,121.824,94.2019,118.811,111.427,91.5478,96.6747,92.8493,97.3088,102.45,94.8472,89.3085,91.8096,91.9239,92.6607,96.8969,97.7548,95.2943,98.0051,102.083,99.7296,84.4038,86.3481,87.0919,90.5207,92.4446,91.2195,95.8175,97.2677,96.1041
43.2666,42.2019,42.72,58.1808,38.2099,62.7694,55.5428,34.0588,51.614,29.6142,53.7401,72.2011,70.0928,50.2096,71.4703,74.9466,64.4438,60.9016,54.0833,42.107,63.0079,36.0555,50.9902,58.6941,43.7379,55.5698,35.6931,70.0357,66.1211,46.8722,170.135,167.574,169.307,166.883,174.416,169.532,174.542,176.298,173.971,152.434,151.208,152.801,151.013,154.806,156.4,155.206,153.447,158.003,155.081,158.446,160.424,157.547,162.733,160.515,157.003,165.487,158.449,166.883,159.906,169,140.929,137.644,134.466,142.425,136.033,139.946,136.821,144.693,141.496,111.517,107.336,138.708,113.159,135.37,124.824,110.209,115.434,111.4,116.017,121.248,113.23,105.646,107.935,107.615,108.005,112.614,113.406,110.436,113.225,117.414,114.547,96.2549,98.0867,99.3177,102.883,104.695,102.694,108.674,109.252,107.336
61.6117,59.2368,59.5399,76.3217,56.6392,80.9938,72.45,52.345,69.6563,46.6154,72.1388,90.6035,88.5268,68.593,88.7694,93.1933,82.8794,79.0759,72.4224,56.7186,78.0897,53.6656,68.9638,75.6108,57.1402,73.7835,52.5547,86.4002,81.5843,65.215,176.664,174.542,176.366,174.385,181.177,177.158,181.86,183.698,181.797,157.099,156.064,157.785,156.285,159.665,161.385,160.378,158.902,163.11,160.655,163.857,165.711,163.294,164.542,162.89,159.806,167.601,161.4,169.145,163.003,171.479,144.516,141.739,139.086,146.168,140.801,144.267,141.662,148.661,145.962,110.454,106.794,142.056,112.486,139.23,132.608,110.318,115.261,111.759,115.966,120.934,113.952,109.932,112.508,112.77,113.6,117.72,118.596,116.276,118.962,123.004,120.768,105.513,107.448,108.24,111.683,113.6,112.294,117.004,118.406,117.154
53.2541,51.5461,51.4296,68.0955,48.1664,72.7186,64.846,43.8634,61.2209,38.8973,63.6553,82.201,80.0562,60.1082,80.9938,84.9058,74.411,70.8308,64.0703,50.0899,71.3442,45.6946,60.8276,68.0074,51.0392,65.5134,44.9222,79.0759,74.6726,56.8595,174.063,171.735,173.519,171.33,178.474,174.049,178.899,180.701,178.6,155.332,154.208,155.872,154.237,157.813,159.477,158.382,156.774,161.149,158.474,161.756,163.67,161.037,164.104,162.188,158.902,167.027,160.431,168.505,161.969,170.742,143.224,140.207,137.306,144.807,138.957,142.636,139.786,147.201,144.267,111.212,107.299,140.869,113.071,137.801,129.356,110.535,115.624,111.866,116.276,121.38,113.899,108.227,110.68,110.675,111.306,115.663,116.503,113.877,116.619,120.739,118.207,101.514,103.407,104.403,107.912,109.786,108.157,113.464,114.49,112.929
57.6888,55.9732,55.0727,72.5603,52.4976,77.1751,69.2604,48.0833,65.2993,43.3244,67.9412,86.6083,84.386,64.3817,85.44,89.3588,78.7464,75.2928,68.5055,54.231,75.5381,50.1597,65.2993,72.4224,55,69.9714,49.3356,83.4326,78.9177,61.2944,176.664,174.428,176.23,174.132,181.122,176.876,181.662,183.48,181.466,157.544,156.461,158.152,156.579,160.066,161.756,160.702,159.154,163.453,160.879,164.125,166.012,163.478,165.68,163.893,160.705,168.671,162.265,170.182,163.835,172.467,145.207,142.302,139.517,146.823,141.198,144.779,142.042,149.265,146.441,112.161,108.374,142.801,114.11,139.846,132.231,111.759,116.778,113.146,117.456,122.495,115.261,110.386,112.898,113.018,113.741,117.992,118.849,116.362,119.08,123.167,120.768,104.695,106.607,107.517,111,112.894,111.4,116.456,117.644,116.211
13,22.8035,17.8885,28.2843,5.38516,32.0156,32.8938,2.23607,19.3132,18.9737,20.5183,39.8246,37.0135,16.9706,45.0444,43.6578,31.4006,30.5941,22.8035,33.0151,46.1411,16.2788,23.0868,35.4401,37.7359,25.318,20.8087,47.5395,47.4236,16.1245,166.292,162.936,164.438,161.199,169.994,163.518,169.009,170.552,167.431,152.751,151.212,152.502,150.233,154.674,155.974,154.467,152.227,157.29,153.574,157.137,159.289,155.621,167.908,164.754,160.59,170.038,161.719,171.129,162.865,172.795,143.694,139.617,135.602,144.845,136.821,141.4,137.437,146.605,142.611,123.665,118.903,142.004,124.595,137.877,120.241,120.553,125.936,121.264,126.289,131.674,122.385,109.078,110.675,109.289,108.812,114.039,114.621,110.603,113.406,117.614,113.701,90.5207,91.9674,94.0479,97.591,99.0353,95.6713,103.947,102.728,99.4887
21.5407,33.3017,8.06226,35.2278,13.4164,38,42.4853,8.48528,17.2047,29.0689,22.8035,43.4166,39,19.4165,52.9528,48.5077,33.8378,37.054,29.0689,43.6005,56.3028,26.9072,31.6228,44.7772,48.2597,32.249,31.4006,56.648,57.3062,23.7697,176.867,173.485,174.977,171.703,180.546,174.003,179.513,181.044,177.882,163.377,161.839,163.132,160.863,165.303,166.604,165.097,162.856,167.92,164.201,167.765,169.918,166.244,178.398,175.285,171.143,180.56,172.285,181.665,173.442,183.349,154.263,150.207,146.209,155.425,147.435,152.003,148.054,157.201,153.222,133.462,128.752,152.552,134.48,148.449,130.832,130.545,135.93,131.309,136.308,141.693,132.503,119.57,121.202,119.854,119.403,124.619,125.208,121.211,124.016,128.226,124.326,101.119,102.552,104.652,108.19,109.622,106.217,114.551,113.278,109.986
24.6982,26.0192,29,39.8121,19.8494,44.2945,39.0512,16.5529,34.4384,14.8661,35.4683,53.6004,51.6236,32.0156,54.1295,56.4358,45.9674,42.4853,35.5106,30.4138,49.0306,19.0263,32.8938,42.107,33.8378,37.1214,20.3961,54.0093,51.4782,28.3019,164.012,161.012,162.631,159.762,168.003,162.25,167.538,169.189,166.433,148.492,147.085,148.519,146.455,150.629,152.069,150.695,148.661,153.522,150.147,153.639,155.724,152.398,161.604,158.836,154.932,164.012,156.205,165.239,157.493,167.108,138.293,134.536,130.863,139.603,132.246,136.561,132.944,141.598,137.931,114.237,109.659,136.36,115.451,132.548,118.004,111.803,117.171,112.712,117.618,122.984,114.127,103.078,104.995,104.062,103.966,108.977,109.659,106.066,108.894,113.137,109.659,88.4816,90.1388,91.8368,95.4411,97.0824,94.3398,101.607,101.242,98.6154
43.6807,47.0425,35,59.203,36.7696,63.2456,60.0083,31.305,46.8615,35.5106,51.1077,71.1126,67.7422,47.5079,74.6726,75.0267,62.2656,61.6847,54.0833,50.2892,69.8713,40,52.9528,63.0317,52.9245,56.3205,41.3038,75,72.4431,47.1275,181.665,178.933,180.624,178.017,185.841,180.602,185.734,187.449,184.938,164.657,163.377,164.924,163.049,166.964,168.514,167.263,165.415,170.074,167.003,170.414,172.43,169.402,175.642,173.312,169.712,178.331,171.12,179.694,172.54,181.761,153.483,150.073,146.755,154.935,148.273,152.306,149.037,157.137,153.808,124.868,120.652,151.327,126.479,147.868,136.004,123.458,128.705,124.619,129.275,134.525,126.4,118.14,120.341,119.854,120.104,124.844,125.607,122.442,125.252,129.468,126.4,106.944,108.706,110.145,113.741,115.486,113.146,119.708,119.883,117.631
35.7351,46.3249,13.9284,49.4975,27.5136,52.0865,56.4624,21.9317,28.8617,39.6232,36.1248,56.5685,51.4198,33.0151,67.2681,62.1289,46.6905,51.2445,43.2897,55.1725,69.8355,39.4081,45.8803,58.8727,59.4138,46.5296,43.2782,70.8378,71.1126,38.0789,189.275,186.038,187.579,184.448,193.08,186.815,192.255,193.83,190.801,174.828,173.358,174.725,172.557,176.867,178.241,176.799,174.657,179.627,176.071,179.605,181.728,178.213,188.672,185.801,181.816,191.01,183.044,192.2,184.285,194.01,165.076,161.199,157.385,166.331,158.701,163.132,159.364,168.241,164.438,141.439,136.894,163.221,142.695,159.298,143.178,139.086,144.451,140.004,144.903,150.266,141.421,130,131.822,130.729,130.484,135.591,136.235,132.458,135.281,139.517,135.831,113.455,114.978,116.932,120.507,122.025,118.849,126.811,125.877,122.801
41.2311,38.8973,43.4166,55.7584,36.8782,60.4649,52.2015,33.2866,51.1077,26.2488,52.4976,70.2922,68.593,49.0408,68.352,72.6705,62.9365,58.5235,52.0096,38.0132,59.0762,33.1059,48.3735,55.3624,39.4588,53.2541,32.28,66.4906,62.2896,44.8219,165.68,163.11,164.842,162.413,169.956,165.061,170.074,171.828,169.499,148.054,146.82,148.405,146.605,150.416,152.003,150.801,149.03,153.6,150.659,154.029,156.013,153.118,158.55,156.285,152.742,161.276,154.175,162.659,155.621,164.757,136.62,133.304,130.096,138.105,131.655,135.591,132.439,140.357,137.131,107.703,103.465,134.417,109.293,131.046,120.354,106.254,111.503,107.415,112.071,117.324,109.202,101.316,103.586,103.233,103.6,108.231,109.018,106.019,108.812,113.004,110.114,91.7878,93.6216,94.8472,98.4124,100.225,98.2344,104.202,104.785,102.883
19.105,8.60233,39.8246,28.6007,21.8403,33.6006,21.5407,24.1868,37.2156,5.09902,33.2415,44.9444,45.6946,31.0161,38.0132,45.3431,40.4969,31.4006,27.313,11.3137,29.2746,7,20.8087,24.6982,15.8114,26.9258,2.23607,35.6931,32.0156,21.587,145.454,142.274,143.84,140.801,149.305,143.22,148.6,150.207,147.299,131.137,129.634,130.969,128.763,133.124,134.469,133.004,130.832,135.831,132.231,135.772,137.902,134.358,145.962,142.836,138.698,148.111,139.846,149.215,141.014,150.904,121.828,117.801,113.851,123.004,115.109,119.633,115.745,124.808,120.88,102.357,97.5295,120.104,103.16,116.017,99.3579,98.9798,104.355,99.6243,104.676,110.055,100.658,87.1321,88.7525,87.4185,87.0057,92.2009,92.8009,88.8651,91.6788,95.901,92.0978,69.6563,71.218,73.1095,76.6942,78.2432,75.213,82.9759,82.201,79.3221
17.8045,31.4006,8.60233,29.8329,10.8167,32.1403,38.833,9,10.6301,29.8329,16.2788,36.8782,32.311,13.0384,47.8017,42.19,27.2029,31.4006,23.5372,42.9418,53.2635,25.9422,27.2947,40.8167,47.8539,26.9258,30.8707,52.3259,53.8238,19.2354,174.657,171.143,172.586,169.177,178.213,171.406,176.98,178.466,175.171,162.003,160.415,161.645,159.298,163.835,165.076,163.518,161.199,166.331,162.484,166.066,168.241,164.438,177.868,174.591,170.344,179.903,171.421,180.945,172.514,182.538,153.395,149.215,145.086,154.486,146.24,150.904,146.823,156.157,152.053,134.48,129.692,151.793,135.359,147.567,128.763,131.244,136.624,131.913,136.956,142.338,132.966,119.08,120.569,119.038,118.431,123.713,124.258,120.104,122.886,127.063,123.004,99.1564,100.499,102.728,106.217,107.564,103.947,112.61,111.018,107.517
30.0167,42.45,5.09902,42.45,22.2036,44.5533,51.1077,17.6918,20.2237,38.0789,28.0179,48.1664,42.7551,25.1794,60.4401,54,38.2099,43.9318,36.1386,52.8015,65.215,36.1248,39.8121,53.2353,57.4282,39.5601,40.6079,64.8845,66.0379,31.7805,186.035,182.631,184.114,180.812,189.694,183.096,188.621,190.142,186.947,172.595,171.058,172.351,170.082,174.522,175.824,174.316,172.073,177.138,173.416,176.98,179.134,175.454,187.523,184.44,180.314,189.708,181.463,190.822,182.628,192.52,163.444,159.402,155.416,164.615,156.646,161.208,157.267,166.4,162.432,142.088,137.419,161.719,143.171,157.632,140.014,139.316,144.7,140.118,145.097,150.479,141.365,128.701,130.357,129.035,128.6,133.81,134.402,130.419,133.225,137.437,133.544,110.309,111.732,113.846,117.38,118.802,115.365,123.746,122.43,119.097
36.0694,49.8197,10.2956,46.0652,29.2062,47.1699,56.8507,25.9422,21.1896,47.0106,30.0832,48.3735,42.0476,28.178,63.9766,54.9181,38.4708,47.0106,39.8246,61.0574,71.5052,44.1022,45,58.6003,65.8635,43.4166,48.8774,69.6419,71.8401,37.0135,193.052,189.51,190.94,187.491,196.581,189.694,195.29,196.759,193.414,180.413,178.832,180.069,177.73,182.258,183.505,181.951,179.636,184.765,180.923,184.505,186.679,182.877,196.023,192.816,188.608,198.114,189.708,199.181,190.822,200.808,171.68,167.538,163.444,172.795,164.615,169.257,165.206,174.496,170.423,151.489,146.779,170.038,152.506,165.855,147.187,148.556,153.942,149.308,154.315,159.7,150.479,137.201,138.755,137.295,136.741,142.004,142.562,138.452,141.241,145.427,141.4,117.593,118.929,121.165,124.652,125.992,122.348,131.046,129.418,125.873
24.6982,39.3573,9.43398,32.7567,19.6469,33.6155,44.5533,19.0263,7.61577,39.4588,16.5529,35.0571,29.0689,15,50.5371,41.4367,25.0799,33.541,26.6271,51.6236,59.4643,34.7851,32.5269,46.0109,56.648,30.2324,39.8497,56.6127,59.4138,24.8395,181.218,177.553,178.933,175.362,184.621,177.496,183.142,184.567,181.108,169.499,167.863,169.027,166.604,171.234,172.409,170.801,168.404,173.6,169.623,173.22,175.414,171.479,186.118,182.705,178.37,188.043,179.388,189.029,180.422,190.539,161.385,157.099,152.856,162.41,153.938,158.685,154.486,163.982,159.765,143.84,139.014,159.881,144.641,155.554,135.591,140.428,145.798,141.039,146.103,151.476,142.004,127.456,128.825,127.142,126.4,131.727,132.231,127.945,130.698,134.833,130.633,106.212,107.448,109.809,113.23,114.477,110.635,119.633,117.686,113.952
12.083,24.8395,14.8661,26.0192,4.24264,29.1548,33.121,4.24264,13.9284,23.3452,15.8114,35.8469,32.45,12.2066,43.566,40.2616,26.9258,28.0179,20.025,36.2353,47.2017,19.2354,22.1359,35.3412,41.1461,23.0217,24.1661,47.1699,48.0208,14.3178,168.297,164.83,166.292,162.936,171.898,165.194,170.742,172.247,169.009,155.416,153.838,155.081,152.751,157.267,158.521,156.975,154.674,159.79,155.974,159.552,161.722,157.953,171.172,167.908,163.67,173.217,164.754,174.264,165.855,175.866,146.728,142.562,138.452,147.828,139.617,144.267,140.207,149.513,145.427,127.883,123.081,145.114,128.736,140.901,122.348,124.595,129.973,125.252,130.3,135.68,126.289,112.379,113.877,112.361,111.772,117.047,117.597,113.464,116.25,120.433,116.4,92.6984,94.0691,96.2601,99.7647,101.139,97.591,106.151,104.661,101.237
10.2956,16.6433,24.1868,25.632,7.07107,29.9666,27.6586,8.60233,23.1948,13.1529,21.9545,39.2046,37.5366,18.7883,41.1096,42.0595,31.8904,28.2312,21.095,26.6271,40.2492,9.89949,19.2354,30.4138,31.3847,22.8473,14.4222,42.5793,41.7852,13.8924,159.962,156.63,158.142,154.932,163.686,157.267,162.742,164.295,161.208,146.349,144.81,146.103,143.837,148.273,149.576,148.071,145.836,150.894,147.187,150.748,152.899,149.241,161.555,158.382,154.208,163.67,155.332,164.754,156.474,166.412,137.306,133.222,129.201,138.452,130.419,135,131.034,140.207,136.209,117.72,112.929,135.624,118.596,131.488,113.899,114.49,119.871,115.169,120.208,125.591,116.245,102.728,104.307,102.903,102.416,107.648,108.227,104.202,107.005,111.212,107.299,84.1724,85.6329,87.6926,91.2414,92.6984,89.3756,97.591,96.4261,93.2363
19.6977,34.5398,13.1529,26.9258,16,27.8568,38.9487,17.088,2,36.0139,10.7703,30.0167,24.5153,9.21954,44.7214,36.1248,20.025,27.7308,20.8087,47.1275,53.9073,30.5941,26.9072,40.3113,52.2015,24.4131,35.6931,50.8035,53.7401,19.4165,175.642,171.945,173.312,169.712,179.011,171.828,177.485,178.899,175.414,164.195,162.542,163.683,161.236,165.895,167.048,165.424,163.003,168.217,164.201,167.8,170,166.027,181.135,177.654,173.28,183.003,174.27,183.962,175.277,185.432,156.285,151.954,147.665,157.28,148.718,153.496,149.251,158.808,154.548,139.714,134.852,154.829,140.431,150.456,130.096,136.125,141.481,136.682,141.76,147.122,137.568,122.577,123.879,122.119,121.314,126.657,127.142,122.801,125.539,129.653,125.399,100.802,102.005,104.403,107.801,109.018,105.119,114.202,112.161,108.374
29.2746,38.4708,14.4222,44,21.095,47.1699,49.3356,15.1327,26.9258,31.1127,32.573,53.1601,48.8467,29.1204,61.2944,58.0517,43.6578,46.0435,38.0526,46.7547,62.1691,31.3847,39.4588,51.923,50.9117,41,35,64.0312,63.6946,32.0624,180.923,177.73,179.287,176.207,184.765,178.6,184.011,185.602,182.628,166.292,164.83,166.208,164.055,168.345,169.729,168.297,166.172,171.126,167.598,171.126,173.243,169.759,180.069,177.2,173.22,182.409,174.451,183.6,175.696,185.413,156.486,152.62,148.822,157.747,150.147,154.564,150.814,159.665,155.878,133.015,128.445,154.625,134.239,150.712,134.826,130.587,135.956,131.488,136.4,141.767,132.883,121.4,123.227,122.147,121.918,127.016,127.664,123.907,126.732,130.969,127.311,105.119,106.668,108.577,112.161,113.701,110.603,118.444,117.614,114.621
27.5136,42.3792,15.6205,32.5576,24.0208,32.45,45.8039,24.5153,8.544,44.0454,16.2788,31.7805,25.1794,16.1245,49.6488,38.6005,22.1359,32.8024,26.9072,55.0818,60.803,38.6394,33.8378,46.8615,60.1664,30.4138,43.7379,56.6392,60.3075,26.8328,182.332,178.55,179.878,176.185,185.607,178.241,183.935,185.311,181.728,171.421,169.744,170.848,168.363,173.066,174.184,172.534,170.074,175.317,171.234,174.837,177.045,173.003,188.725,185.181,180.768,190.539,181.728,191.471,182.705,192.899,163.768,159.389,155.048,164.73,156.064,160.879,156.579,166.208,161.895,147.733,142.864,162.361,148.432,157.943,137.004,144.101,149.452,144.641,149.723,155.081,145.499,130.269,131.518,129.692,128.825,134.183,134.648,130.25,132.97,137.058,132.74,107.898,109.041,111.503,114.856,116.017,112.004,121.248,119.017,115.109
29.4109,44.2719,16.9706,33.9411,26.0192,33.6006,47.4342,26.4764,10.4403,46.0435,17.8045,32.28,25.4951,17.8885,50.8035,39.2173,22.8473,34.0588,28.4253,57.0088,62.426,40.6079,35.5106,48.4149,62.0967,31.8904,45.7056,58,61.8466,28.6356,183.861,180.056,181.373,177.654,187.11,179.694,185.397,186.762,183.153,173.104,171.421,172.514,170.018,174.734,175.841,174.184,171.712,176.963,172.861,176.465,178.676,174.614,190.518,186.955,182.529,192.315,183.48,193.238,184.448,194.654,165.529,161.137,156.78,166.481,157.785,162.61,158.294,167.943,163.615,149.683,144.81,164.137,150.373,159.706,138.6,146.031,151.38,146.564,151.648,157.003,147.411,132.098,133.33,131.484,130.599,135.96,136.418,132.004,134.718,138.798,134.462,109.554,110.68,113.159,116.499,117.644,113.6,122.886,120.603,116.662
