0,27.2029,27.6586,17.0294,7.81025,20.2237,29.8329,11.4018,34.0588,61.0328,33.2415,42.4853,36.4005,45.1774,66.1891,54.7083,29.7321,87.0919,89.4707,83.1685,87.0517,74.2428,71.8401,63.1506,98.7168,86.764,106.066,77.7946,79.3977,93.9415,130.465,135.532,140.698,130.752,86.1626,86.9253,89.6939,92.7038,93.5201,89,98.8989,95.7131,91.3017,93.9415,114.586,117.414,154.302,169.85,163.273,132.774,151.529,153.951,139.521,113.846,125.642,138.928,156.08,176.298,170.135,134.466,113.649,134.373,148.933,145.399,140.431,140.528,127.883,120.441,131.883,115.378,115.135,106.283,142.948,165.124,185.569,157.892,178.941,141.993,134.38,128.95,118.106,141.662,147.648,142.338,146.492,161.137,165.68,130.668,163.169,133.297,132.774,130.384,119.218,124.31,135.03,119.403,175.026,134.529,149.094,119.281
27.2029,0,52.6972,26.5707,34.0147,25.9422,16.5529,29.8329,10,36.4005,6.08276,16.2788,9.43398,22.4722,39.6611,29,2.82843,68.0074,71.7008,62.9682,61.9839,58,51.3128,41.1825,76.5572,86.8332,104.048,69.857,72.8011,94.0479,104.043,109.073,114.158,104.173,59.0931,59.9333,62.6498,65.7419,66.6483,62.2656,72.0069,69.1158,64.8999,67.4166,91.0494,93.8616,129.449,142.678,136.125,105.721,124.326,127.424,113.851,86.8159,99.8098,111.79,129.294,149.723,143.951,109.622,87.1321,107.201,121.807,118.309,113.741,113.596,100.688,94.0319,105.683,89.6437,87.9318,79.1202,119.004,138.571,159.223,130.729,152.053,117.38,110.752,101.98,91.2414,115.378,120.748,115.135,119.331,134.629,139.521,105.119,136.132,106.677,105.702,103.247,92.0272,97.1442,107.838,92.3093,149.03,108.6,122.642,93.723
27.6586,52.6972,0,42.4853,19.8494,46.0652,57.4891,23.2594,56.8595,81.2527,58.3095,68.8186,62.1289,65.2534,92.358,81.4002,55.4707,99.6092,100.449,97.1288,106.532,85,87.0057,80.5047,114.018,79.9062,99.7246,80.0562,80.1311,86.3713,151.42,156.518,161.83,152.082,111.414,112.379,115.004,118.207,119.202,114.909,124.531,121.795,117.597,120.108,142.13,144.959,181.571,194.34,187.949,155.589,175.482,180.094,166.4,139.119,152.411,163.719,181.835,202.371,196.644,161.722,139.818,157.889,172.029,170.394,166.355,166.003,151.714,146.728,158.373,142.201,139.316,131.046,170.449,191.23,211.917,181.221,204.472,169.331,161.929,154.353,143.757,168.074,173.185,166.388,169.85,187.302,192.211,157.61,185.723,159.327,157.867,155.206,143.673,148.977,159.411,144.451,201.695,161.236,175.328,146.209
17.0294,26.5707,42.4853,0,23.7697,3.60555,18.9737,28.0713,36.2491,62.9365,32.0156,37.054,33.2415,48.7545,59.439,47.2969,27.8927,93.8136,97.0824,89.0674,88.295,82.6196,77.4145,67.5426,103.078,101.951,120.83,90.2109,92.358,109.202,129.139,134.093,139.032,129.035,80.4114,80.8084,83.7437,86.3481,86.8332,82.0061,92.1792,88.2326,83.4865,86.3308,102.801,105.603,143.391,163.954,157.175,129.387,146.509,145.619,129.769,107.448,116.276,132.91,148.408,167.943,160.997,123.713,105.688,130.115,145,139.014,132.608,133.454,123.321,112.161,123.065,105.991,110.318,100.807,131.21,156.78,176.664,153.584,171.47,130.92,122.442,122.123,111.018,132.914,140.407,137.295,142.274,152.712,156.525,120.83,159.706,125.355,126.384,124.427,113.952,118.663,129.634,113.265,165.529,125.22,140.631,109.59
7.81025,34.0147,19.8494,23.7697,0,27.2029,37.6431,9.43398,39.8121,66.1211,39.9249,49.7393,43.382,50.04,73.4302,62.1289,36.6742,89.8443,91.7606,86.3481,92.0489,76.3217,75.3127,67.2681,102.421,83.863,103.465,77.3369,78.5175,90.9175,136.066,141.152,146.373,136.473,93.1075,93.9415,96.6644,99.7447,100.623,96.1769,105.991,102.956,98.6154,101.213,122.348,125.176,161.969,176.618,170.097,138.975,158.114,161.245,147.054,120.83,133.135,145.774,163.248,183.576,177.553,142.127,120.934,140.801,155.242,152.315,147.648,147.597,134.406,127.769,139.284,122.886,121.758,113.088,150.695,172.409,192.938,164.283,186.046,149.683,142.144,135.989,125.22,149.04,154.742,148.946,152.882,168.44,173.104,138.221,169.319,140.545,139.714,137.233,125.936,131.103,141.739,126.317,182.497,142.004,156.416,126.827
20.2237,25.9422,46.0652,3.60555,27.2029,0,16.2788,31,35.8469,62.0322,31.0161,35.0143,31.7805,48.3735,56.8859,44.7214,26.9258,93.7443,97.2008,88.8369,87.0919,82.9759,77.1751,67.1193,102.46,104.062,122.772,91.526,93.8136,111.328,127.318,132.242,137.131,127.142,77.9295,78.2624,81.2158,83.7437,84.1724,79.3095,89.4986,85.44,80.6536,83.5225,99.4032,102.201,140.064,161.301,154.496,127.193,144.014,142.618,126.59,104.785,113.159,130.269,145.499,164.924,157.877,120.416,102.786,127.769,142.688,136.308,129.692,130.648,120.934,109.202,120.017,102.883,107.912,98.3107,127.801,153.769,173.566,151.199,168.573,127.581,119.017,119.369,108.24,129.865,137.568,134.807,139.918,149.693,153.405,117.648,157.458,122.43,123.693,121.807,111.463,116.103,127.098,110.635,162.361,122.102,137.615,106.438
29.8329,16.5529,57.4891,18.9737,37.6431,16.2788,0,37.5766,25.807,48.8774,19.105,19.4165,18.0278,37.4833,40.6079,28.4429,15.8114,82.8794,86.977,77.4661,72.8011,73.8783,65.9469,55.4437,89.6939,102.772,120.333,86.406,89.3197,110.023,111.647,116.52,121.334,111.364,61.6604,61.9839,64.9384,67.4685,67.9117,63.0635,73.2462,69.2604,64.5136,67.3573,85.0412,87.8635,125.208,145.041,138.246,111.072,127.738,126.716,111.14,88.5268,97.5295,114.004,129.449,149.054,142.239,105.437,86.7295,111.544,126.479,120.071,113.653,114.481,104.69,93.2309,104.216,87.2353,91.6624,82.0366,113.455,137.884,157.867,134.952,152.506,112.801,104.805,103.16,92.0489,114.061,121.433,118.533,123.685,133.825,137.768,102.215,141.287,106.405,107.448,105.537,95.1893,99.8248,110.82,94.3663,146.86,106.471,121.742,90.9175
11.4018,29.8329,23.2594,28.0713,9.43398,31,37.5766,0,33.6155,58.6941,35.2278,46.0977,39.2046,42.5793,69.4046,58.7963,32.6497,80.7775,82.5409,77.4661,84.3801,67.0671,66.6108,59.0085,93.771,75.591,95.0158,68.0147,69.2965,82.7345,128.891,133.989,139.262,129.437,88.193,89.1852,91.7878,95.0158,96.0417,91.8096,101.356,98.737,94.6256,97.0824,120.416,123.24,159.226,171.094,164.694,132.563,152.279,157,143.68,115.884,129.63,140.46,158.647,179.246,173.678,139.388,116.765,134.737,148.96,147.136,143.21,142.78,128.515,123.709,135.429,119.474,116.078,107.787,148.553,168.119,188.876,158.114,181.246,147.105,140.186,131.126,120.569,145.086,149.967,143.171,146.731,164.21,169.257,134.952,162.782,136.213,134.614,131.947,120.42,125.718,136.165,121.198,178.807,138.405,152.266,123.556
34.0588,10,56.8595,36.2491,39.8121,35.8469,25.807,33.6155,0,27.2947,7.28011,17.4642,11,12.53,37.5366,29.0689,10,58.0086,61.7171,53,53.2353,48.1664,41.3401,31.305,66.8506,80.0999,96.5091,61.3514,64.56,87.2067,96.421,101.494,106.677,96.7471,54.9181,56.0357,58.5235,61.8547,63.0079,59.0339,68.2422,66.0681,62.2896,64.5368,91.2688,94.0319,128.144,137.481,131.095,99.2018,118.68,124.036,111.759,82.4924,97.6217,106.888,125.399,146.168,141.032,108.467,84.0238,101.193,115.521,113.6,110.114,109.417,94.921,91.0494,102.942,87.6812,82.4621,74.2428,118.6,135.093,156.013,124.619,147.851,116.387,110.68,97.7548,87.367,112.446,116.619,109.563,113.225,131.244,136.653,103.238,129.522,103.228,101.119,98.387,86.8159,92.1358,102.552,87.7097,146.349,106.217,119.403,91.9348
61.0328,36.4005,81.2527,62.9365,66.1211,62.0322,48.8774,58.6941,27.2947,0,31.0161,31.1448,30.8869,16.1245,32.0624,33.1059,35.1141,36.0555,41.1825,30,26.0192,32.3883,19.6977,10.0499,40.8167,79.404,91.5478,54.4518,58.6941,85.6154,70.214,75.3127,80.604,70.8308,38.9487,40.7063,42.19,45.793,47.5079,45.1885,51.8652,51.8845,49.7695,50.9902,83.9345,86.4002,115.248,115.248,109.293,74.8465,95.7706,106.075,97.3499,63.6553,83.5284,85.8021,106.217,127.405,123.843,96.6023,68.2422,77.8267,91.3893,92.8009,91.9348,89.9389,72.2011,75.213,87.2009,74.7061,60.803,54.4518,108.337,116.692,137.902,100.722,127.613,104.657,101.592,78.5175,69.4262,95.901,97.0824,86.954,89.4707,113.137,119.67,89.6939,104.676,85.703,80.9197,77.6209,65.6049,71.218,80.7094,67.9412,129.634,91.2634,101.912,79.177
33.2415,6.08276,58.3095,32.0156,39.9249,31.0161,19.105,35.2278,7.28011,31.0161,0,11.6619,4.47214,18.3848,34.2053,24.2074,4.12311,63.8905,67.897,58.6003,56.2939,54.8179,47.0106,36.6197,71.5542,87.2067,103.755,68.6222,71.8401,94.3398,98.0204,103.044,108.116,98.1275,53.2259,54.1202,56.7979,59.9416,60.9016,56.6039,66.242,63.5138,59.4054,61.8547,86.6083,89.4036,124.451,136.704,130.173,99.6393,118.296,121.795,108.577,80.9568,94.4934,105.849,123.548,144.062,138.452,104.661,81.5414,101.139,115.732,112.401,108.046,107.782,94.6414,88.4816,100.21,84.386,81.9085,73.1642,114.337,132.925,153.652,124.664,146.25,112.486,106.212,96.1509,85.4751,109.859,114.948,109.11,113.265,129.004,134.034,99.905,130.05,101.02,99.8098,97.3088,86.0349,91.1811,101.843,86.406,143.6,103.233,117.047,88.5268
42.4853,16.2788,68.8186,37.054,49.7393,35.0143,19.4165,46.0977,17.4642,31.1448,11.6619,0,7.2111,24.0416,23.7065,12.7279,13.4536,66.7083,71.4003,60.8769,53.7122,59.9416,49.8197,39.2046,71.6101,97,112.752,76.6877,80.2309,104.019,92.3472,97.2522,102.122,92.1358,43.9659,44.5982,47.4342,50.3289,51.0784,46.5188,56.4624,53.2353,48.8774,51.4782,75,77.801,113.172,127.781,121.116,92.3472,109.882,111.508,97.6166,71.5122,83.6002,96.7678,113.596,133.843,127.863,93.3488,71.1969,93.2148,108.046,103.121,97.949,98.0867,86.4928,78.032,89.5879,73.4098,73.5459,64.2884,102.825,122.674,143.21,116.726,136.473,101.119,94.6414,86.539,75.6439,99.3227,105.19,100.663,105.38,118.701,123.422,88.8651,122.691,90.824,90.4765,88.2326,77.3692,82.28,93.145,77.1622,132.88,92.4175,106.677,77.4661
36.4005,9.43398,62.1289,33.2415,43.382,31.7805,18.0278,39.2046,11,30.8869,4.47214,7.2111,0,20.2485,30.2324,19.8494,6.7082,65.0692,69.3542,59.5483,55.3624,56.8595,48.1041,37.5366,71.6938,91.0879,107.355,71.8401,75.1864,98.1835,96.0208,101.005,106.005,96.0052,49.7695,50.5668,53.3104,56.3649,57.2451,52.8394,62.6099,59.6825,55.4707,57.9828,82.201,85,120.216,133.462,126.874,97.0155,115.248,117.992,104.484,77.4726,90.4268,102.528,119.883,140.293,134.525,100.409,77.6981,98.27,112.969,109.005,104.317,104.216,91.6788,84.5991,96.2601,80.2808,78.848,69.8928,109.986,129.139,149.79,121.807,142.664,108.208,101.828,92.6121,81.8413,105.948,111.36,106.042,110.422,125.196,130.096,95.7758,127.424,97.2471,96.3846,93.984,82.8613,87.9204,98.6712,83.006,139.617,99.2018,113.208,84.386
45.1774,22.4722,65.2534,48.7545,50.04,48.3735,37.4833,42.5793,12.53,16.1245,18.3848,24.0416,20.2485,0,36.7696,32.0624,22.0227,45.607,49.5177,40.4969,42.0119,36.6197,28.8444,18.7883,54.4243,74.3303,89.202,52.7731,56.4358,81.1542,86.3134,91.4112,96.6902,86.885,50.2096,51.6624,53.7401,57.28,58.7282,55.4437,63.6396,62.482,59.4054,61.2209,91.2853,93.9415,125.801,130.177,124.036,90.4765,110.923,119.097,108.577,76.8375,94.4934,100.17,119.808,140.869,136.561,106.508,79.9312,93.1075,106.977,107.07,104.995,103.6,87.2067,87,99.0353,85,75.2928,68.0074,117.478,129.958,151.093,116.245,141.736,114.547,110.059,92.0054,82.2192,108.19,110.802,101.966,104.924,126.254,132.276,100.424,120.503,98.4124,94.8683,91.8096,79.925,85.44,95.3834,81.6088,142.144,102.728,114.691,89.4036
66.1891,39.6611,92.358,59.439,73.4302,56.8859,40.6079,69.4046,37.5366,32.0624,34.2053,23.7065,30.2324,36.7696,0,12.1655,36.8917,65.7875,71.4703,59.4643,43.2782,64.3817,50.9902,42.107,64.6375,110.023,123.26,86.1452,90.2718,116.559,73.4983,78.1025,82.5651,72.7805,21.095,21.3776,24.3311,26.9258,27.5136,22.8473,32.8938,29.5296,25.2389,27.7849,54.5619,57.2451,90.6091,104.547,97.8008,71.0634,87.1321,87.818,74.411,48.0833,60.3075,73.4983,89.8999,110.145,104.293,70.9366,47.5079,71.1126,86.093,79.6994,74.2428,74.4648,64.195,54.3783,66.0303,50.2494,51.1566,41.4367,81.2712,98.9798,119.57,94.4299,112.805,78.8733,73.5731,62.9682,52,75.7166,81.5414,77.9295,83.2166,95.0158,99.8649,65.7951,101.02,67.1193,67.0522,65,54.5894,59.2284,70.214,53.8516,109.403,69.029,83.006,54.4518
54.7083,29,81.4002,47.2969,62.1289,44.7214,28.4429,58.7963,29.0689,33.1059,24.2074,12.7279,19.8494,32.0624,12.1655,0,26.1725,68.9638,74.2428,62.7694,50.6063,64.846,52.8015,42.72,70.7248,106.381,121.066,84.2912,88.1419,113.217,84.7231,89.4427,94.0479,84.1724,33.2415,33.541,36.4966,39.0512,39.5601,34.7851,44.9222,41.2311,36.6742,39.3954,62.426,65.215,100.449,116.662,109.895,83.006,99.2975,99.2975,85,60.1664,71.0282,85.6154,101.637,121.655,115.434,80.6226,59.0339,83.2166,98.1835,91.7606,85.9069,86.3771,76.3217,65.7647,77.1751,60.803,63.2851,53.6004,90.1388,110.476,130.863,106.569,124.615,88.3912,82.0061,74.9466,63.9062,86.954,93.4077,90.0944,95.3362,106.471,110.982,76.2168,113.071,78.721,79.1202,77.1298,66.7533,71.3863,82.3772,65.9697,120.37,79.8812,94.414,64.8151
29.7321,2.82843,55.4707,27.8927,36.6742,26.9258,15.8114,32.6497,10,35.1141,4.12311,13.4536,6.7082,22.0227,36.8917,26.1725,0,67.624,71.5052,62.426,60.4152,58.1378,50.8035,40.4969,75.5844,88.5664,105.537,70.9366,74,95.7549,102.005,107.019,112.071,102.078,56.4624,57.2713,60.0083,63.0714,63.9531,59.5399,69.3181,66.3702,62.1289,64.6607,88.2383,91.0494,126.621,140.118,133.544,103.407,121.84,124.68,111.041,84.1724,97.0052,109.202,126.59,146.986,141.174,106.794,84.3801,104.785,119.436,115.694,111.018,110.923,98.2344,91.2688,102.903,86.8332,85.44,76.5506,116.181,135.831,156.461,128.32,149.372,114.551,107.935,99.3177,88.5494,112.606,118.068,112.641,116.927,131.883,136.741,102.303,133.821,103.942,103.078,100.658,89.493,94.578,105.304,89.6939,146.24,105.802,119.887,90.9065
87.0919,68.0074,99.6092,93.8136,89.8443,93.7443,82.8794,80.7775,58.0086,36.0555,63.8905,66.7083,65.0692,45.607,65.7875,68.9638,67.624,0,6,6.32456,29.6142,15.1327,16.9706,27.5862,17.4929,62.9682,67.9779,36.1248,40.3113,67.0075,65.192,69.6563,74.8131,67.2086,64.0078,66.0076,66.0303,69.1158,71.1126,71.007,73.5527,76.1052,76.0066,76.0263,111.018,113.071,134.766,119.004,114.477,76.6942,99.3579,118.962,116.09,79.6994,103.812,94.6678,116.97,137.594,136.883,118.457,88.0738,82.201,91.9348,101.548,105.603,101.533,79.0759,94.1116,104.995,97.1648,72.0902,70.6045,131.214,128.129,148.718,101.119,135,126.147,126.02,91.7878,86.0233,111.79,107.912,92.2009,91.351,125.3,133.27,110.114,101.671,101.02,92.1303,88.1192,76.9675,82.2922,88.5099,81.7068,143.126,109.768,115.871,101.435
89.4707,71.7008,100.449,97.0824,91.7606,97.2008,86.977,82.5409,61.7171,41.1825,67.897,71.4003,69.3542,49.5177,71.4703,74.2428,71.5052,6,0,12.1655,35.5106,15.5242,21.6333,32.2025,21.2132,58.7282,62.6498,32.45,36.4005,62.3699,69.2965,73.5935,78.6448,71.4493,70.0071,72.0069,72.0278,75.1066,77.1038,77.0065,79.511,82.0975,82.0061,82.0244,117.017,119.067,140.52,123.556,119.202,81.4002,104.019,124.338,121.84,85.44,109.659,99.8499,122.188,142.688,142.215,124.338,93.9415,87.0919,96.3328,106.677,111.086,106.888,84.22,99.925,110.725,103.097,77.6209,76.4003,137.117,133.36,153.834,105.418,139.846,132.004,131.973,97.3088,91.7606,117.393,113.177,97.0824,95.901,130.599,138.654,115.953,105.551,106.626,97.509,93.4719,82.4621,87.7268,93.6483,87.3155,148.476,115.521,121.334,107.355
83.1685,62.9682,97.1288,89.0674,86.3481,88.8369,77.4661,77.4661,53,30,58.6003,60.8769,59.5483,40.4969,59.4643,62.7694,62.426,6.32456,12.1655,0,24.3516,15.2643,11.6619,22.0227,17.2627,66.2193,72.6154,39.0512,43.4166,70.7248,63.0079,67.6757,72.9452,64.8151,58.0086,60.0083,60.1332,63.2851,65.2763,65.0077,67.897,70.2567,70.0071,70.1142,105.076,107.168,129.653,115.974,111.198,73.5527,96.2081,114.612,111,74.6726,98.4937,90.6973,112.898,133.701,132.593,113.031,82.7103,78.7464,89.1964,97.6524,101.074,97.2471,75.213,88.8876,99.96,91.5915,67.5352,65.4599,125.718,124.02,144.779,98.4937,131.503,120.785,120.354,87.2067,80.9938,107.019,103.774,88.7299,88.3912,121.078,128.891,104.809,99.6243,96.2549,87.818,83.863,72.4707,77.8974,84.6286,76.9675,138.798,104.676,111.364,95.901
87.0517,61.9839,106.532,88.295,92.0489,87.0919,72.8011,84.3801,53.2353,26.0192,56.2939,53.7122,55.3624,42.0119,43.2782,50.6063,60.4152,29.6142,35.5106,24.3516,0,37.4433,24.7588,26.5707,21.9317,89.5879,96.933,62.434,66.888,94.5145,45.2217,50.2892,55.6597,46.2385,35.6931,37.6563,37.2156,40.05,42.0476,42.5793,44.1022,47.0425,47.5184,47.1699,82.0975,84.0238,105.304,94.4934,89.1964,52.4309,74.6525,90.7359,86.6487,50.3289,74.2159,67.4759,89.4036,110.422,108.757,88.8426,58.4637,56.7274,68.7968,74.5185,77.026,73.4983,52.345,64.56,75.6108,67.6018,43.566,41.1096,101.607,100.439,121.4,78.2304,108.931,96.5401,96.5194,63.1348,56.648,82.7647,80.2122,66.5282,67.424,97.3499,104.957,80.5233,80.9568,72.0139,64.0703,60.2163,48.5489,54.0833,61.6198,52.7731,114.909,80.3243,87.3212,71.8471
74.2428,58,85,82.6196,76.3217,82.9759,73.8783,67.0671,48.1664,32.3883,54.8179,59.9416,56.8595,36.6197,64.3817,64.846,58.1378,15.1327,15.5242,15.2643,37.4433,0,14.3178,22.3607,31.9531,52.1536,60.8769,25.0599,29.5296,57.2451,78.2368,82.9277,88.2043,80,67.4685,69.4262,70.0928,73.4983,75.4321,74.3303,78.7464,80.2808,79.2465,79.8311,114.272,116.559,141.693,130.832,125.897,88.4138,111.018,128.16,123.167,87.2067,110.136,104.809,126.827,147.801,146.185,124.278,94.3398,93.3809,104.235,111.826,114.39,110.941,89.4986,100.846,112.308,102.489,80.9938,77.8203,136.682,137.877,158.808,113.569,146,132.189,130.729,100.499,93.4719,119.883,117.644,103.325,103.325,134.792,142.359,116.456,114.856,109.179,101.514,97.6524,85.9826,91.526,98.8585,90.05,152.322,116.867,124.68,106.902
71.8401,51.3128,87.0057,77.4145,75.3127,77.1751,65.9469,66.6108,41.3401,19.6977,47.0106,49.8197,48.1041,28.8444,50.9902,52.8015,50.8035,16.9706,21.6333,11.6619,24.7588,14.3178,0,10.6301,27.1662,65.7647,75.1864,39,43.4626,71.1758,68.4251,73.3485,78.721,69.8355,53.1507,55.109,55.7853,59.203,61.131,60.0167,64.5136,65.9697,64.9384,65.5134,99.985,102.259,127.632,119.206,113.952,77.0065,99.3579,114.856,109.165,73.4302,96.0052,92.0978,113.851,134.952,132.88,110.055,80.2309,81.4678,93.2309,99.1564,100.955,97.8008,77.0779,86.8159,98.387,88.2326,67.8012,64.0078,122.413,124.808,145.866,102.65,133.66,117.987,116.417,87.0919,79.6492,106.174,104.637,91.2853,92.0054,121.606,128.969,102.318,104.809,95.5249,88.4081,84.6463,72.8011,78.4092,86.3134,76.5506,138.957,102.883,111.221,92.6553
63.1506,41.1825,80.5047,67.5426,67.2681,67.1193,55.4437,59.0085,31.305,10.0499,36.6197,39.2046,37.5366,18.7883,42.107,42.72,40.4969,27.5862,32.2025,22.0227,26.5707,22.3607,10.6301,0,35.7351,70.2282,81.7435,44.7214,49.0306,76.243,71.7844,76.844,82.2192,72.8011,47.5395,49.3964,50.5668,54.1295,55.9464,54.0833,59.9416,60.5392,58.8218,59.808,93.3916,95.8019,123.471,119.854,114.202,78.3901,100.125,112.805,105.309,70.6045,91.7061,91.351,112.45,133.66,130.729,105.19,76.1577,82.0975,94.8947,98.4124,98.7168,96.2081,77.0065,83.006,94.8736,83.2586,66.4831,61.2209,117.175,123.167,144.361,104.317,133.207,113.217,110.68,85.0412,76.6094,103.228,103.247,91.6079,93.2952,119.754,126.657,97.949,107.424,92.8009,86.977,83.4506,71.4213,77.0779,85.9127,74.411,136.653,99.1262,108.853,87.7268
98.7168,76.5572,114.018,103.078,102.421,102.46,89.6939,93.771,66.8506,40.8167,71.5542,71.6101,71.6938,54.4243,64.6375,70.7248,75.5844,17.4929,21.2132,17.2627,21.9317,31.9531,27.1662,35.7351,0,79.9312,83.2166,53.4135,57.4891,83.5464,48.0833,52.4023,57.4891,50.2494,57.28,59.203,58.4637,61,62.9682,64.0312,64.2806,67.897,68.884,68.2495,102.825,104.58,122.376,102.45,98.2293,60.4649,83.006,104.547,103.755,67.6018,92.4392,79.6241,101.98,122.188,122.25,107.378,77.1038,66.3702,75.1665,86.3134,91.7061,87.0919,63.9766,82.4924,92.5743,87,58.6941,59.1354,120.337,113.159,133.36,84.22,118.983,114.739,116.004,78.1601,73.8241,98.4937,93.1075,76.3217,74.8131,110.571,118.849,98.6154,84.386,87.8009,77.8332,73.736,63.3246,68.3081,73.3485,68.6586,128.55,97.4936,101.843,91.022
86.764,86.8332,79.9062,101.951,83.863,104.062,102.772,75.591,80.0999,79.404,87.2067,97,91.0879,74.3303,110.023,106.381,88.5664,62.9682,58.7282,66.2193,89.5879,52.1536,65.7647,70.2282,79.9312,0,19.8494,27.2029,22.8035,7.28011,128.004,132.322,137.361,130.108,117.745,119.616,120.702,124.234,126.087,124.31,129.865,130.74,129.027,130.035,163.322,165.801,193.259,181.959,177.341,139.603,162.274,180.314,174.866,139.187,161.549,156.822,178.922,199.832,198.338,175.308,145.836,144.941,154.897,163.808,166.532,163.083,141.4,152.506,164.137,153.388,133.147,129.769,187.387,189.995,210.874,164.055,197.717,183.308,180.892,152.643,145.413,171.919,169.753,154.932,154.311,186.936,194.51,167.839,164.268,161.245,153.652,149.773,138.134,143.67,150.801,142.172,204.475,168.6,176.819,157.848
106.066,104.048,99.7246,120.83,103.465,122.772,120.333,95.0158,96.5091,91.5478,103.755,112.752,107.355,89.202,123.26,121.066,105.537,67.9779,62.6498,72.6154,96.933,60.8769,75.1864,81.7435,83.2166,19.8494,0,37.1214,33.0151,13.6015,130.602,134.466,139.176,133.004,128.32,130.269,130.969,134.373,136.308,135.148,139.56,141.156,140.036,140.688,174.951,177.291,202.141,185.421,181.395,143.67,166.148,186.936,183.521,147.258,170.763,162.496,184.838,205.292,204.841,185.054,154.952,149.566,158.003,169.307,173.566,169.499,146.86,161.307,172.525,163.322,140.036,137.993,197.525,196.01,216.449,166.817,202.193,192.925,191.604,159.731,153.574,179.627,175.824,159.531,157.867,193.238,201.246,177.088,165.849,168.861,160.103,156.083,144.931,150.27,156.285,149.563,211.092,177.2,183.84,167.72
77.7946,69.857,80.0562,90.2109,77.3369,91.526,86.406,68.0147,61.3514,54.4518,68.6222,76.6877,71.8401,52.7731,86.1452,84.2912,70.9366,36.1248,32.45,39.0512,62.434,25.0599,39,44.7214,53.4135,27.2029,37.1214,0,4.47214,32.2025,101.316,105.759,110.887,103.325,91.7606,93.6803,94.5569,98.0306,99.93,98.4937,103.465,104.695,103.325,104.12,138.08,140.464,166.628,154.935,150.233,112.539,135.207,153.17,148.142,112.254,135.004,129.619,151.727,172.63,171.19,149,119.231,117.796,127.988,136.605,139.431,135.912,114.202,125.801,137.321,127.138,106,102.859,161.276,162.807,183.674,137.208,170.552,156.952,155.081,125.539,118.512,144.941,142.562,127.781,127.311,159.765,167.386,141.315,137.768,134.239,126.479,122.589,110.982,116.503,123.6,115.104,177.341,141.852,149.723,131.575
79.3977,72.8011,80.1311,92.358,78.5175,93.8136,89.3197,69.2965,64.56,58.6941,71.8401,80.2309,75.1864,56.4358,90.2718,88.1419,74,40.3113,36.4005,43.4166,66.888,29.5296,43.4626,49.0306,57.4891,22.8035,33.0151,4.47214,0,27.7308,105.475,109.877,114.978,107.517,96.1665,98.0816,98.9798,102.46,104.355,102.883,107.912,109.11,107.703,108.522,142.415,144.81,171.094,159.226,154.564,116.846,139.517,157.623,152.611,116.726,139.463,134.034,156.157,177.045,175.642,153.444,123.693,122.147,132.231,141.014,143.892,140.357,118.6,130.269,141.792,131.575,110.454,107.331,165.705,167.242,188.096,141.428,174.917,161.4,159.48,130,122.984,149.412,146.997,132.136,131.59,164.21,171.843,145.774,141.873,138.708,130.924,127.028,115.434,120.95,128.004,119.57,181.797,146.322,154.185,136.015
93.9415,94.0479,86.3713,109.202,90.9175,111.328,110.023,82.7345,87.2067,85.6154,94.3398,104.019,98.1835,81.1542,116.559,113.217,95.7549,67.0075,62.3699,70.7248,94.5145,57.2451,71.1758,76.243,83.5464,7.28011,13.6015,32.2025,27.7308,0,131.59,135.772,140.716,133.795,123.649,125.543,126.531,130.035,131.913,130.292,135.558,136.624,135.059,135.978,169.544,171.991,198.806,185.914,181.475,143.68,166.331,185.219,180.336,144.451,167.156,161.419,183.619,204.416,203.226,181.069,151.397,149.201,158.701,168.363,171.54,167.908,145.908,157.991,169.523,159.176,138.062,135.059,193.259,194.733,215.502,167.765,202.002,189.042,186.904,157.648,150.712,177.124,174.485,159.201,158.256,191.755,199.462,173.462,167.598,166.412,158.474,154.548,143.031,148.519,155.332,147.248,209.402,174.049,181.835,163.625
130.465,104.043,151.42,129.139,136.066,127.318,111.647,128.891,96.421,70.214,98.0204,92.3472,96.0208,86.3134,73.4983,84.7231,102.005,65.192,69.2965,63.0079,45.2217,78.2368,68.4251,71.7844,48.0833,128.004,130.602,101.316,105.475,131.59,0,5.09902,10.4403,3,54.231,55.0364,52.3259,51.9711,53,57.3062,50,55.8032,59.9083,57.4282,82.662,83.2166,86.5794,54.9181,51.4296,16,36.2491,63.1981,69.6348,41.4005,63.1585,38,58.8558,77.1622,79.4292,77.1622,52.4309,23,27.4591,43.2897,53.2353,47.0425,25,54.1202,59.4811,62.9682,30.4795,39.0512,89.56,69.6348,88.2553,36.2353,72.45,82.7103,88.3912,42.72,45.2769,61.5224,51.1566,31.5753,27.7308,67.897,76.7919,68.0074,36.6197,52.3927,39.6232,35.9026,31.9061,33.6155,32.0624,38.0789,85.703,64.2884,62,65.3682
135.532,109.073,156.518,134.093,141.152,132.242,116.52,133.989,101.494,75.3127,103.044,97.2522,101.005,91.4112,78.1025,89.4427,107.019,69.6563,73.5935,67.6757,50.2892,82.9277,73.3485,76.844,52.4023,132.322,134.466,105.759,109.877,135.772,5.09902,0,5.38516,5.38516,58.5235,59.2368,56.4624,55.9017,56.8243,61.2699,53.535,59.3633,63.6318,61.0574,84.8116,85.2115,86.3134,51.4782,48.4665,15.8114,33.5261,62,69.9214,43.8634,64.4127,37.3363,57.2189,74.7262,77.6466,78,54.6717,22.561,24.1661,42,52.9528,46.5296,25.9422,55.7584,60.1664,65,33.3017,42.4382,90.1388,67.7422,85.7263,32.45,69.4622,83.1685,89.4707,43.4626,47.2017,61.3922,50.01,30.0167,25,66.2722,75.2396,68.942,32.0156,52.811,39.8497,36.4005,34.0588,34.9857,31.7805,40,83.863,64.846,61.2046,67.1193
140.698,114.158,161.83,139.032,146.373,137.131,121.334,139.262,106.677,80.604,108.116,102.122,106.005,96.6902,82.5651,94.0479,112.071,74.8131,78.6448,72.9452,55.6597,88.2043,78.721,82.2192,57.4891,137.361,139.176,110.887,114.978,140.716,10.4403,5.38516,0,10,62.6418,63.2456,60.407,59.6154,60.4152,65,56.8243,62.6498,67.082,64.4127,86.4523,86.6833,85.3756,47.4236,44.9222,16.4012,30.4138,60.208,69.6419,46.0977,65.192,36.4005,55,71.5891,75.1665,78.2624,56.5685,22.3607,20.6155,40.3113,52.2015,45.607,27.0185,57.0088,60.3738,66.6033,36.0555,45.6508,90.0777,65.192,82.4621,28.178,65.7875,83.006,89.9444,43.909,48.8365,60.7289,48.3735,28.2843,22.0907,64.0078,73.0068,69.3542,26.9072,52.8015,39.8121,36.7151,36.1248,36.2353,31.3847,41.7253,81.3019,64.8845,59.8415,68.4105
130.752,104.173,152.082,129.035,136.473,127.142,111.364,129.437,96.7471,70.8308,98.1275,92.1358,96.0052,86.885,72.7805,84.1724,102.078,67.2086,71.4493,64.8151,46.2385,80,69.8355,72.8011,50.2494,130.108,133.004,103.325,107.517,133.795,3,5.38516,10,0,53.1413,53.8516,51.0784,50.5371,51.4782,55.9017,48.2597,54.0833,58.3095,55.7584,80.2122,80.7094,83.6002,52.4309,48.7647,13,33.541,60.208,66.7083,39.0512,60.4152,35,55.9017,74.3303,76.4853,74.3303,50,20,25,40.3113,50.2494,44.0454,22.1359,51.4782,56.6127,60.4649,28.2843,37.2022,86.6833,66.7083,85.44,33.9706,69.7711,79.8123,85.6154,39.8497,42.72,58.5491,48.1664,28.6356,25.0599,64.9384,73.8241,65.192,34.9857,49.4773,36.6742,32.9848,29.4109,30.8707,29.0689,35.5106,82.7647,61.4003,59,62.7694
86.1626,59.0931,111.414,80.4114,93.1075,77.9295,61.6604,88.193,54.9181,38.9487,53.2259,43.9659,49.7695,50.2096,21.095,33.2415,56.4624,64.0078,70.0071,58.0086,35.6931,67.4685,53.1507,47.5395,57.28,117.745,128.32,91.7606,96.1665,123.649,54.231,58.5235,62.6418,53.1413,0,2,3.60555,7.07107,8.60233,7,13.4536,13,12,12.3693,47.0956,49.2544,76.3217,83.8153,77.1622,50.2494,66.0984,69.2026,58.6003,27.7308,44.6542,52.811,70.4911,91.2634,86.4523,57.6975,29.7321,50.04,65.0308,59.2368,55.2178,54.5894,43.1045,36.7967,48.8365,35.7771,30.0666,20.3961,69.6419,80.2122,101.213,73.3348,93.0591,65.7419,63.3246,42.9418,32.45,58,61.7738,56.8859,62.1289,76.4003,82.134,50.774,80,48.4149,46.6154,44.2719,33.541,38.3275,49.2443,33.2415,91.9674,52.6308,64.6607,40.2492
86.9253,59.9333,112.379,80.8084,93.9415,78.2624,61.9839,89.1852,56.0357,40.7063,54.1202,44.5982,50.5668,51.6624,21.3776,33.541,57.2713,66.0076,72.0069,60.0083,37.6563,69.4262,55.109,49.3964,59.203,119.616,130.269,93.6803,98.0816,125.543,55.0364,59.2368,63.2456,53.8516,2,0,3,5.83095,7.07107,5,12.2066,11.1803,10,10.4403,45.0999,47.2652,74.6257,83.2406,76.5376,50.4876,65.7647,68.0074,57.0088,26.9258,43.0116,52.2015,69.4622,90.1388,85.1469,55.9017,28.2843,50,65,58.5235,54.0833,53.6656,43.0116,35.3553,47.3814,34,30,20.0998,67.7791,79.0569,100,73.171,92.1303,63.9531,61.4003,42.0476,31.3847,56.6392,60.8276,56.5685,62.0322,75.213,80.8084,49.0918,80.025,47.2017,45.8803,43.6807,33.2415,37.855,48.8365,32.573,90.6091,51.0882,63.4114,38.4708
89.6939,62.6498,115.004,83.7437,96.6644,81.2158,64.9384,91.7878,58.5235,42.19,56.7979,47.4342,53.3104,53.7401,24.3311,36.4966,60.0083,66.0303,72.0278,60.1332,37.2156,70.0928,55.7853,50.5668,58.4637,120.702,130.969,94.5569,98.9798,126.531,52.3259,56.4624,60.407,51.0784,3.60555,3,0,3.60555,5.38516,5.83095,9.89949,10.198,10.4403,10,45,47.0425,73.0616,80.3617,73.6817,47.5184,62.8013,65.6049,55.2178,24.1661,41.3401,49.3356,66.888,87.6584,82.8794,54.626,26.2488,47,62,55.7136,51.614,51,40.0125,33.3017,45.3431,32.6956,27,17.1172,66.7308,76.6094,97.6166,70.1783,89.4707,62.6498,60.6383,39.3573,28.8444,54.4518,58.1808,53.6004,59.0339,72.8011,78.5684,47.5079,77.026,44.8219,43.0813,40.8044,30.2655,34.9285,45.8912,29.7321,88.4138,49.2037,61.0737,37.1618
92.7038,65.7419,118.207,86.3481,99.7447,83.7437,67.4685,95.0158,61.8547,45.793,59.9416,50.3289,56.3649,57.28,26.9258,39.0512,63.0714,69.1158,75.1066,63.2851,40.05,73.4983,59.203,54.1295,61,124.234,134.373,98.0306,102.46,130.035,51.9711,55.9017,59.6154,50.5371,7.07107,5.83095,3.60555,0,2,5.38516,6.40312,7,8.60233,7.28011,42.0476,44,69.4622,77.6209,70.8802,46.0977,60.407,62.2013,51.614,21.1896,37.7359,46.5725,63.6318,84.3149,79.3977,51.0784,22.6716,45.0999,60.075,52.811,48.2597,47.8539,38.0526,29.7321,41.7732,29.1548,25.1794,15.0333,63.2456,73.2393,94.2019,68.0294,86.3134,59.0931,57.2713,36.2491,25.5539,50.9313,55.0091,51.2445,57.0088,69.4046,75.0733,43.909,75.1665,41.4005,40.1622,38.0789,28.0179,32.3883,43.4166,26.9258,84.8999,45.607,57.6281,33.6155
93.5201,66.6483,119.202,86.8332,100.623,84.1724,67.9117,96.0417,63.0079,47.5079,60.9016,51.0784,57.2451,58.7282,27.5136,39.5601,63.9531,71.1126,77.1038,65.2763,42.0476,75.4321,61.131,55.9464,62.9682,126.087,136.308,99.93,104.355,131.913,53,56.8243,60.4152,51.4782,8.60233,7.07107,5.38516,2,0,5,5.38516,5,7.07107,5.38516,40.05,42,67.7422,77.1298,70.342,46.5725,60.208,61.0328,50,20.6155,36.0555,46.0977,62.6498,83.2166,78.1025,49.2443,21.2132,45.2769,60.208,52.2015,47.1699,47.0106,38.2099,28.2843,40.3113,27.313,25.4951,15.2971,61.3514,72.111,93.0054,68,85.4283,57.2713,55.3173,35.4683,24.5967,49.5782,54.1295,51.0882,57.0789,68.2422,73.7564,42.19,75.326,40.2244,39.5601,37.6563,28.0179,32.1403,43.1856,26.4764,83.5464,44.0454,56.4004,31.7805
89,62.2656,114.909,82.0061,96.1769,79.3095,63.0635,91.8096,59.0339,45.1885,56.6039,46.5188,52.8394,55.4437,22.8473,34.7851,59.5399,71.007,77.0065,65.0077,42.5793,74.3303,60.0167,54.0833,64.0312,124.31,135.148,98.4937,102.883,130.292,57.3062,61.2699,65,55.9017,7,5,5.83095,5.38516,5,0,10.198,7.07107,5,5.83095,40.1123,42.2966,70.4557,82,75.1864,51.4198,65.192,65.192,53.1507,25.4951,39.0512,50.9902,67.082,87.4643,82.0061,51.4782,25,50.2494,65.192,57.0088,51.4782,51.6236,43.1856,32.0156,43.9318,29.6816,30.4138,20.2237,63.1585,76.3217,97.0824,73,89.9611,59.5399,56.6127,40.1622,29.1548,53.4135,58.6941,56.0803,62.0725,72.4017,77.6209,45,80.3057,44.4185,44.3847,42.5793,33.0151,37.1214,48.1664,31.4006,87.3212,47.3814,60.4649,34.1321
98.8989,72.0069,124.531,92.1792,105.991,89.4986,73.2462,101.356,68.2422,51.8652,66.242,56.4624,62.6099,63.6396,32.8938,44.9222,69.3181,73.5527,79.511,67.897,44.1022,78.7464,64.5136,59.9416,64.2806,129.865,139.56,103.465,107.912,135.558,50,53.535,56.8243,48.2597,13.4536,12.2066,9.89949,6.40312,5.38516,10.198,0,5.83095,10.4403,7.61577,38.6394,40.3113,63.5295,71.8053,65,42.3792,55.0818,55.8032,45.4863,15.2971,31.7648,40.7922,57.3062,77.9359,73,45.5412,16.4012,40.6079,55.4437,46.8402,41.8808,41.6293,33.541,23.4307,35.4683,23.7697,21.1896,11.1803,57.9741,66.8506,87.8009,63.0317,80.0562,53.4883,52.469,30.0832,19.2354,44.5533,48.7545,46.0109,52.2398,63.0079,68.6804,38.0132,70.5762,35,34.2053,32.3883,23.1948,27.0185,38.0526,21.2132,78.5175,39.4081,51.225,28.1603
95.7131,69.1158,121.795,88.2326,102.956,85.44,69.2604,98.737,66.0681,51.8845,63.5138,53.2353,59.6825,62.482,29.5296,41.2311,66.3702,76.1052,82.0975,70.2567,47.0425,80.2808,65.9697,60.5392,67.897,130.74,141.156,104.695,109.11,136.624,55.8032,59.3633,62.6498,54.0833,13,11.1803,10.198,7,5,7.07107,5.83095,0,5,2,35.0571,37,63.5138,76.1183,69.2315,48.1041,60,58.3095,46.0977,20,32.0156,45.2769,60.4152,80.6226,75,44.7214,18.0278,46.0977,60.8276,50.9902,44.7214,45.2217,39.0512,25,36.8782,22.8254,26.9258,17,56.648,69.4622,90.1388,68.1836,83.3847,52.7731,50.448,33.9559,22.8035,46.4004,52.2015,51.0392,57.5587,65.5134,70.6045,38.0132,75.9539,37.5899,38.4708,37.054,28.6356,32.0624,43.0116,26,80.2808,40.3113,53.535,27.2947
91.3017,64.8999,117.597,83.4865,98.6154,80.6536,64.5136,94.6256,62.2896,49.7695,59.4054,48.8774,55.4707,59.4054,25.2389,36.6742,62.1289,76.0066,82.0061,70.0071,47.5184,79.2465,64.9384,58.8218,68.884,129.027,140.036,103.325,107.703,135.059,59.9083,63.6318,67.082,58.3095,12,10,10.4403,8.60233,7.07107,5,10.4403,5,0,3,35.1283,37.3363,66.4003,81.0494,74.1485,52.811,65,62.6498,49.4975,25,35.3553,50.2494,65,85,79.0569,47.1699,22.3607,50.9902,65.7647,55.9017,49.2443,50,43.9318,29.1548,40.8044,25.6125,31.6228,21.5407,58.6003,73.8241,94.3398,73.171,88.0227,55.2268,51.8652,38.833,27.6586,50.4777,56.921,56.0357,62.514,69.8355,74.6324,41.1096,80.895,42.0476,43.4166,42.0476,33.541,37.054,48.0104,31,84.2021,43.9318,57.8014,30
93.9415,67.4166,120.108,86.3308,101.213,83.5225,67.3573,97.0824,64.5368,50.9902,61.8547,51.4782,57.9828,61.2209,27.7849,39.3954,64.6607,76.0263,82.0244,70.1142,47.1699,79.8311,65.5134,59.808,68.2495,130.035,140.688,104.12,108.522,135.978,57.4282,61.0574,64.4127,55.7584,12.3693,10.4403,10,7.28011,5.38516,5.83095,7.61577,2,3,0,35,37.054,64.6375,78.0897,71.1969,49.98,62,60.0333,47.4236,22,33.3017,47.2652,62.2415,82.365,76.6094,45.6508,19.7231,48.0521,62.8013,52.9528,46.5188,47.1275,41,26.6271,38.4187,23.8537,28.7924,18.7883,57.3847,71.1969,91.8096,70.1783,85.235,53.7122,50.9608,35.9026,24.7386,48.0104,54.0833,53.0377,59.5399,67.2309,72.2011,39.2046,77.9295,39.3573,40.4475,39.0512,30.5941,34.0588,45.0111,28,81.8352,41.7253,55.2268,28.3019
114.586,91.0494,142.13,102.801,122.348,99.4032,85.0412,120.416,91.2688,83.9345,86.6083,75,82.201,91.2853,54.5619,62.426,88.2383,111.018,117.017,105.076,82.0975,114.272,99.985,93.3916,102.825,163.322,174.951,138.08,142.415,169.544,82.662,84.8116,86.4523,80.2122,47.0956,45.0999,45,42.0476,40.05,40.1123,38.6394,35.0571,35.1283,35,0,2.82843,41.1461,80.0812,73.3757,70.0928,71.1969,52.2398,32,41.3401,24.1661,55.7584,57.8705,72.1734,62.8013,22.561,30.2324,65.0692,76.6094,57.6975,44.5982,49.6588,59.4643,29.7321,31.9531,19.8494,52.4786,46.2385,28.4253,62,78.4474,80.6226,79.0569,28.6356,19.799,44.2041,37.6431,39.6232,53.7587,64.6375,73.0068,58.0086,58.5491,24.3311,90.2109,38.9102,49.4065,51.0882,50.8035,50.2494,57.6281,44.8219,65.9697,30.5941,47.3814,18.6011
117.414,93.8616,144.959,105.603,125.176,102.201,87.8635,123.24,94.0319,86.4002,89.4036,77.801,85,93.9415,57.2451,65.215,91.0494,113.071,119.067,107.168,84.0238,116.559,102.259,95.8019,104.58,165.801,177.291,140.464,144.81,171.991,83.2166,85.2115,86.6833,80.7094,49.2544,47.2652,47.0425,44,42,42.2966,40.3113,37,37.3363,37.054,2.82843,0,38.4838,78.7464,72.111,70.2922,70.4911,50.4876,30.0666,42.0595,23.3238,55.2178,56.2939,70.0643,60.531,20.2237,30.8869,65.0692,76.2168,56.8243,43.4626,48.7647,59.6657,29.7321,30.8707,20.2485,53.2353,47.4342,25.6125,60.0333,76.1183,79.925,77.1622,26,16.9706,43.9318,38.0132,38.0789,52.5547,64.2028,72.6223,56.0803,56.3205,22.8035,89.5879,38.0789,49.0408,50.9313,51.3128,50.448,57.3847,45.2217,63.561,29.1204,45.7056,18.3848
154.302,129.449,181.571,143.391,161.969,140.064,125.208,159.226,128.144,115.248,124.451,113.172,120.216,125.801,90.6091,100.449,126.621,134.766,140.52,129.653,105.304,141.693,127.632,123.471,122.376,193.259,202.141,166.628,171.094,198.806,86.5794,86.3134,85.3756,83.6002,76.3217,74.6257,73.0616,69.4622,67.7422,70.4557,63.5295,63.5138,66.4003,64.6375,41.1461,38.4838,0,56.5685,51.8556,70.7107,58.6003,27.4591,18.6815,55.0818,31.7648,49.0306,34.4093,37.3363,26.2488,19.8494,47.4236,63.7887,67.7791,45.5412,33.3766,39.8121,62.0725,40.8534,29.8329,40.8044,63.7887,64.195,15,30.8058,40.1123,66.7308,46.9574,12.53,23.3452,45.0444,48.7647,25.0799,37.6962,57.28,64.846,28.3196,23.2594,25.5539,76.3217,35.0571,47.0956,51.0392,59.4138,55.0818,54.5894,53.7587,27.074,25,26,36.4005
169.85,142.678,194.34,163.954,176.618,161.301,145.041,171.094,137.481,115.248,136.704,127.781,133.462,130.177,104.547,116.662,140.118,119.004,123.556,115.974,94.4934,130.832,119.206,119.854,102.45,181.959,185.421,154.935,159.226,185.914,54.9181,51.4782,47.4236,52.4309,83.8153,83.2406,80.3617,77.6209,77.1298,82,71.8053,76.1183,81.0494,78.0897,80.0812,78.7464,56.5685,0,7,42.4264,19.8494,30.2324,50.0899,56.5155,56.2939,31.0483,23.3238,27.4591,35.3412,61.2699,60.075,37.8021,27.4591,25.1794,35.6931,32.0156,43.0465,55.0364,48.2701,64.3817,55.0364,63.5689,68.0074,26.6271,37,19.3132,19.105,61.2944,72.5603,42.2966,53.4603,40.8534,26.4764,28.3019,27.6586,28.3196,35.5106,55.9732,25,42.2966,37.6563,39.5601,50.6952,45.5412,34.9285,50.6952,40.1622,49.6488,34,62.9682
163.273,136.125,187.949,157.175,170.097,154.496,138.246,164.694,131.095,109.293,130.173,121.116,126.874,124.036,97.8008,109.895,133.544,114.477,119.202,111.198,89.1964,125.897,113.952,114.202,98.2293,177.341,181.395,150.233,154.564,181.475,51.4296,48.4665,44.9222,48.7647,77.1622,76.5376,73.6817,70.8802,70.342,75.1864,65,69.2315,74.1485,71.1969,73.3757,72.111,51.8556,7,0,37.8021,15.2643,24.7588,43.909,49.7293,49.4773,24.3516,17.6918,27.074,32.9848,55.0727,53.0848,32.5269,24.3516,18.2483,28.8617,25.02,37.2022,48.0416,41.4849,57.4282,48.7647,57.0088,62.482,23.4094,37.6563,18,21.0238,55.6058,66.5733,35.3553,46.5296,34.4384,19.6469,22.6716,23.7065,24.1868,32.311,49.3964,25.9615,35.3553,30.8058,32.8938,44.2832,39,28.6531,43.9659,38.4708,43.0813,28.0179,56.0892
132.774,105.721,155.589,129.387,138.975,127.193,111.072,132.563,99.2018,74.8465,99.6393,92.3472,97.0155,90.4765,71.0634,83.006,103.407,76.6942,81.4002,73.5527,52.4309,88.4138,77.0065,78.3901,60.4649,139.603,143.67,112.539,116.846,143.68,16,15.8114,16.4012,13,50.2494,50.4876,47.5184,46.0977,46.5725,51.4198,42.3792,48.1041,52.811,49.98,70.0928,70.2922,70.7107,42.4264,37.8021,0,22.6716,47.2652,54.1202,30.2324,48.8774,22,43.1741,62.2415,63.7887,62.2415,40.3609,7,16.5529,27.4591,37.3363,31.0644,10.6301,40.6079,44.3847,50.2494,21.1896,31.3209,74.3303,54.1202,73.4098,25.9422,58.5235,67.3573,73.7902,27.7308,32.5269,45.7056,35.2278,16.1555,15,52.1728,61,53.2259,30.4138,37,24.0416,20.6155,20.2485,19.8494,16.1245,25.4951,70.0928,49.0408,46,52.0096
151.529,124.326,175.482,146.509,158.114,144.014,127.738,152.279,118.68,95.7706,118.296,109.882,115.248,110.923,87.1321,99.2975,121.84,99.3579,104.019,96.2081,74.6525,111.018,99.3579,100.125,83.006,162.274,166.148,135.207,139.517,166.331,36.2491,33.5261,30.4138,33.541,66.0984,65.7647,62.8013,60.407,60.208,65.192,55.0818,60,65,62,71.1969,70.4911,58.6003,19.8494,15.2643,22.6716,0,31.6228,46.0977,40,47.1699,15.8114,25.4951,41.2311,45,56.5685,46.0977,18.0278,10,14.1421,28.2843,22.0227,23.7697,42.72,40,52.9245,36.4005,45.7056,66.4003,35,52.2015,9.43398,36.2353,59.203,68.593,28.1603,38.4708,36.2353,21.095,9.21954,8.544,34.2345,43.1856,49.0408,19.2094,32.45,22.8035,23.0868,32.5576,28.0713,17.0294,34,51.0392,43.1856,32.6497,52.7731
153.951,127.424,180.094,145.619,161.245,142.618,126.716,157,124.036,106.075,121.795,111.508,117.992,119.097,87.818,99.2975,124.68,118.962,124.338,114.612,90.7359,128.16,114.856,112.805,104.547,180.314,186.936,153.17,157.623,185.219,63.1981,62,60.208,60.208,69.2026,68.0074,65.6049,62.2013,61.0328,65.192,55.8032,58.3095,62.6498,60.0333,52.2398,50.4876,27.4591,30.2324,24.7588,47.2652,31.6228,0,20.6155,42.4264,30.4138,25.4951,7.07107,22.3607,18.0278,31.6228,40.3113,40.3113,41.2311,20,14.1421,17.4642,40.8044,33.541,22.8035,40.2616,47.1699,51.6624,37.8021,11.1803,32.0156,39.3573,27.074,31.0644,42.4853,27.8029,36.8782,13.1529,12.0416,32.0156,38.6394,7.2111,14.3178,28.0179,48.8774,20.8087,26.8328,30.8707,42.19,36.7151,31.7805,38.4187,24.1868,22.0227,5.09902,37.4833
139.521,113.851,166.4,129.769,147.054,126.59,111.14,143.68,111.759,97.3499,108.577,97.6166,104.484,108.577,74.411,85,111.041,116.09,121.84,111,86.6487,123.167,109.165,105.309,103.755,174.866,183.521,148.142,152.611,180.336,69.6348,69.9214,69.6419,66.7083,58.6003,57.0088,55.2178,51.614,50,53.1507,45.4863,46.0977,49.4975,47.4236,32,30.0666,18.6815,50.0899,43.909,54.1202,46.0977,20.6155,0,36.4005,14.1421,33.541,26.9258,40.3113,31.6228,11.1803,29.1548,47.4342,54.0833,32.0156,18.0278,24.6982,44.7214,22.3607,11.1803,24.2074,45.2769,45.5412,20.5913,30,47.4342,55.1725,47.0956,13.4164,22.8035,27.1662,30.0832,9.89949,25.4951,42.5441,50.774,26.0192,27.2029,8.94427,65.0692,17.2627,30.0832,33.7343,41.0488,37.054,38.2753,35.2278,35.7771,6.32456,16.1555,20.2485
113.846,86.8159,139.119,107.448,120.83,104.785,88.5268,115.884,82.4924,63.6553,80.9568,71.5122,77.4726,76.8375,48.0833,60.1664,84.1724,79.6994,85.44,74.6726,50.3289,87.2067,73.4302,70.6045,67.6018,139.187,147.258,112.254,116.726,144.451,41.4005,43.8634,46.0977,39.0512,27.7308,26.9258,24.1661,21.1896,20.6155,25.4951,15.2971,20,25,22,41.3401,42.0595,55.0818,56.5155,49.7293,30.2324,40,42.4264,36.4005,0,25,25.4951,43.0116,64.0312,60.208,40,11.1803,26.9258,41.2311,31.6228,28.2843,26.9258,20.1246,15,25.2982,21.9317,11.1803,9.43398,53,53.1507,74.3303,48.2597,65.3682,47.1699,49.6488,15.2643,6.32456,32.7567,34.1321,31.0644,37.855,49.5177,56.0803,31.0644,56.2939,22.2036,18.9737,17.1172,10,12.1655,23.0217,6,66.0681,30.0832,38.2884,25
125.642,99.8098,152.411,116.276,133.135,113.159,97.5295,129.63,97.6217,83.5284,94.4934,83.6002,90.4268,94.4934,60.3075,71.0282,97.0052,103.812,109.659,98.4937,74.2159,110.136,96.0052,91.7061,92.4392,161.549,170.763,135.004,139.463,167.156,63.1585,64.4127,65.192,60.4152,44.6542,43.0116,41.3401,37.7359,36.0555,39.0512,31.7648,32.0156,35.3553,33.3017,24.1661,23.3238,31.7648,56.2939,49.4773,48.8774,47.1699,30.4138,14.1421,25,0,32.0156,35,52.2015,44.7214,15,15.8114,43.0116,53.1507,33.541,20.6155,25.4951,38.4708,10,8.06226,10.2956,35.3553,33.3766,28,41.2311,60.4152,56.6039,57.4282,22.3607,25.2982,21.4009,19.105,17.2627,29.8329,41.1096,49.5782,37.108,40.2492,6.32456,66.2873,14.7648,26.1725,28.6007,32.0156,29.5466,34.7131,25.7099,49.3964,8.94427,25.318,7.07107
138.928,111.79,163.719,132.91,145.774,130.269,114.004,140.46,106.888,85.8021,105.849,96.7678,102.528,100.17,73.4983,85.6154,109.202,94.6678,99.8499,90.6973,67.4759,104.809,92.0978,91.351,79.6241,156.822,162.496,129.619,134.034,161.419,38,37.3363,36.4005,35,52.811,52.2015,49.3356,46.5725,46.0977,50.9902,40.7922,45.2769,50.2494,47.2652,55.7584,55.2178,49.0306,31.0483,24.3516,22,15.8114,25.4951,33.541,25.4951,32.0156,0,22.3607,43.0116,42.72,43.0116,30.4138,15,21.2132,7.07107,15.8114,9.21954,15.6525,26.9258,25.4951,37.1618,25,32.6956,54.1202,33.541,54.0833,25.0799,41.8688,46.9574,55,12.3693,23.0217,24.3516,13.6015,9.21954,17.6918,31.0161,39.5601,34.7131,34.4819,17.6918,7.07107,8.544,20.2485,14.7648,6.32456,19.6469,49.0408,29.4109,24,37.2156
156.08,129.294,181.835,148.408,163.248,145.499,129.449,158.647,125.399,106.217,123.548,113.596,119.883,119.808,89.8999,101.637,126.59,116.97,122.188,112.898,89.4036,126.827,113.851,112.45,101.98,178.922,184.838,151.727,156.157,183.619,58.8558,57.2189,55,55.9017,70.4911,69.4622,66.888,63.6318,62.6498,67.082,57.3062,60.4152,65,62.2415,57.8705,56.2939,34.4093,23.3238,17.6918,43.1741,25.4951,7.07107,26.9258,43.0116,35,22.3607,0,21.2132,20.6155,38.0789,42.72,36.4005,35.3553,15.8114,15.8114,16.2788,38.0132,36.4005,27.0185,44.2832,46.0977,51.8556,44.8219,11.1803,32.0156,32.6956,23.0868,38.0132,49.2443,27.8029,38.0789,18.2483,9.21954,27.2947,33.0606,9.05539,18.0278,33.541,42.0595,23.0868,25.4951,29.2062,41.1096,35.4683,28.6356,38.2884,26.9258,27.2947,10.7703,42.0119
176.298,149.723,202.371,167.943,183.576,164.924,149.054,179.246,146.168,127.405,144.062,133.843,140.293,140.869,110.145,121.655,146.986,137.594,142.688,133.701,110.422,147.801,134.952,133.66,122.188,199.832,205.292,172.63,177.045,204.416,77.1622,74.7262,71.5891,74.3303,91.2634,90.1388,87.6584,84.3149,83.2166,87.4643,77.9359,80.6226,85,82.365,72.1734,70.0643,37.3363,27.4591,27.074,62.2415,41.2311,22.3607,40.3113,64.0312,52.2015,43.0116,21.2132,0,11.1803,50,62.6498,55.9017,50.9902,36.0555,36.0555,37.4833,58.5235,55.9017,44.9444,62.2977,67.2681,73,51.6624,11.1803,11.1803,45.0444,10.6301,46.5296,58.6941,48.9183,58.8218,35.1141,30.4138,46.0977,49.7293,15.2315,14.3178,48.8365,52.2398,43.0465,46.6905,50.3289,62.2896,56.6392,49.0918,59.4643,13.6015,43.4166,27.313,59.203
170.135,143.951,196.644,160.997,177.553,157.877,142.239,173.678,141.032,123.843,138.452,127.863,134.525,136.561,104.293,115.434,141.174,136.883,142.215,132.593,108.757,146.185,132.88,130.729,122.25,198.338,204.841,171.19,175.642,203.226,79.4292,77.6466,75.1665,76.4853,86.4523,85.1469,82.8794,79.3977,78.1025,82.0061,73,75,79.0569,76.6094,62.8013,60.531,26.2488,35.3412,32.9848,63.7887,45,18.0278,31.6228,60.208,44.7214,42.72,20.6155,11.1803,0,40.3113,57.0088,57.0088,55,36.4005,32.0156,35.3553,58.3095,50,38.2753,55.0091,65.192,69.527,40.7922,10,15.8114,50.636,21.4009,36.0555,48.1664,45.8039,54.4518,28.6007,29.1548,47.8539,53.0848,11.7047,4.47214,40.4969,58.9406,38.1838,44.7772,48.7647,60.208,54.7083,49.0408,56.4004,6.32456,35.7771,21.9317,51.4782
134.466,109.622,161.722,123.713,142.127,120.416,105.437,139.388,108.467,96.6023,104.661,93.3488,100.409,106.508,70.9366,80.6226,106.794,118.457,124.338,113.031,88.8426,124.278,110.055,105.19,107.378,175.308,185.054,149,153.444,181.069,77.1622,78,78.2624,74.3303,57.6975,55.9017,54.626,51.0784,49.2443,51.4782,45.5412,44.7214,47.1699,45.6508,22.561,20.2237,19.8494,61.2699,55.0727,62.2415,56.5685,31.6228,11.1803,40,15,43.0116,38.0789,50,40.3113,0,30.4138,55.9017,64.0312,42.4264,28.2843,34.7131,52.2015,25,17.8885,21.9317,50.2494,48.2597,13,40.3113,55.9017,65.7951,57.5587,8.06226,12.0416,34.5398,34.0588,20.8087,36.4005,52.2015,60.6053,36.4966,36.1248,9.21954,75.6902,25.5539,38.4708,41.6293,46.6905,43.6807,47.0106,40.4475,43.4166,13.6015,27.313,17.4642
113.649,87.1321,139.818,105.688,120.934,102.786,86.7295,116.765,84.0238,68.2422,81.5414,71.1969,77.6981,79.9312,47.5079,59.0339,84.3801,88.0738,93.9415,82.7103,58.4637,94.3398,80.2309,76.1577,77.1038,145.836,154.952,119.231,123.693,151.397,52.4309,54.6717,56.5685,50,29.7321,28.2843,26.2488,22.6716,21.2132,25,16.4012,18.0278,22.3607,19.7231,30.2324,30.8869,47.4236,60.075,53.0848,40.3609,46.0977,40.3113,29.1548,11.1803,15.8114,30.4138,42.72,62.6498,57.0088,30.4138,0,36.0555,49.2443,35,26.9258,28.2843,29.8329,7.07107,19.105,10.7703,22.3607,18,43.2897,51.4782,72.111,55.0818,65.7875,38.0789,39.1152,18.1108,8.06226,28.4253,34.9285,37.9473,45.6946,47.5079,52.6308,22.1359,63.9062,19.6977,23.3452,23.4094,20.6155,20.8087,30.0832,14.8661,62.3699,23.0217,35.5106,14.1421
134.373,107.201,157.889,130.115,140.801,127.769,111.544,134.737,101.193,77.8267,101.139,93.2148,98.27,93.1075,71.1126,83.2166,104.785,82.201,87.0919,78.7464,56.7274,93.3809,81.4678,82.0975,66.3702,144.941,149.566,117.796,122.147,149.201,23,22.561,22.3607,20,50.04,50,47,45.0999,45.2769,50.2494,40.6079,46.0977,50.9902,48.0521,65.0692,65.0692,63.7887,37.8021,32.5269,7,18.0278,40.3113,47.4342,26.9258,43.0116,15,36.4005,55.9017,57.0088,55.9017,36.0555,0,15,20.6155,30.4138,24.0832,7.07107,35.3553,38.0132,45.3431,20,30.0666,67.7791,47.4342,67.082,23.5372,52.8015,60.7454,67.6018,21.6333,28.0179,38.833,28.2843,10,12.1655,45.3542,54.1295,47.0106,30.0666,30.4631,17.4642,14.4222,17.4642,15.2643,9.21954,21.4709,63.3246,42.5441,39,46.6905
148.933,121.807,172.029,145,155.242,142.688,126.479,148.96,115.521,91.3893,115.732,108.046,112.969,106.977,86.093,98.1835,119.436,91.9348,96.3328,89.1964,68.7968,104.235,93.2309,94.8947,75.1665,154.897,158.003,127.988,132.231,158.701,27.4591,24.1661,20.6155,25,65.0308,65,62,60.075,60.208,65.192,55.4437,60.8276,65.7647,62.8013,76.6094,76.2168,67.7791,27.4591,24.3516,16.5529,10,41.2311,54.0833,41.2311,53.1507,21.2132,35.3553,50.9902,55,64.0312,49.2443,15,0,22.3607,36.0555,29.4109,22.0227,47.1699,46.6905,57.4543,35,45.0444,74.6257,45,61.8466,9.43398,45.31,67.4166,76.0592,32.45,41.2311,44.4185,30.0832,12.0416,3.60555,44.1814,53.1507,55.9017,15.1327,38.8973,27.2029,25.9422,32.249,29.1204,19.2354,35.4401,61.0328,50.448,41.7852,58.0086
145.399,118.309,170.394,139.014,152.315,136.308,120.071,147.136,113.6,92.8009,112.401,103.121,109.005,107.07,79.6994,91.7606,115.694,101.548,106.677,97.6524,74.5185,111.826,99.1564,98.4124,86.3134,163.808,169.307,136.605,141.014,168.363,43.2897,42,40.3113,40.3113,59.2368,58.5235,55.7136,52.811,52.2015,57.0088,46.8402,50.9902,55.9017,52.9528,57.6975,56.8243,45.5412,25.1794,18.2483,27.4591,14.1421,20,32.0156,31.6228,33.541,7.07107,15.8114,36.0555,36.4005,42.4264,35,20.6155,22.3607,0,14.1421,8.06226,22.4722,30.4138,26.0768,40.2616,32.0156,39.3573,52.4309,26.9258,47.1699,23.4307,34.8281,45.2217,54.4518,17.1172,28.2843,22.2036,8.06226,12.0416,19.3132,24.7386,33.541,35,33.3017,18.7883,12.6491,15.2643,27.2029,21.6333,13.0384,26,42.72,29.0689,19.6469,39.5601
140.431,113.741,166.355,132.608,147.648,129.692,113.653,143.21,110.114,91.9348,108.046,97.949,104.317,104.995,74.2428,85.9069,111.018,105.603,111.086,101.074,77.026,114.39,100.955,98.7168,91.7061,166.532,173.566,139.431,143.892,171.54,53.2353,52.9528,52.2015,50.2494,55.2178,54.0833,51.614,48.2597,47.1699,51.4782,41.8808,44.7214,49.2443,46.5188,44.5982,43.4626,33.3766,35.6931,28.8617,37.3363,28.2843,14.1421,18.0278,28.2843,20.6155,15.8114,15.8114,36.0555,32.0156,28.2843,26.9258,30.4138,36.0555,14.1421,0,6.7082,29.0689,20.6155,12.6491,29,33.541,37.5366,38.5876,25,46.0977,37.5366,38.8973,31.3847,40.3113,13.8924,22.8035,8.544,9.21954,24.5967,32.7567,21.2603,28.0179,21.095,47.4236,7.28011,14.1421,18.2483,28.6356,23.4094,21.2132,24.4131,38.0132,15,10.2956,27.2947
140.528,113.596,166.003,133.454,147.597,130.648,114.481,142.78,109.417,89.9389,107.782,98.0867,104.216,103.6,74.4648,86.3771,110.923,101.533,106.888,97.2471,73.4983,110.941,97.8008,96.2081,87.0919,163.083,169.499,135.912,140.357,167.908,47.0425,46.5296,45.607,44.0454,54.5894,53.6656,51,47.8539,47.0106,51.6236,41.6293,45.2217,50,47.1275,49.6588,48.7647,39.8121,32.0156,25.02,31.0644,22.0227,17.4642,24.6982,26.9258,25.4951,9.21954,16.2788,37.4833,35.3553,34.7131,28.2843,24.0832,29.4109,8.06226,6.7082,0,23.5372,23.0217,18.0278,32.5576,30,35.609,45.2769,27.0185,48.1664,31.4006,38.4708,38.0789,46.7547,11.6619,22.4722,15.2315,7.2111,17.8885,26.0768,23.8537,31.7805,27.0185,41.2311,10.7703,9.43398,13.4164,25,19.4165,15,22.0227,41.5933,21.2132,15.1327,31.6228
127.883,100.688,151.714,123.321,134.406,120.934,104.69,128.515,94.921,72.2011,94.6414,86.4928,91.6788,87.2067,64.195,76.3217,98.2344,79.0759,84.22,75.213,52.345,89.4986,77.0779,77.0065,63.9766,141.4,146.86,114.202,118.6,145.908,25,25.9422,27.0185,22.1359,43.1045,43.0116,40.0125,38.0526,38.2099,43.1856,33.541,39.0512,43.9318,41,59.4643,59.6657,62.0725,43.0465,37.2022,10.6301,23.7697,40.8044,44.7214,20.1246,38.4708,15.6525,38.0132,58.5235,58.3095,52.2015,29.8329,7.07107,22.0227,22.4722,29.0689,23.5372,0,30,34.4819,39.6232,13.0384,23.0217,64.56,49.1935,69.6419,30.2655,56.5862,57.7235,63.561,17.72,21.9317,37.0135,29.1548,14.7648,19.0263,46.6154,55.0273,43.0813,37.1214,27.4591,15,11.0454,10.4403,9.21954,9.43398,15,64.622,39.2938,38.6394,41.4005
120.441,94.0319,146.728,112.161,127.769,109.202,93.2309,123.709,91.0494,75.213,88.4816,78.032,84.5991,87,54.3783,65.7647,91.2688,94.1116,99.925,88.8876,64.56,100.846,86.8159,83.006,82.4924,152.506,161.307,125.801,130.269,157.991,54.1202,55.7584,57.0088,51.4782,36.7967,35.3553,33.3017,29.7321,28.2843,32.0156,23.4307,25,29.1548,26.6271,29.7321,29.7321,40.8534,55.0364,48.0416,40.6079,42.72,33.541,22.3607,15,10,26.9258,36.4005,55.9017,50,25,7.07107,35.3553,47.1699,30.4138,20.6155,23.0217,30,0,12.0416,10.2956,25.4951,23.5372,38,44.7214,65.192,52,59.4811,32.249,34.9285,14.7648,9.21954,21.4009,29.1548,35.3553,43.566,40.7063,45.607,16.1245,61.2699,13.3417,20.1246,21.4009,22.4722,20.8087,28.0179,16.1555,55.3173,16.1245,28.6531,11.4018
131.883,105.683,158.373,123.065,139.284,120.017,104.216,135.429,102.942,87.2009,100.21,89.5879,96.2601,99.0353,66.0303,77.1751,102.903,104.995,110.725,99.96,75.6108,112.308,98.387,94.8736,92.5743,164.137,172.525,137.321,141.792,169.523,59.4811,60.1664,60.3738,56.6127,48.8365,47.3814,45.3431,41.7732,40.3113,43.9318,35.4683,36.8782,40.8044,38.4187,31.9531,30.8707,29.8329,48.2701,41.4849,44.3847,40,22.8035,11.1803,25.2982,8.06226,25.4951,27.0185,44.9444,38.2753,17.8885,19.105,38.0132,46.6905,26.0768,12.6491,18.0278,34.4819,12.0416,0,17.4642,34.1321,34.5398,30.0832,33.8378,53.7122,49.4065,49.6488,23.3452,29.6816,16.7631,18.9737,9.84886,21.8403,34.7131,43.1856,29.7321,33.8378,9.21954,59.203,7.81025,20.5913,23.7697,30,26.3059,29.1548,24.0832,43.4166,5,17.72,15
115.378,89.6437,142.201,105.991,122.886,102.883,87.2353,119.474,87.6812,74.7061,84.386,73.4098,80.2808,85,50.2494,60.803,86.8332,97.1648,103.097,91.5915,67.6018,102.489,88.2326,83.2586,87,153.388,163.322,127.138,131.575,159.176,62.9682,65,66.6033,60.4649,35.7771,34,32.6956,29.1548,27.313,29.6816,23.7697,22.8254,25.6125,23.8537,19.8494,20.2485,40.8044,64.3817,57.4282,50.2494,52.9245,40.2616,24.2074,21.9317,10.2956,37.1618,44.2832,62.2977,55.0091,21.9317,10.7703,45.3431,57.4543,40.2616,29,32.5576,39.6232,10.2956,17.4642,0,33.1059,28.2843,34.2053,51.2445,70.6824,62.2415,67.082,29.9666,29.0172,25.0599,17.8045,27.2029,38.0526,45.6508,53.8516,47.1275,50.5371,15.5563,71.5542,22.0907,30.4138,31.6228,31.0644,30.4138,38.2753,25,59.6825,19.2354,35.171,4.47214
115.135,87.9318,139.316,110.318,121.758,107.912,91.6624,116.078,82.4621,60.803,81.9085,73.5459,78.848,75.2928,51.1566,63.2851,85.44,72.0902,77.6209,67.5352,43.566,80.9938,67.8012,66.4831,58.6941,133.147,140.036,106,110.454,138.062,30.4795,33.3017,36.0555,28.2843,30.0666,30,27,25.1794,25.4951,30.4138,21.1896,26.9258,31.6228,28.7924,52.4786,53.2353,63.7887,55.0364,48.7647,21.1896,36.4005,47.1699,45.2769,11.1803,35.3553,25,46.0977,67.2681,65.192,50.2494,22.3607,20,35,32.0156,33.541,30,13.0384,25.4951,34.1321,33.1059,0,10.198,63.1981,57.0088,78.1025,43.2897,66.8431,57.0088,60.4152,19.6977,16.2788,39.8497,36.8782,27.2029,32.0624,53.8238,61.4003,41.1096,50.04,29.1204,20.6155,16.9706,5,10.6301,20.1246,10.0499,71.3442,39.1152,43.8292,36.0555
106.283,79.1202,131.046,100.807,113.088,98.3107,82.0366,107.787,74.2428,54.4518,73.1642,64.2884,69.8928,68.0074,41.4367,53.6004,76.5506,70.6045,76.4003,65.4599,41.1096,77.8203,64.0078,61.2209,59.1354,129.769,137.993,102.859,107.331,135.059,39.0512,42.4382,45.6508,37.2022,20.3961,20.0998,17.1172,15.0333,15.2971,20.2237,11.1803,17,21.5407,18.7883,46.2385,47.4342,64.195,63.5689,57.0088,31.3209,45.7056,51.6624,45.5412,9.43398,33.3766,32.6956,51.8556,73,69.527,48.2597,18,30.0666,45.0444,39.3573,37.5366,35.609,23.0217,23.5372,34.5398,28.2843,10.198,0,61.2046,62.2415,83.4506,53.0848,73.7835,55.7315,57.0789,24.0832,15.6525,42.19,42.8019,36.4966,42,58.6941,65.437,39.6232,60.1332,31.6228,26.9258,24.1661,13.1529,18.0278,28.8617,13.6015,75.4321,39.2173,47.634,32.0624
142.948,119.004,170.449,131.21,150.695,127.801,113.455,148.553,118.6,108.337,114.337,102.825,109.986,117.478,81.2712,90.1388,116.181,131.214,137.117,125.718,101.607,136.682,122.413,117.175,120.337,187.387,197.525,161.276,165.705,193.259,89.56,90.1388,90.0777,86.6833,69.6419,67.7791,66.7308,63.2456,61.3514,63.1585,57.9741,56.648,58.6003,57.3847,28.4253,25.6125,15,68.0074,62.482,74.3303,66.4003,37.8021,20.5913,53,28,54.1202,44.8219,51.6624,40.7922,13,43.2897,67.7791,74.6257,52.4309,38.5876,45.2769,64.56,38,30.0832,34.2053,63.1981,61.2046,0,43.8634,55.0818,75.2861,60.7454,7.2111,8.94427,46.8402,47.0425,30.2324,45.4533,63.1348,71.3442,40.7063,37.3631,22.0907,85.1469,37.3363,50.3289,53.7587,59.5399,56.2939,58.6941,53.3385,42.0476,25.2982,34.6554,29.8329
165.124,138.571,191.23,156.78,172.409,153.769,137.884,168.119,135.093,116.692,132.925,122.674,129.139,129.958,98.9798,110.476,135.831,128.129,133.36,124.02,100.439,137.877,124.808,123.167,113.159,189.995,196.01,162.807,167.242,194.733,69.6348,67.7422,65.192,66.7083,80.2122,79.0569,76.6094,73.2393,72.111,76.3217,66.8506,69.4622,73.8241,71.1969,62,60.0333,30.8058,26.6271,23.4094,54.1202,35,11.1803,30,53.1507,41.2311,33.541,11.1803,11.1803,10,40.3113,51.4782,47.4342,45,26.9258,25,27.0185,49.1935,44.7214,33.8378,51.2445,57.0088,62.2415,43.8634,0,21.2132,40.7922,17.2627,37.9473,50,38.1838,47.8017,24.0416,20.2485,38.0789,43.1045,4.12311,8.94427,38.2099,49.3356,31.9061,36.4005,40.2244,52.0096,46.4004,39.8121,48.7955,16.1245,32.5576,16.1555,48.2701
185.569,159.223,211.917,176.664,192.938,173.566,157.867,188.876,156.013,137.902,153.652,143.21,149.79,151.093,119.57,130.863,156.461,148.718,153.834,144.779,121.4,158.808,145.866,144.361,133.36,210.874,216.449,183.674,188.096,215.502,88.2553,85.7263,82.4621,85.44,101.213,100,97.6166,94.2019,93.0054,97.0824,87.8009,90.1388,94.3398,91.8096,78.4474,76.1183,40.1123,37,37.6563,73.4098,52.2015,32.0156,47.4342,74.3303,60.4152,54.0833,32.0156,11.1803,15.8114,55.9017,72.111,67.082,61.8466,47.1699,46.0977,48.1664,69.6419,65.192,53.7122,70.6824,78.1025,83.4506,55.0818,21.2132,0,55.4437,18.1108,51.0882,63.0079,59.397,68.884,43.909,41.2311,57.2713,60.7289,24.8395,20.2485,56.3028,62,52.8015,57.4891,61.2209,73.1095,67.4759,60.208,70.0071,13.0384,51.4782,36.6197,67.2309
157.892,130.729,181.221,153.584,164.283,151.199,134.952,158.114,124.619,100.722,124.664,116.726,121.807,116.245,94.4299,106.569,128.32,101.119,105.418,98.4937,78.2304,113.569,102.65,104.317,84.22,164.055,166.817,137.208,141.428,167.765,36.2353,32.45,28.178,33.9706,73.3348,73.171,70.1783,68.0294,68,73,63.0317,68.1836,73.171,70.1783,80.6226,79.925,66.7308,19.3132,18,25.9422,9.43398,39.3573,55.1725,48.2597,56.6039,25.0799,32.6956,45.0444,50.636,65.7951,55.0818,23.5372,9.43398,23.4307,37.5366,31.4006,30.2655,52,49.4065,62.2415,43.2897,53.0848,75.2861,40.7922,55.4437,0,38.0789,68.1175,77.7946,37.3363,47.2969,45.2769,29.8329,17.2627,11.4018,40.8044,49.4773,58.4123,9.89949,41.8808,31.9531,31.7805,40.0125,36.1248,25.318,42.2966,56.3205,52.4976,41.0488,62.1772
178.941,152.053,204.472,171.47,186.046,168.573,152.506,181.246,147.851,127.613,146.25,136.473,142.664,141.736,112.805,124.615,149.372,135,139.846,131.503,108.931,146,133.66,133.207,118.983,197.717,202.193,170.552,174.917,202.002,72.45,69.4622,65.7875,69.7711,93.0591,92.1303,89.4707,86.3134,85.4283,89.9611,80.0562,83.3847,88.0227,85.235,79.0569,77.1622,46.9574,19.105,21.0238,58.5235,36.2353,27.074,47.0956,65.3682,57.4282,41.8688,23.0868,10.6301,21.4009,57.5587,65.7875,52.8015,45.31,34.8281,38.8973,38.4708,56.5862,59.4811,49.6488,67.082,66.8431,73.7835,60.7454,17.2627,18.1108,38.0789,0,55.0818,67.1863,50.1199,60.8358,40.1995,31.305,42.8019,44.7214,21.095,23.7065,55.0091,44.0454,46.1736,46.8722,50,62.0081,56.4004,47.3814,60.208,24.2074,49.0918,32.1403,64.4981
141.993,117.38,169.331,130.92,149.683,127.581,112.801,147.105,116.387,104.657,112.486,101.119,108.208,114.547,78.8733,88.3912,114.551,126.147,132.004,120.785,96.5401,132.189,117.987,113.217,114.739,183.308,192.925,156.952,161.4,189.042,82.7103,83.1685,83.006,79.8123,65.7419,63.9531,62.6498,59.0931,57.2713,59.5399,53.4883,52.7731,55.2268,53.7122,28.6356,26,12.53,61.2944,55.6058,67.3573,59.203,31.0644,13.4164,47.1699,22.3607,46.9574,38.0132,46.5296,36.0555,8.06226,38.0789,60.7454,67.4166,45.2217,31.3847,38.0789,57.7235,32.249,23.3452,29.9666,57.0088,55.7315,7.2111,37.9473,51.0882,68.1175,55.0818,0,12.1655,40.025,41.0488,23.0217,38.2884,55.9464,64.1405,34.5398,32.249,16.1245,77.9872,30.3645,43.3244,46.8402,53.1507,49.6488,51.6236,47.0425,38.2099,18.4391,27.6586,25.4951
134.38,110.752,161.929,122.442,142.144,119.017,104.805,140.186,110.68,101.592,106.212,94.6414,101.828,110.059,73.5731,82.0061,107.935,126.02,131.973,120.354,96.5194,130.729,116.417,110.68,116.004,180.892,191.604,155.081,159.48,186.904,88.3912,89.4707,89.9444,85.6154,63.3246,61.4003,60.6383,57.2713,55.3173,56.6127,52.469,50.448,51.8652,50.9608,19.799,16.9706,23.3452,72.5603,66.5733,73.7902,68.593,42.4853,22.8035,49.6488,25.2982,55,49.2443,58.6941,48.1664,12.0416,39.1152,67.6018,76.0592,54.4518,40.3113,46.7547,63.561,34.9285,29.6816,29.0172,60.4152,57.0789,8.94427,50,63.0079,77.7946,67.1863,12.1655,0,46.0652,44.1475,32.6497,48.2701,64.2028,72.6223,46.4866,44.4072,20.5913,87.6926,37.4433,50.2494,53.2353,57.28,54.7814,58.8303,50.9608,50.04,25.6125,38.5876,25.02
128.95,101.98,154.353,122.123,135.989,119.369,103.16,131.126,97.7548,78.5175,96.1509,86.539,92.6121,92.0054,62.9682,74.9466,99.3177,91.7878,97.3088,87.2067,63.1348,100.499,87.0919,85.0412,78.1601,152.643,159.731,125.539,130,157.648,42.72,43.4626,43.909,39.8497,42.9418,42.0476,39.3573,36.2491,35.4683,40.1622,30.0832,33.9559,38.833,35.9026,44.2041,43.9318,45.0444,42.2966,35.3553,27.7308,28.1603,27.8029,27.1662,15.2643,21.4009,12.3693,27.8029,48.9183,45.8039,34.5398,18.1108,21.6333,32.45,17.1172,13.8924,11.6619,17.72,14.7648,16.7631,25.0599,19.6977,24.0832,46.8402,38.1838,59.397,37.3363,50.1199,40.025,46.0652,0,11.1803,20.3961,18.868,20.5913,28.8444,34.7131,41.8808,25.4951,46.5188,10,5.38516,7.2111,14.8661,10.0499,13.4536,10.6301,51.8652,21.587,24.1868,25.6125
118.106,91.2414,143.757,111.018,125.22,108.24,92.0489,120.569,87.367,69.4262,85.4751,75.6439,81.8413,82.2192,52,63.9062,88.5494,86.0233,91.7606,80.9938,56.648,93.4719,79.6492,76.6094,73.8241,145.413,153.574,118.512,122.984,150.712,45.2769,47.2017,48.8365,42.72,32.45,31.3847,28.8444,25.5539,24.5967,29.1548,19.2354,22.8035,27.6586,24.7386,37.6431,38.0132,48.7647,53.4603,46.5296,32.5269,38.4708,36.8782,30.0832,6.32456,19.105,23.0217,38.0789,58.8218,54.4518,34.0588,8.06226,28.0179,41.2311,28.2843,22.8035,22.4722,21.9317,9.21954,18.9737,17.8045,16.2788,15.6525,47.0425,47.8017,68.884,47.2969,60.8358,41.0488,44.1475,11.1803,0,26.6271,29.5466,30.0832,37.6962,44.0454,50.2494,25,55.9732,16.2788,16,15.5242,13.4164,12.8062,22.1359,7.2111,60.208,23.7697,32.5269,20.1246
141.662,115.378,168.074,132.914,149.04,129.865,114.061,145.086,112.446,95.901,109.859,99.3227,105.948,108.19,75.7166,86.954,112.606,111.79,117.393,107.019,82.7647,119.883,106.174,103.228,98.4937,171.919,179.627,144.941,149.412,177.124,61.5224,61.3922,60.7289,58.5491,58,56.6392,54.4518,50.9313,49.5782,53.4135,44.5533,46.4004,50.4777,48.0104,39.6232,38.0789,25.0799,40.8534,34.4384,45.7056,36.2353,13.1529,9.89949,32.7567,17.2627,24.3516,18.2483,35.1141,28.6007,20.8087,28.4253,38.833,44.4185,22.2036,8.544,15.2315,37.0135,21.4009,9.84886,27.2029,39.8497,42.19,30.2324,24.0416,43.909,45.2769,40.1995,23.0217,32.6497,20.3961,26.6271,0,15.6205,33.1059,41.1825,19.9249,24.2074,15.2971,55.1725,10.7703,22.0227,26,35.171,30.4138,29.6142,30.0832,33.9706,9.05539,8.06226,24.3311
147.648,120.748,173.185,140.407,154.742,137.568,121.433,149.967,116.619,97.0824,114.948,105.19,111.36,110.802,81.5414,93.4077,118.068,107.912,113.177,103.774,80.2122,117.644,104.637,103.247,93.1075,169.753,175.824,142.562,146.997,174.485,51.1566,50.01,48.3735,48.1664,61.7738,60.8276,58.1808,55.0091,54.1295,58.6941,48.7545,52.2015,56.921,54.0833,53.7587,52.5547,37.6962,26.4764,19.6469,35.2278,21.095,12.0416,25.4951,34.1321,29.8329,13.6015,9.21954,30.4138,29.1548,36.4005,34.9285,28.2843,30.0832,8.06226,9.21954,7.2111,29.1548,29.1548,21.8403,38.0526,36.8782,42.8019,45.4533,20.2485,41.2311,29.8329,31.305,38.2884,48.2701,18.868,29.5466,15.6205,0,20.0998,27.2029,17.4642,25.9615,29.9666,39.6989,16,16.2788,20,31.8904,26.2488,19.9249,29.2062,35.4683,23.7065,11.7047,36.4966
142.338,115.135,166.388,137.295,148.946,134.807,118.533,143.171,109.563,86.954,109.11,100.663,106.042,101.966,77.9295,90.0944,112.641,92.2009,97.0824,88.7299,66.5282,103.325,91.2853,91.6079,76.3217,154.932,159.531,127.781,132.136,159.201,31.5753,30.0167,28.2843,28.6356,56.8859,56.5685,53.6004,51.2445,51.0882,56.0803,46.0109,51.0392,56.0357,53.0377,64.6375,64.2028,57.28,28.3019,22.6716,16.1555,9.21954,32.0156,42.5441,31.0644,41.1096,9.21954,27.2947,46.0977,47.8539,52.2015,37.9473,10,12.0416,12.0416,24.5967,17.8885,14.7648,35.3553,34.7131,45.6508,27.2029,36.4966,63.1348,38.0789,57.2713,17.2627,42.8019,55.9464,64.2028,20.5913,30.0832,33.1059,20.0998,0,8.48528,36.3456,45.2769,43.9318,26,26.9072,15.2643,14.5602,23.3452,19,8.06226,25.0799,54.1295,38.6005,31.5753,46.0435
146.492,119.331,169.85,142.274,152.882,139.918,123.685,146.731,113.225,89.4707,113.265,105.38,110.422,104.924,83.2166,95.3362,116.927,91.351,95.901,88.3912,67.424,103.325,92.0054,93.2952,74.8131,154.311,157.867,127.311,131.59,158.256,27.7308,25,22.0907,25.0599,62.1289,62.0322,59.0339,57.0088,57.0789,62.0725,52.2398,57.5587,62.514,59.5399,73.0068,72.6223,64.846,27.6586,23.7065,15,8.544,38.6394,50.774,37.855,49.5782,17.6918,33.0606,49.7293,53.0848,60.6053,45.6946,12.1655,3.60555,19.3132,32.7567,26.0768,19.0263,43.566,43.1856,53.8516,32.0624,42,71.3442,43.1045,60.7289,11.4018,44.7214,64.1405,72.6223,28.8444,37.6962,41.1825,27.2029,8.48528,0,42.0119,51.0098,52.4023,18.4391,35.3836,23.6008,22.3607,29.0689,25.7099,15.6525,32.0156,59.2115,47.0106,38.8973,54.4059
161.137,134.629,187.302,152.712,168.44,149.693,133.825,164.21,131.244,113.137,129.004,118.701,125.196,126.254,95.0158,106.471,131.883,125.3,130.599,121.078,97.3499,134.792,121.606,119.754,110.571,186.936,193.238,159.765,164.21,191.755,67.897,66.2722,64.0078,64.9384,76.4003,75.213,72.8011,69.4046,68.2422,72.4017,63.0079,65.5134,69.8355,67.2309,58.0086,56.0803,28.3196,28.3196,24.1868,52.1728,34.2345,7.2111,26.0192,49.5177,37.108,31.0161,9.05539,15.2315,11.7047,36.4966,47.5079,45.3542,44.1814,24.7386,21.2603,23.8537,46.6154,40.7063,29.7321,47.1275,53.8238,58.6941,40.7063,4.12311,24.8395,40.8044,21.095,34.5398,46.4866,34.7131,44.0454,19.9249,17.4642,36.3456,42.0119,0,9,34.1321,49.7695,28.0179,33.2866,37.2156,48.8262,43.2666,37.3363,45.3431,18.0278,28.4429,12.083,44.1475
165.68,139.521,192.211,156.525,173.104,153.405,137.768,169.257,136.653,119.67,134.034,123.422,130.096,132.276,99.8649,110.982,136.741,133.27,138.654,128.891,104.957,142.359,128.969,126.657,118.849,194.51,201.246,167.386,171.843,199.462,76.7919,75.2396,73.0068,73.8241,82.134,80.8084,78.5684,75.0733,73.7564,77.6209,68.6804,70.6045,74.6324,72.2011,58.5491,56.3205,23.2594,35.5106,32.311,61,43.1856,14.3178,27.2029,56.0803,40.2492,39.5601,18.0278,14.3178,4.47214,36.1248,52.6308,54.1295,53.1507,33.541,28.0179,31.7805,55.0273,45.607,33.8378,50.5371,61.4003,65.437,37.3631,8.94427,20.2485,49.4773,23.7065,32.249,44.4072,41.8808,50.2494,24.2074,25.9615,45.2769,51.0098,9,0,36.0555,58.1893,33.9706,41.1461,45.1885,56.4358,51,45.8803,52.4309,10,31.305,17.8045,47.0106
130.668,105.119,157.61,120.83,138.221,117.648,102.215,134.952,103.238,89.6939,99.905,88.8651,95.7758,100.424,65.7951,76.2168,102.303,110.114,115.953,104.809,80.5233,116.456,102.318,97.949,98.6154,167.839,177.088,141.315,145.774,173.462,68.0074,68.942,69.3542,65.192,50.774,49.0918,47.5079,43.909,42.19,45,38.0132,38.0132,41.1096,39.2046,24.3311,22.8035,25.5539,55.9732,49.3964,53.2259,49.0408,28.0179,8.94427,31.0644,6.32456,34.7131,33.541,48.8365,40.4969,9.21954,22.1359,47.0106,55.9017,35,21.095,27.0185,43.0813,16.1245,9.21954,15.5563,41.1096,39.6232,22.0907,38.2099,56.3028,58.4123,55.0091,16.1245,20.5913,25.4951,25,15.2971,29.9666,43.9318,52.4023,34.1321,36.0555,0,68.2495,17.0294,29.6816,32.6497,37.4833,34.4819,38.2753,31.257,44.7214,6.32456,23.0868,11.4018
163.169,136.132,185.723,159.706,169.319,157.458,141.287,162.782,129.522,104.676,130.05,122.691,127.424,120.503,101.02,113.071,133.821,101.671,105.551,99.6243,80.9568,114.856,104.809,107.424,84.386,164.268,165.849,137.768,141.873,167.598,36.6197,32.0156,26.9072,34.9857,80,80.025,77.026,75.1665,75.326,80.3057,70.5762,75.9539,80.895,77.9295,90.2109,89.5879,76.3217,25,25.9615,30.4138,19.2094,48.8774,65.0692,56.2939,66.2873,34.4819,42.0595,52.2398,58.9406,75.6902,63.9062,30.0666,15.1327,33.3017,47.4236,41.2311,37.1214,61.2699,59.203,71.5542,50.04,60.1332,85.1469,49.3356,62,9.89949,44.0454,77.9872,87.6926,46.5188,55.9732,55.1725,39.6989,26,18.4391,49.7695,58.1893,68.2495,0,51.614,41.1461,40.4969,47.3814,44.1475,33.8378,50.448,64.3273,62.3699,50.8035,71.6938
133.297,106.677,159.327,125.355,140.545,122.43,106.405,136.213,103.228,85.703,101.02,90.824,97.2471,98.4124,67.1193,78.721,103.942,101.02,106.626,96.2549,72.0139,109.179,95.5249,92.8009,87.8009,161.245,168.861,134.239,138.708,166.412,52.3927,52.811,52.8015,49.4773,48.4149,47.2017,44.8219,41.4005,40.2244,44.4185,35,37.5899,42.0476,39.3573,38.9102,38.0789,35.0571,42.2966,35.3553,37,32.45,20.8087,17.2627,22.2036,14.7648,17.6918,23.0868,43.0465,38.1838,25.5539,19.6977,30.4631,38.8973,18.7883,7.28011,10.7703,27.4591,13.3417,7.81025,22.0907,29.1204,31.6228,37.3363,31.9061,52.8015,41.8808,46.1736,30.3645,37.4433,10,16.2788,10.7703,16,26.9072,35.3836,28.0179,33.9706,17.0294,51.614,0,13,16.4924,24.5153,20.025,21.4709,19.3132,43.9318,12.083,16.2788,20.8806
132.774,105.702,157.867,126.384,139.714,123.693,107.448,134.614,101.119,80.9197,99.8098,90.4765,96.3846,94.8683,67.0522,79.1202,103.078,92.1303,97.509,87.818,64.0703,101.514,88.4081,86.977,77.8332,153.652,160.103,126.479,130.924,158.474,39.6232,39.8497,39.8121,36.6742,46.6154,45.8803,43.0813,40.1622,39.5601,44.3847,34.2053,38.4708,43.4166,40.4475,49.4065,49.0408,47.0956,37.6563,30.8058,24.0416,22.8035,26.8328,30.0832,18.9737,26.1725,7.07107,25.4951,46.6905,44.7772,38.4708,23.3452,17.4642,27.2029,12.6491,14.1421,9.43398,15,20.1246,20.5913,30.4138,20.6155,26.9258,50.3289,36.4005,57.4891,31.9531,46.8722,43.3244,50.2494,5.38516,16,22.0227,16.2788,15.2643,23.6008,33.2866,41.1461,29.6816,41.1461,13,0,4.12311,15.6205,10,8.60233,13.4164,51,25.0799,24.0416,30.8058
130.384,103.247,155.206,124.427,137.233,121.807,105.537,131.947,98.387,77.6209,97.3088,88.2326,93.984,91.8096,65,77.1298,100.658,88.1192,93.4719,83.863,60.2163,97.6524,84.6463,83.4506,73.736,149.773,156.083,122.589,127.028,154.548,35.9026,36.4005,36.7151,32.9848,44.2719,43.6807,40.8044,38.0789,37.6563,42.5793,32.3883,37.054,42.0476,39.0512,51.0882,50.9313,51.0392,39.5601,32.8938,20.6155,23.0868,30.8707,33.7343,17.1172,28.6007,8.544,29.2062,50.3289,48.7647,41.6293,23.4094,14.4222,25.9422,15.2643,18.2483,13.4164,11.0454,21.4009,23.7697,31.6228,16.9706,24.1661,53.7587,40.2244,61.2209,31.7805,50,46.8402,53.2353,7.2111,15.5242,26,20,14.5602,22.3607,37.2156,45.1885,32.6497,40.4969,16.4924,4.12311,0,12.0416,6.40312,6.7082,11.1803,55.0091,28.4605,28.1603,32.5576
119.218,92.0272,143.673,113.952,125.936,111.463,95.1893,120.42,86.8159,65.6049,86.0349,77.3692,82.8613,79.925,54.5894,66.7533,89.493,76.9675,82.4621,72.4707,48.5489,85.9826,72.8011,71.4213,63.3246,138.134,144.931,110.982,115.434,143.031,31.9061,34.0588,36.1248,29.4109,33.541,33.2415,30.2655,28.0179,28.0179,33.0151,23.1948,28.6356,33.541,30.5941,50.8035,51.3128,59.4138,50.6952,44.2832,20.2485,32.5576,42.19,41.0488,10,32.0156,20.2485,41.1096,62.2896,60.208,46.6905,20.6155,17.4642,32.249,27.2029,28.6356,25,10.4403,22.4722,30,31.0644,5,13.1529,59.5399,52.0096,73.1095,40.0125,62.0081,53.1507,57.28,14.8661,13.4164,35.171,31.8904,23.3452,29.0689,48.8262,56.4358,37.4833,47.3814,24.5153,15.6205,12.0416,0,5.65685,15.8114,6.32456,66.3702,35,38.9102,33.541
124.31,97.1442,148.977,118.663,131.103,116.103,99.8248,125.718,92.1358,71.218,91.1811,82.28,87.9204,85.44,59.2284,71.3863,94.578,82.2922,87.7268,77.8974,54.0833,91.526,78.4092,77.0779,68.3081,143.67,150.27,116.503,120.95,148.519,33.6155,34.9857,36.2353,30.8707,38.3275,37.855,34.9285,32.3883,32.1403,37.1214,27.0185,32.0624,37.054,34.0588,50.2494,50.448,55.0818,45.5412,39,19.8494,28.0713,36.7151,37.054,12.1655,29.5466,14.7648,35.4683,56.6392,54.7083,43.6807,20.8087,15.2643,29.1204,21.6333,23.4094,19.4165,9.21954,20.8087,26.3059,30.4138,10.6301,18.0278,56.2939,46.4004,67.4759,36.1248,56.4004,49.6488,54.7814,10.0499,12.8062,30.4138,26.2488,19,25.7099,43.2666,51,34.4819,44.1475,20.025,10,6.40312,5.65685,0,11.0454,6.32456,60.9016,31.257,33.6155,32.2025
135.03,107.838,159.411,129.634,141.739,127.098,110.82,136.165,102.552,80.7094,101.843,93.145,98.6712,95.3834,70.214,82.3772,105.304,88.5099,93.6483,84.6286,61.6198,98.8585,86.3134,85.9127,73.3485,150.801,156.285,123.6,128.004,155.332,32.0624,31.7805,31.3847,29.0689,49.2443,48.8365,45.8912,43.4166,43.1856,48.1664,38.0526,43.0116,48.0104,45.0111,57.6281,57.3847,54.5894,34.9285,28.6531,16.1245,17.0294,31.7805,38.2753,23.0217,34.7131,6.32456,28.6356,49.0918,49.0408,47.0106,30.0832,9.21954,19.2354,13.0384,21.2132,15,9.43398,28.0179,29.1548,38.2753,20.1246,28.8617,58.6941,39.8121,60.208,25.318,47.3814,51.6236,58.8303,13.4536,22.1359,29.6142,19.9249,8.06226,15.6525,37.3363,45.8803,38.2753,33.8378,21.4709,8.60233,6.7082,15.8114,11.0454,0,17.0294,55.3624,33.541,30.0666,39.0512
119.403,92.3093,144.451,113.265,126.317,110.635,94.3663,121.198,87.7097,67.9412,86.406,77.1622,83.006,81.6088,53.8516,65.9697,89.6939,81.7068,87.3155,76.9675,52.7731,90.05,76.5506,74.411,68.6586,142.172,149.563,115.104,119.57,147.248,38.0789,40,41.7253,35.5106,33.2415,32.573,29.7321,26.9258,26.4764,31.4006,21.2132,26,31,28,44.8219,45.2217,53.7587,50.6952,43.9659,25.4951,34,38.4187,35.2278,6,25.7099,19.6469,38.2884,59.4643,56.4004,40.4475,14.8661,21.4709,35.4401,26,24.4131,22.0227,15,16.1555,24.0832,25,10.0499,13.6015,53.3385,48.7955,70.0071,42.2966,60.208,47.0425,50.9608,10.6301,7.2111,30.0832,29.2062,25.0799,32.0156,45.3431,52.4309,31.257,50.448,19.3132,13.4164,11.1803,6.32456,6.32456,17.0294,0,62.426,29.0689,34.6699,27.2947
175.026,149.03,201.695,165.529,182.497,162.361,146.86,178.807,146.349,129.634,143.6,132.88,139.617,142.144,109.403,120.37,146.24,143.126,148.476,138.798,114.909,152.322,138.957,136.653,128.55,204.475,211.092,177.341,181.797,209.402,85.703,83.863,81.3019,82.7647,91.9674,90.6091,88.4138,84.8999,83.5464,87.3212,78.5175,80.2808,84.2021,81.8352,65.9697,63.561,27.074,40.1622,38.4708,70.0928,51.0392,24.1868,35.7771,66.0681,49.3964,49.0408,26.9258,13.6015,6.32456,43.4166,62.3699,63.3246,61.0328,42.72,38.0132,41.5933,64.622,55.3173,43.4166,59.6825,71.3442,75.4321,42.0476,16.1245,13.0384,56.3205,24.2074,38.2099,50.04,51.8652,60.208,33.9706,35.4683,54.1295,59.2115,18.0278,10,44.7214,64.3273,43.9318,51,55.0091,66.3702,60.9016,55.3624,62.426,0,40.4969,27.8029,55.9464
134.529,108.6,161.236,125.22,142.004,122.102,106.471,138.405,106.217,91.2634,103.233,92.4175,99.2018,102.728,69.029,79.8812,105.802,109.768,115.521,104.676,80.3243,116.867,102.883,99.1262,97.4936,168.6,177.2,141.852,146.322,174.049,64.2884,64.846,64.8845,61.4003,52.6308,51.0882,49.2037,45.607,44.0454,47.3814,39.4081,40.3113,43.9318,41.7253,30.5941,29.1204,25,49.6488,43.0813,49.0408,43.1856,22.0227,6.32456,30.0832,8.94427,29.4109,27.2947,43.4166,35.7771,13.6015,23.0217,42.5441,50.448,29.0689,15,21.2132,39.2938,16.1245,5,19.2354,39.1152,39.2173,25.2982,32.5576,51.4782,52.4976,49.0918,18.4391,25.6125,21.587,23.7697,9.05539,23.7065,38.6005,47.0106,28.4429,31.305,6.32456,62.3699,12.083,25.0799,28.4605,35,31.257,33.541,29.0689,40.4969,0,17,15.8114
149.094,122.642,175.328,140.631,156.416,137.615,121.742,152.266,119.403,101.912,117.047,106.677,113.208,114.691,83.006,94.414,119.887,115.871,121.334,111.364,87.3212,124.68,111.221,108.853,101.843,176.819,183.84,149.723,154.185,181.835,62,61.2046,59.8415,59,64.6607,63.4114,61.0737,57.6281,56.4004,60.4649,51.225,53.535,57.8014,55.2268,47.3814,45.7056,26,34,28.0179,46,32.6497,5.09902,16.1555,38.2884,25.318,24,10.7703,27.313,21.9317,27.313,35.5106,39,41.7852,19.6469,10.2956,15.1327,38.6394,28.6531,17.72,35.171,43.8292,47.634,34.6554,16.1555,36.6197,41.0488,32.1403,27.6586,38.5876,24.1868,32.5269,8.06226,11.7047,31.5753,38.8973,12.083,17.8045,23.0868,50.8035,16.2788,24.0416,28.1603,38.9102,33.6155,30.0666,34.6699,27.8029,17,0,32.3883
119.281,93.723,146.209,109.59,126.827,106.438,90.9175,123.556,91.9348,79.177,88.5268,77.4661,84.386,89.4036,54.4518,64.8151,90.9065,101.435,107.355,95.901,71.8471,106.902,92.6553,87.7268,91.022,157.848,167.72,131.575,136.015,163.625,65.3682,67.1193,68.4105,62.7694,40.2492,38.4708,37.1618,33.6155,31.7805,34.1321,28.1603,27.2947,30,28.3019,18.6011,18.3848,36.4005,62.9682,56.0892,52.0096,52.7731,37.4833,20.2485,25,7.07107,37.2156,42.0119,59.203,51.4782,17.4642,14.1421,46.6905,58.0086,39.5601,27.2947,31.6228,41.4005,11.4018,15,4.47214,36.0555,32.0624,29.8329,48.2701,67.2309,62.1772,64.4981,25.4951,25.02,25.6125,20.1246,24.3311,36.4966,46.0435,54.4059,44.1475,47.0106,11.4018,71.6938,20.8806,30.8058,32.5576,33.541,32.2025,39.0512,27.2947,55.9464,15.8114,32.3883,0
