0,32.5576,14.5602,32.2025,32.2025,24.8395,21.0238,31.5753,17.8045,15.5563,26.4008,16.6433,26.4008,46.8722,45.3542,42.45,40.7063,22.8473,28.2312,16.4924,29.2746,39.2046,46.1736,27.7849,37.6431,19.4165,10.8167,12,24.0416,11.0454,10.4403,20.8806,12.3693,24.7386,27.2029,40.5216,35.805,56.8507,41.5933,24.0208,83.2406,82.28,56.6039,67.0075,100.722,77.801,95.7131,95.5249,105.622,135.831,137.906,94.8472,99.7647,127.424,118.701,93.8136,96.2549,87.6584,87.9659,82.8794,77.8781,108.904,112.058,119.269,162.003,125.16,102.859,130.25,97.949,103.947,149.282,106.85,97.6729,100.499,102,125.399,105.209,137.244,107.517,121.631,127.781,86.977,83.8153,78.7909,82.9277,61.4003,96.8969,125.431,88.4816,105.19,83.4865,77.9872,84.9588,83.2406,70.7672,63.8905,73.5527,83.8153,88.0057,79.8812
32.5576,0,34.4093,20.2237,23.8537,16.4012,36.2491,36.0694,47.4236,43.2897,50.2892,23.4307,9.43398,21.1896,13,25.1794,32.6956,27.4591,47.4236,49.0306,10.4403,12.2066,23.3238,34.9857,30.1496,16.4012,23,20.8806,38.2884,43.2897,35.2278,52,39.3573,48.4149,55.5698,54.2033,15.2971,32.311,25.4951,9.43398,109.986,101.242,82.2192,97.1288,132.004,107.912,127.236,123.227,137.928,163.248,164.104,122.442,127.44,151.093,141.993,119.553,120.934,113.172,117.346,110.422,109.786,136.821,142.706,149.883,190.234,153.052,125.252,156.311,127.318,132.201,176.581,130.969,125.252,124.579,124.964,152.398,130.832,164.657,135.248,149.807,154.311,115.209,109.713,110.725,113.6,91.7061,121.017,155.554,113.864,136.473,114.061,105.423,113.991,113.018,98.813,91.4002,102.343,109.713,118.207,105.418
14.5602,34.4093,0,25,42.72,33.541,35.3553,45.0444,15,29.1548,40.3113,11.1803,32.0156,53.1507,47.1699,51.4782,52.2015,35.3553,42.72,22.3607,26.9258,36.4005,40,14.1421,26.9258,18.0278,20.6155,16.1245,9.48683,21.2132,25,31.241,7.28011,14.1421,21.5407,55.0818,43.0116,64.0312,33.3766,25,75.743,70.3847,48.0833,63.0714,98.4327,73.7902,93.9202,88.8651,105.906,128.973,130.115,88.0909,93.086,118.004,109.041,85.5862,87.3212,79.2465,83.006,76.0592,77.1298,102.45,108.688,115.832,155.862,118.697,92.6499,122.348,92.9624,97.8008,142.341,97.6166,90.9065,91.214,92.0869,118.191,96.9381,130.384,100.896,115.421,120.216,80.8022,75.6637,78.1025,79.7057,57.7754,87.6185,121.314,79.9812,102.883,80.1124,71.0634,79.6116,78.7718,64.405,57.0088,67.9559,75.6637,84.0773,71.4493
32.2025,20.2237,25,0,41.2311,31.6228,46.0977,50.5371,40,47.1699,57.0088,15.8114,25.4951,41.2311,29.1548,45,50.9902,40.3113,56.5685,46.0977,10,14.1421,15,18.0278,10,14.1421,28.2843,22.0227,23.7697,42.72,40,52.9245,32.0624,36.4005,45.7056,66.4003,35,52.2015,9.43398,15.8114,95.7183,83.2406,68.0955,86.3308,122.123,96.7988,117.881,109.417,130.541,148.691,148.678,108.559,113.534,134.35,125.16,104.403,105.119,98.0051,105.19,96.7471,101.607,122.967,131.674,138.716,176.119,138.975,108.208,140.869,114.965,118.701,161.821,114.691,111.306,108.374,108.19,137.637,115.421,150.083,121.264,136.004,139.201,102,94.8683,102.591,103.092,81.3204,104.89,143.673,98.6002,126.531,103.407,91.7878,101.553,101.39,85.8662,78.2624,89.9611,94.8683,106.977,90.4434
32.2025,23.8537,42.72,41.2311,0,10,20.6155,13.9284,50,33.541,35.3553,35.3553,15.8114,20,29.1548,11.1803,10,11.1803,30,46.0977,31.6228,36.0555,47.1699,50.2494,50.9902,30,22.3607,26.9258,50.448,39.0512,27.2029,43.8292,43.909,55.9017,59.4054,32.6956,11.1803,26.9258,48.4665,25.4951,115.421,113.088,88.7525,98.3514,130.668,109.041,125.363,127.562,133.27,167.836,170.074,126.905,131.795,159.531,150.748,126.016,128.413,119.854,119.52,114.978,107.07,140.858,142.611,149.807,193.747,157.08,134.718,162.432,129.449,135.831,181.29,138.975,129.727,132.608,133.959,157.493,137.412,169.248,139.517,153.483,159.928,118.929,116.017,107.912,113.701,92.6984,129.004,156.339,120.673,135.093,114.337,110.114,116.675,114.63,102.825,96.0469,105.418,116.017,119.097,112.071
24.8395,16.4012,33.541,31.6228,10,0,20.6155,19.8494,42.4264,30.4138,35.3553,25.4951,7.07107,22.3607,25.4951,18.0278,20,11.1803,31.6228,40.3113,22.3607,28.2843,39.0512,40.3113,41.2311,20,14.1421,17.4642,40.8044,33.541,22.8035,40.2616,35.609,47.1699,51.6624,37.8021,11.1803,32.0156,39.3573,15.8114,107.713,103.87,80.604,91.8314,125.196,102.616,120.067,120.216,129.077,160.527,162.373,119.52,124.459,151.162,142.285,118.068,120.208,111.826,112.805,107.517,102,133.645,136.741,143.951,186.81,149.913,126.052,154.674,122.788,128.725,173.971,130.668,122.348,124.278,125.399,150.013,129.468,161.941,132.231,146.414,152.306,111.732,108.074,102.883,107.648,86.2148,120.673,150.207,112.614,129.653,108.227,102.591,109.786,108.074,95.462,88.459,98.3514,108.074,112.801,104.019
21.0238,36.2491,35.3553,46.0977,20.6155,20.6155,0,12.2066,36.4005,14.1421,15,33.541,26.9258,40.3113,46.0977,31.6228,25,10,11.1803,29.1548,39.0512,47.1699,57.0088,47.4342,54.0833,32.0156,18.0278,24.6982,44.7214,22.3607,11.1803,24.2074,33.0606,45.2769,45.5412,20.5913,30,47.4342,55.1725,32.0156,99.985,102.391,74.8465,80.9197,111.665,91.351,106.212,111.252,113.252,151.208,154.208,110.68,115.434,145.344,136.894,111.018,114.039,105.119,102.176,99.0202,87.8009,124.201,123.988,131.137,176.389,140.246,121.631,146.728,111.946,119.017,164.624,124.776,113.464,118.533,120.54,141.241,122.299,152.611,123.004,136.499,143.951,102.416,101.119,88.6002,95.462,75.2861,114.965,137.975,106.005,116.039,96.1665,94.3398,99.6393,97.0824,86.8217,80.6226,88.8144,101.119,101.139,97.4936
31.5753,36.0694,45.0444,50.5371,13.9284,19.8494,12.2066,0,48.1041,26.2488,24.1661,40.7922,26.9072,33.3766,42.9418,23,13.9284,10.4403,17.72,41.3401,41.8808,48.1041,58.8982,55.5788,59.6154,37.3363,25.1794,31.5753,54.0093,34.4819,22.8473,36.0694,43.9318,56.2939,57.3847,18.7883,25.0799,38.3275,58.8303,34.9857,112.161,113.759,86.8159,93.086,123.434,103.479,117.924,123.458,124.342,163.404,166.412,122.886,127.64,157.429,148.933,123.167,126.127,117.239,114.337,111.221,99.4887,136.4,135.882,143.01,188.521,152.434,133.54,158.928,124.085,131.21,176.816,136.85,125.67,130.587,132.503,153.447,134.462,164.806,135.207,148.678,156.157,114.621,113.252,100.265,107.49,87.4586,127.012,149.933,118.119,127.781,108.208,106.532,111.826,109.225,99.0202,92.7847,101.02,113.252,113.217,109.59
17.8045,47.4236,15,40,50,42.4264,36.4005,48.1041,0,25,35.3553,25.4951,43.0116,64.0312,60.4152,60.208,58.3095,40.3113,40,11.1803,41.2311,50.9902,55,26.9258,41.2311,31.6228,28.2843,26.9258,20.1246,15,25.2982,21.9317,8.24621,11.1803,9.43398,53,53.1507,74.3303,48.2597,38.0789,65.437,66.0984,38.9487,49.93,84.5813,60.7454,79.8499,77.7946,91.2195,118.106,120.104,77.1038,82.0366,109.772,101.119,76.0263,78.5493,69.8928,70.6045,65.1153,62.6418,91.2195,95.3834,102.577,144.423,107.49,85.4927,112.446,80.604,86.3134,131.552,89.1852,79.9312,82.8553,84.5281,107.629,87.4185,119.52,89.8053,104.005,109.986,69.3109,66.0303,63.6003,66.242,44.4185,79.2591,108.453,70.7248,89.0505,66.7308,60.208,67.4759,66.0303,53.0377,46.0977,55.9732,66.0303,71.0211,62.1289
15.5563,43.2897,29.1548,47.1699,33.541,30.4138,14.1421,26.2488,25,0,11.1803,32.0156,35,52.2015,55,44.7214,39.0512,22.3607,15,15.8114,42.72,52.2015,60.4152,43.0116,53.1507,33.541,20.6155,25.4951,38.4708,10,8.06226,10.2956,24.3516,35.3553,33.3766,28,41.2311,60.4152,56.6039,36.4005,86.3539,90.7965,61.9839,66.8431,97.6166,77.2334,92.2009,97.3499,99.7296,137.201,140.357,96.7988,101.514,132.004,123.693,97.4936,100.722,91.7061,88.0909,85.235,73.8173,110.209,109.877,117.034,162.274,126.21,108.784,132.925,97.8366,105,150.602,111.485,99.5691,105.309,107.564,127.315,108.706,138.6,109.041,122.442,130.085,88.4816,87.6641,74.6324,81.3204,61.2209,101.769,123.843,92.6121,102.005,82.0244,80.6226,85.6037,82.9759,73.0616,67.082,74.8866,87.6641,87,84.1724
26.4008,50.2892,40.3113,57.0088,35.3553,35.3553,15,24.1661,35.3553,11.1803,0,42.4264,41.2311,55.2268,60.8276,46.0977,38.0789,25,7.07107,25,51.4782,60.4152,69.4622,54.0833,63.6396,43.0116,29.1548,35,49.6488,20.6155,17.0294,15.5242,35.4683,46.0977,43,18.6815,45,61.8466,66.4003,44.7214,93.2309,100.245,70.406,72.2011,100.419,82.0975,94.7945,103.354,100.404,142.58,146.373,102.883,107.424,139.284,131.244,104.547,108.167,99.0202,93.1933,91.7061,76.3806,115.763,113.172,120.216,166.817,131.469,116.914,139.119,102.65,110.454,155.872,118.929,105.589,112.894,115.521,133.094,115.551,143.962,114.739,127.581,136.077,94.414,94.921,77.1038,85.4283,66.7308,109.417,127.405,99.96,104.69,86.2148,87.3212,91.0659,87.9204,79.7057,74.3303,80.9506,94.921,91.4002,91.7061
16.6433,23.4307,11.1803,15.8114,35.3553,25.4951,33.541,40.7922,25.4951,32.0156,42.4264,0,22.3607,43.0116,36.0555,42.72,45.2769,30.4138,43.0116,30.4138,15.8114,25.4951,30.4138,15,21.2132,7.07107,15.8114,9.21954,15.6525,26.9258,25.4951,37.1618,17.2627,25,32.6956,54.1202,33.541,54.0833,25.0799,14.1421,86.5563,79.177,58.7963,74.2496,109.563,84.9706,105.005,99.8098,116.709,139.818,140.73,99.0202,104.019,128.062,119.017,96.1769,97.6729,89.8053,94.1541,87.0057,88.0568,113.406,119.867,127.012,166.817,129.63,102.416,132.944,104.101,108.812,153.154,107.815,101.828,101.415,102.005,128.973,107.48,141.227,111.826,126.4,130.908,91.8368,86.3134,89.0225,90.8735,68.942,97.8366,132.484,90.5097,114.018,91.2853,82.0061,90.7359,89.9444,75.452,68.0074,79.0759,86.3134,95.2575,82.0366
26.4008,9.43398,32.0156,25.4951,15.8114,7.07107,26.9258,26.9072,43.0116,35,41.2311,22.3607,0,21.2132,20,20.6155,25.4951,18.0278,38.0789,42.72,15.8114,21.2132,32.0156,36.4005,35.3553,15.8114,15.8114,16.2788,38.0132,36.4005,27.0185,44.2832,35.4683,46.0977,51.8556,44.8219,11.1803,32.0156,32.6956,10,107.48,101.533,79.9812,92.9139,127.059,103.73,122.09,120.341,131.913,160.59,162.003,119.604,124.579,150,141.014,117.516,119.331,111.198,113.6,107.564,104.278,133.869,138.232,145.437,187.211,150.147,124.535,154.253,123.6,129.074,174,129.63,122.43,123.227,124.036,149.913,128.888,162.003,132.382,146.755,152.043,112.045,107.564,105.19,109.078,87.367,119.633,151.433,111.946,131.529,109.604,102.591,110.422,109.041,95.6713,88.459,98.8585,107.564,113.991,103.392
46.8722,21.1896,53.1507,41.2311,20,22.3607,40.3113,33.3766,64.0312,52.2015,55.2268,43.0116,21.2132,0,15.8114,11.1803,22.3607,30.4138,50,62.6498,31.6228,30,40.3113,55.9017,50.9902,36.0555,36.0555,37.4833,58.5235,55.9017,44.9444,62.2977,56.6392,67.2681,73,51.6624,11.1803,11.1803,45.0444,29.1548,128.693,121.939,101.178,113.811,147.492,124.619,142.394,141.534,151.397,181.794,183.208,140.801,145.774,171.026,162.003,138.708,140.464,132.382,134.629,128.763,124.354,155.052,158.928,166.138,208.37,171.33,145.427,175.454,144.627,150.233,195.208,150.712,143.628,144.309,145,171.126,150.073,183.208,153.574,167.92,173.254,133.207,128.763,125.24,129.8,108.227,140.72,172.285,133.124,151.954,130.357,123.794,131.503,130,116.846,109.659,119.971,128.763,134.848,124.579
45.3542,13,47.1699,29.1548,29.1548,25.4951,46.0977,42.9418,60.4152,55,60.8276,36.0555,20,15.8114,0,25,35.3553,36.4005,57.0088,61.8466,21.2132,15.8114,25,46.0977,38.0789,29.1548,35.3553,33.8378,50.2494,55.9017,47.0106,64.195,52.3259,61.0328,68.4763,61.7171,18.0278,25,30.8058,22.3607,122.442,112.201,94.6414,110.059,144.997,120.83,140.236,135.801,150.867,175.696,176.309,135,140,162.788,153.639,131.795,132.966,125.399,130.173,123.004,122.776,149.402,155.653,162.825,202.8,165.602,136.781,168.505,140.132,144.845,188.987,142.843,137.801,136.473,136.62,164.785,143.01,177.102,147.801,162.41,166.604,127.883,122.025,123.713,126.562,104.657,132.936,168.44,126.063,149.466,127.016,118.004,126.779,125.897,111.503,104.043,115.122,122.025,131.126,117.686
42.45,25.1794,51.4782,45,11.1803,18.0278,31.6228,23,60.208,44.7214,46.0977,42.72,20.6155,11.1803,25,0,11.1803,22.3607,40.3113,57.0088,35,36.4005,47.4342,57.0088,55,36.4005,32.0156,35.3553,58.3095,50,38.2753,55.0091,53.6004,65.192,69.527,40.7922,10,15.8114,50.636,30.4138,125.607,121.672,98.6002,109.124,141.736,119.854,136.459,137.975,144.451,178.281,180.278,137.295,142.215,169.189,160.312,136.033,138.221,129.808,130.231,125.32,118.191,151.347,153.6,160.801,204.384,167.598,144.062,172.595,140.186,146.373,191.732,148.691,140.121,142.302,143.422,167.836,147.435,179.694,149.967,164.049,170.182,129.418,126.036,119.038,124.631,103.479,138.698,167.263,130.602,146.168,125.252,120.416,127.311,125.399,113.217,106.301,115.966,126.036,129.958,122.004
40.7063,32.6956,52.2015,50.9902,10,20,25,13.9284,58.3095,39.0512,38.0789,45.2769,25.4951,22.3607,35.3553,11.1803,0,18.0278,31.6228,53.1507,41.2311,44.7214,55.9017,60.208,60.8276,40,31.6228,36.6742,60.208,46.0977,34.0588,49.2037,52.8015,65,67.7422,30.1496,18.0278,25,57.8705,35.3553,123.458,122.43,97.2471,105.418,136.653,115.974,131.21,135.248,138.062,175.411,178.003,134.629,139.463,168.077,159.389,134.239,136.858,128.16,126.669,122.801,112.801,148.395,148.923,156.083,200.943,164.542,143.558,170.423,136.517,143.283,188.854,147.492,137.437,141.156,142.706,165.239,145.609,176.819,147.122,160.863,167.8,126.507,124.258,113.6,120.283,99.7647,137.557,162.856,129.004,141.032,120.967,118.004,123.988,121.655,110.603,104.043,112.929,124.258,125.873,120.416
22.8473,27.4591,35.3553,40.3113,11.1803,11.1803,10,10.4403,40.3113,22.3607,25,30.4138,18.0278,30.4138,36.4005,22.3607,18.0278,0,20.6155,35.3553,32.0156,39.0512,49.4975,45.2769,49.2443,26.9258,15,21.2132,44.0454,28.2843,16.2788,32.6497,35.1141,47.4342,49.7393,26.9072,20,38.0789,48.8262,25,105.437,104.995,79.2591,87.6812,119.62,98.3107,114.285,117.29,122.09,157.493,160,116.662,121.511,150.083,141.421,116.211,118.849,110.136,108.904,104.809,95.9635,130.484,131.655,138.842,183.175,146.659,125.674,152.411,118.794,125.399,170.942,129.495,119.474,123.167,124.78,147.272,127.581,158.902,129.19,143.01,149.807,108.577,106.231,96.7988,102.825,82.0244,119.57,145.454,110.982,124.036,103.479,100,106.151,103.947,92.6175,86.0233,95.0158,106.231,108.301,102.396
28.2312,47.4236,42.72,56.5685,30,31.6228,11.1803,17.72,40,15,7.07107,43.0116,38.0789,50,57.0088,40.3113,31.6228,20.6155,0,30.4138,50,58.3095,68.0074,55.9017,64.0312,42.4264,28.2843,34.7131,52.2015,25,17.8885,21.9317,38.833,50.2494,48.2597,13,40.3113,55.9017,65.7951,43.0116,99.8098,105.683,76.4003,79.0759,107.49,89.0505,101.863,110.145,107.336,149.496,153.183,109.659,114.237,145.774,137.641,111.086,114.586,105.475,100.125,98.387,83.4506,122.642,120.241,127.287,173.833,138.398,123.081,145.89,109.622,117.346,162.807,125.355,112.379,119.269,121.758,139.943,122.156,150.881,121.594,134.525,142.888,101.213,101.39,84.1724,92.4554,73.5731,115.767,134.469,106.405,111.759,93.2363,93.9415,97.9439,94.8683,86.3308,80.7775,87.7097,101.39,98.4073,98.0816
16.4924,49.0306,22.3607,46.0977,46.0977,40.3113,29.1548,41.3401,11.1803,15.8114,25,30.4138,42.72,62.6498,61.8466,57.0088,53.1507,35.3553,30.4138,0,45,55,60.8276,36.0555,49.2443,35,26.9258,28.2843,29.8329,7.07107,19.105,10.7703,15.2643,22.3607,18,43.2897,51.4782,72.111,55.0818,40.3113,70.8308,75.326,46.1736,52.3259,84.9058,62.9682,79.7559,82.201,89.1964,122.287,125.1,81.6088,86.4002,116.297,107.935,81.8841,85,76.0263,73.5527,69.8928,61.7171,95.268,96.6075,103.812,147.828,111.396,92.9731,117.597,83.4386,90.1388,135.724,95.7549,84.4038,89.5545,91.7606,112.201,93.1504,123.693,94.0213,107.713,114.856,73.4098,72.0069,62.6099,67.624,46.669,86.0058,110.259,76.922,89.3588,68.2495,65.192,70.8378,68.593,57.6888,51.4782,59.8164,72.0069,73,68.4471
29.2746,10.4403,26.9258,10,31.6228,22.3607,39.0512,41.8808,41.2311,42.72,51.4782,15.8114,15.8114,31.6228,21.2132,35,41.2311,32.0156,50,45,0,10,18.0278,25,20,10,22.3607,17.4642,29.0689,40.3113,34.9285,50.01,32.9848,40.3113,48.4665,58.7282,25,42.72,17,7.07107,101.4,91.2634,73.6003,89.9611,125.355,100.648,120.814,114.856,132.442,154.625,155.129,114.039,119.038,141.598,132.458,110.635,111.759,104.235,109.659,102.078,103.846,128.456,135.565,142.695,181.819,144.617,115.624,147.323,119.57,123.976,167.887,121.631,116.829,115.261,115.434,143.68,121.828,156.029,126.827,141.481,145.454,107.07,100.896,104.809,106.621,84.6936,111.723,148.061,104.89,129.808,107.019,97.0824,106.174,105.546,90.7359,83.2166,94.5145,100.896,110.923,96.5401
39.2046,12.2066,36.4005,14.1421,36.0555,28.2843,47.1699,48.1041,50.9902,52.2015,60.4152,25.4951,21.2132,30,15.8114,36.4005,44.7214,39.0512,58.3095,55,10,0,11.1803,32.0156,22.3607,20,31.6228,27.2947,37.2156,50.2494,44.2719,59.8415,42.7551,49.2443,57.8705,65.9469,26.9258,40.3113,15.1327,15.8114,109.554,97.3088,81.8352,99.1615,134.737,109.772,130.292,123.175,142.201,162.631,162.742,122.332,127.318,148.492,139.302,118.406,119.206,112.004,118.512,110.454,113.508,136.752,144.7,151.796,189.995,152.82,122.348,154.932,128.363,132.401,175.801,128.818,125.096,122.495,122.332,151.605,129.468,164.027,135.074,149.79,153.222,115.603,108.812,114.477,115.879,93.984,119.004,156.978,112.614,139.176,116.245,105.475,114.948,114.543,99.363,91.7878,103.31,108.812,120.017,104.403
46.1736,23.3238,40,15,47.1699,39.0512,57.0088,58.8982,55,60.4152,69.4622,30.4138,32.0156,40.3113,25,47.4342,55.9017,49.4975,68.0074,60.8276,18.0278,11.1803,0,31.6228,18.0278,26.9258,40.3113,34.9285,38.0789,57.0088,52.7731,67.0522,47.0425,50.9902,60.531,76.3806,38.0789,50,8.60233,25,108.706,93.3488,81.4371,100.688,136.561,111.018,132.442,122.544,145.382,161.227,160.655,121.655,126.59,145.344,136.125,116.812,117.068,110.454,119.038,110.023,116.4,136,145.784,152.765,188.82,151.819,119.097,152.869,128.693,131.928,174.187,126.21,124.354,120,119.331,150.097,127.581,162.604,134.239,149.003,151.433,115.451,107.541,117.388,117.444,95.8019,116.606,157.471,110.982,140.943,117.72,105.119,115.317,115.434,99.5389,91.9239,103.817,107.541,121.116,103.078
27.7849,34.9857,14.1421,18.0278,50.2494,40.3113,47.4342,55.5788,26.9258,43.0116,54.0833,15,36.4005,55.9017,46.0977,57.0088,60.208,45.2769,55.9017,36.0555,25,32.0156,31.6228,0,15,20.6155,30.4138,24.0832,7.07107,35.3553,38.0132,45.3431,20.8087,20,30.0666,67.7791,47.4342,67.082,23.5372,26.9258,77.6981,66.2873,50.1199,69.1231,105.019,79.404,101,91.4166,114.438,130.668,130.729,90.5539,95.5249,116.726,107.564,86.4002,87.2067,80,87.4643,78.7718,85.3756,104.957,114.162,121.149,158.092,120.95,90.6863,122.919,97.17,100.722,143.809,96.8969,93.2952,90.5539,90.5539,119.62,97.4526,132.061,103.247,117.992,121.211,84.0773,76.844,86.3713,85.8662,64.3273,87.046,125.925,80.604,109.385,86.1278,73.8241,83.7735,83.8153,68.0294,60.4152,72.2357,76.844,89.493,72.4224
37.6431,30.1496,26.9258,10,50.9902,41.2311,54.0833,59.6154,41.2311,53.1507,63.6396,21.2132,35.3553,50.9902,38.0789,55,60.8276,49.2443,64.0312,49.2443,20,22.3607,18.0278,15,0,22.3607,36.0555,29.4109,22.0227,47.1699,46.6905,57.4543,34.176,35,45.0444,74.6257,45,61.8466,9.43398,25.4951,90.7855,75.6902,63.6946,83.7437,119.641,93.8616,115.741,104.652,129.387,143.21,142.636,103.755,108.674,127.475,118.258,98.7927,99.0454,92.4392,101.514,92.1954,100.319,118.072,128.445,135.359,170.816,133.843,101.237,134.848,111.072,114.061,156.16,108.231,106.438,102.005,101.415,132.076,109.554,144.586,116.297,131.061,133.405,97.6934,89.5545,101.316,100.439,79.0759,98.6002,139.864,92.9624,123.976,100.663,87.3212,97.7394,98.0816,81.9329,74.3303,86.3308,89.5545,103.846,85.0882
19.4165,16.4012,18.0278,14.1421,30,20,32.0156,37.3363,31.6228,33.541,43.0116,7.07107,15.8114,36.0555,29.1548,36.4005,40,26.9258,42.4264,35,10,20,26.9258,20.6155,22.3607,0,14.1421,8.06226,22.4722,30.4138,26.0768,40.2616,23.4094,32.0156,39.3573,52.4309,26.9258,47.1699,23.4307,7.07107,93.6056,85.9593,65.8559,80.9506,116.078,91.7061,111.427,106.827,122.723,146.864,147.801,106.042,111.041,135.093,126.036,103.247,104.738,96.8762,101.02,94.0213,94.255,120.42,126.562,133.724,173.833,136.653,109.403,140.014,110.982,115.802,160.206,114.865,108.853,108.467,109.018,136.029,114.551,148.273,118.849,133.405,137.975,98.813,93.3809,95.2103,97.509,75.5844,104.89,139.291,97.5807,120.54,97.9439,89.0225,97.6371,96.7471,82.4197,75,85.9826,93.3809,102,89.1067
10.8167,23,20.6155,28.2843,22.3607,14.1421,18.0278,25.1794,28.2843,20.6155,29.1548,15.8114,15.8114,36.0555,35.3553,32.0156,31.6228,15,28.2843,26.9258,22.3607,31.6228,40.3113,30.4138,36.0555,14.1421,0,6.7082,29.0689,20.6155,12.6491,29,21.6333,33.541,37.5366,38.5876,25,46.0977,37.5366,15.8114,93.6056,90.824,66.6108,77.801,111.508,88.6002,106.471,106.075,116.108,146.386,148.273,105.38,110.318,137.295,128.472,104.019,106.254,97.8008,98.7168,93.3809,88.5664,119.503,122.874,130.085,172.679,135.772,112.379,140.584,108.706,114.586,159.831,116.765,108.208,110.386,111.647,135.882,115.421,147.801,118.089,132.276,138.192,97.591,94.0213,89.4707,93.7443,72.2011,106.78,136.242,98.6002,115.974,94.3027,88.459,95.6713,94.0213,81.3204,74.3303,84.22,94.0213,98.813,90
12,20.8806,16.1245,22.0227,26.9258,17.4642,24.6982,31.5753,26.9258,25.4951,35,9.21954,16.2788,37.4833,33.8378,35.3553,36.6742,21.2132,34.7131,28.2843,17.4642,27.2947,34.9285,24.0832,29.4109,8.06226,6.7082,0,23.5372,23.0217,18.0278,32.5576,19.2094,30,35.609,45.2769,27.0185,48.1664,31.4006,12.0416,91.2195,86.406,63.7809,76.8505,111.36,87.6641,106.513,104.062,117.047,144.312,145.774,103.325,108.301,134.034,125.1,101.316,103.233,95.0158,97.4166,91.2853,88.955,117.593,122.299,129.495,170.942,133.869,108.757,138.033,107.415,112.805,157.724,113.6,106.151,107.201,108.167,133.645,112.699,145.726,116.103,130.484,135.794,95.7758,91.351,89.8888,93.1504,71.3442,103.6,135.37,95.7758,115.832,93.6483,86.3134,94.2019,92.9139,79.3977,72.1803,82.6196,91.351,97.9439,87.2067
24.0416,38.2884,9.48683,23.7697,50.448,40.8044,44.7214,54.0093,20.1246,38.4708,49.6488,15.6525,38.0132,58.5235,50.2494,58.3095,60.208,44.0454,52.2015,29.8329,29.0689,37.2156,38.0789,7.07107,22.0227,22.4722,29.0689,23.5372,0,30,34.4819,39.6232,14.8661,13.0384,23.0217,64.56,49.1935,69.6419,30.2655,29.4109,72.4224,63.5295,44.6542,62.6418,98.4937,73.0548,94.3663,85.9826,107.564,125.603,126.063,85.1469,90.1388,112.805,103.711,81.5659,82.7345,75.1665,81.4371,73.2462,78.5175,99.5691,107.912,114.948,152.869,115.676,87.0057,118.258,91.236,95.1893,138.842,92.6984,87.9204,86.3134,86.6833,114.634,92.7631,127.004,97.9081,112.606,116.387,78.3901,71.8401,79.511,79.404,57.7235,82.7587,119.921,75.8222,102.883,79.6994,68.2642,77.8203,77.6209,62.1772,54.5894,66.2118,71.8401,83.2166,67.4759
11.0454,43.2897,21.2132,42.72,39.0512,33.541,22.3607,34.4819,15,10,20.6155,26.9258,36.4005,55.9017,55.9017,50,46.0977,28.2843,25,7.07107,40.3113,50.2494,57.0088,35.3553,47.1699,30.4138,20.6155,23.0217,30,0,12.0416,10.2956,15.2643,25.4951,23.5372,38,44.7214,65.192,52,35,77.6981,80.895,52.5547,59.397,91.8096,70.0357,86.6083,89.202,95.6347,129.321,132.061,88.6002,93.4077,122.984,114.543,88.6848,91.6788,82.7647,80.6226,76.844,68.4763,102.303,103.6,110.802,154.897,118.444,99.368,124.535,90.5097,97.1854,142.762,102.416,91.4002,96.1769,98.2344,119.202,99.985,130.729,101.045,114.769,121.828,80.4301,78.7718,69.3542,74.6525,53.7401,92.6121,117.29,83.6481,96.2549,75.2861,72.111,77.8974,75.6637,64.6375,58.3095,66.8431,78.7718,80.0562,75.1332
10.4403,35.2278,25,40,27.2029,22.8035,11.1803,22.8473,25.2982,8.06226,17.0294,25.4951,27.0185,44.9444,47.0106,38.2753,34.0588,16.2788,17.8885,19.105,34.9285,44.2719,52.7731,38.0132,46.6905,26.0768,12.6491,18.0278,34.4819,12.0416,0,17.4642,22,34.1321,34.5398,30.0832,33.8378,53.7122,49.4065,28.4605,89.5879,91.2195,63.9766,71.4213,103.47,82.0366,98.1835,101.213,106.513,141.354,144.031,100.603,105.423,134.648,126.115,100.499,103.354,94.5145,92.6553,88.8144,79.925,114.337,115.421,122.613,166.931,130.484,110.693,136.484,102.533,109.225,154.797,114.061,103.407,107.782,109.659,131.21,111.83,142.762,113.071,126.811,133.81,92.4554,90.5539,80.7775,86.5563,65.7647,104.202,129.19,95.3834,107.898,87.2067,84.0536,89.9389,87.6812,76.6094,70.1783,78.8733,90.5539,92.0217,86.8332
20.8806,52,31.241,52.9245,43.8292,40.2616,24.2074,36.0694,21.9317,10.2956,15.5242,37.1618,44.2832,62.2977,64.195,55.0091,49.2037,32.6497,21.9317,10.7703,50.01,59.8415,67.0522,45.3431,57.4543,40.2616,29,32.5576,39.6232,10.2956,17.4642,0,24.7588,33.1059,28.2843,34.2053,51.2445,70.6824,62.2415,44.2832,77.8781,85.0529,54.9181,57.4282,87.4586,67.624,82.0061,88.3233,89.4427,127.883,131.37,87.818,92.4392,123.859,115.767,89.1572,92.6984,83.5703,78.6003,76.4788,63.6003,100.955,99.8248,106.963,152.62,116.829,101.39,124.036,88.2383,95.6922,141.241,103.465,90.5539,97.4064,100,118.191,100.225,129.275,99.8599,113.004,121.078,79.404,79.4796,64.405,71.4493,51.8652,93.9202,113.864,84.5044,91.8314,72.1803,72.0139,76.2758,73.4098,64.405,58.8727,65.8635,79.4796,77.2334,76.2168
12.3693,39.3573,7.28011,32.0624,43.909,35.609,33.0606,43.9318,8.24621,24.3516,35.4683,17.2627,35.4683,56.6392,52.3259,53.6004,52.8015,35.1141,38.833,15.2643,32.9848,42.7551,47.0425,20.8087,34.176,23.4094,21.6333,19.2094,14.8661,15.2643,22,24.7588,0,12.3693,16.4012,51.6236,45.9674,67.1789,40.6079,29.9666,72.1803,69.9214,45,57.8014,92.7038,68.6003,88.0227,84.8999,99.4636,125.176,126.811,84.1724,89.1403,115.663,106.85,82.4621,84.6286,76.2168,78.2368,72.1388,70.8802,98.4124,103.354,110.535,151.743,114.691,90.824,119.097,88.2326,93.6056,138.6,95.1315,87,88.7525,90.05,114.56,93.8616,126.59,96.9381,111.288,116.778,76.5768,72.4707,71.8401,74.2428,52.3546,85.1469,116.284,77.0065,97.17,74.7061,67.1789,75,73.7835,60.208,53.0377,63.4114,72.4707,78.8923,68.4105
24.7386,48.4149,14.1421,36.4005,55.9017,47.1699,45.2769,56.2939,11.1803,35.3553,46.0977,25,46.0977,67.2681,61.0328,65.192,65,47.4342,50.2494,22.3607,40.3113,49.2443,50.9902,20,35,32.0156,33.541,30,13.0384,25.4951,34.1321,33.1059,12.3693,0,10.198,63.1981,57.0088,78.1025,43.2897,39.0512,61.6198,57.5674,33.9411,49.98,85.7263,60.5392,81.4923,74.8131,94.5304,114.865,115.974,74.027,79.0253,104.043,95.1315,71.4493,73.2462,65.1153,69.3542,62.0081,65.4905,88.4081,95.462,102.552,141.82,104.637,78.8923,108.208,79.2591,83.8153,128.222,83.6002,76.8375,77.201,78.2304,104.062,82.807,116.276,86.8332,101.4,106.075,66.8506,61.5224,66.4831,66.7308,44.9222,73.6003,107.782,65.8559,90.1388,67.0671,57.0088,65.8635,65.307,50.4777,43.0116,54.2033,61.5224,70.7743,57.3149
27.2029,55.5698,21.5407,45.7056,59.4054,51.6624,45.5412,57.3847,9.43398,33.3766,43,32.6956,51.8556,73,68.4763,69.527,67.7422,49.7393,48.2597,18,48.4665,57.8705,60.531,30.0666,45.0444,39.3573,37.5366,35.609,23.0217,23.5372,34.5398,28.2843,16.4012,10.198,0,61.2046,62.2415,83.4506,53.0848,46.1411,56.0803,57.4282,29.5296,41.5933,76.896,52.3546,72.4224,68.593,84.8528,108.894,110.752,67.8823,72.8354,100.344,91.7061,66.6108,69.1158,60.4649,61.8547,55.8659,55.9017,82.0731,87.2067,94.3663,135.37,98.3514,76.1577,103.078,71.8471,77.2334,122.332,79.7559,70.7107,73.4302,75.1532,98.3514,78.0064,110.309,80.6226,94.921,100.658,60.208,56.6127,56.8859,58.1808,36.2491,69.8355,99.985,61.2944,81.3449,58.6003,50.9313,58.6003,57.4543,43.8634,36.7967,47.0106,56.6127,62.6498,52.6972
40.5216,54.2033,55.0818,66.4003,32.6956,37.8021,20.5913,18.7883,53,28,18.6815,54.1202,44.8219,51.6624,61.7171,40.7922,30.1496,26.9072,13,43.2897,58.7282,65.9469,76.3806,67.7791,74.6257,52.4309,38.5876,45.2769,64.56,38,30.0832,34.2053,51.6236,63.1981,61.2046,0,43.8634,55.0818,75.2861,51.6624,111.79,118.609,89.0505,90.3549,116.932,99.985,111.198,121.643,115.109,160.524,164.596,121.202,125.67,157.889,149.893,123.13,126.811,117.652,111.14,110.168,92.957,133.843,129.958,136.883,184.253,149.375,135.595,157.42,120.416,128.503,173.738,137.568,123.879,131.552,134.201,151.238,134.078,161.895,132.883,145.437,154.305,112.699,113.547,93.6056,102.903,84.9706,128.082,144.309,118.596,121.083,103.73,105.849,109.179,105.816,98.2344,92.9731,99.3177,113.547,109,110.368
35.805,15.2971,43.0116,35,11.1803,11.1803,30,25.0799,53.1507,41.2311,45,33.541,11.1803,11.1803,18.0278,10,18.0278,20,40.3113,51.4782,25,26.9258,38.0789,47.4342,45,26.9258,25,27.0185,49.1935,44.7214,33.8378,51.2445,45.9674,57.0088,62.2415,43.8634,0,21.2132,40.7922,20.6155,118.14,112.712,90.7855,102.801,136.341,113.6,131.229,130.832,140.236,171.126,172.743,130.115,135.074,161.012,152.053,128.316,130.25,122.025,123.693,118.089,113.177,144.312,147.828,155.039,197.568,160.59,135.624,165.012,133.686,139.445,184.556,140.602,132.944,134.201,135.093,160.527,139.703,172.54,142.864,157.137,162.733,122.43,118.343,114.061,118.714,97.2008,130.602,161.236,122.788,140.801,119.281,113.137,120.615,119.017,106.104,98.9949,109.124,118.343,123.81,114.215
56.8507,32.311,64.0312,52.2015,26.9258,32.0156,47.4342,38.3275,74.3303,60.4152,61.8466,54.0833,32.0156,11.1803,25,15.8114,25,38.0789,55.9017,72.111,42.72,40.3113,50,67.082,61.8466,47.1699,46.0977,48.1664,69.6419,65.192,53.7122,70.6824,67.1789,78.1025,83.4506,55.0818,21.2132,0,55.4437,40.3113,139.345,133.094,111.946,123.847,157,134.629,151.793,152.043,160.112,192.338,193.933,151.327,156.285,182.003,173.003,149.482,151.344,143.178,144.81,139.302,133.6,165.517,168.68,175.889,218.753,181.794,156.474,186.196,154.797,160.639,205.769,161.645,154.156,155.242,156.013,181.739,160.863,193.752,164.073,178.331,183.935,143.628,139.517,134.462,139.617,118.229,151.648,182.2,143.934,161.447,140.207,134.35,141.767,140.089,127.311,120.208,130.3,139.517,144.807,135.37
41.5933,25.4951,33.3766,9.43398,48.4665,39.3573,55.1725,58.8303,48.2597,56.6039,66.4003,25.0799,32.6956,45.0444,30.8058,50.636,57.8705,48.8262,65.7951,55.0818,17,15.1327,8.60233,23.5372,9.43398,23.4307,37.5366,31.4006,30.2655,52,49.4065,62.2415,40.6079,43.2897,53.0848,75.2861,40.7922,55.4437,0,23.8537,100.185,84.8528,73.0068,92.6499,128.55,102.883,124.535,114.039,137.819,152.643,152.053,113.146,118.072,136.781,127.562,108.227,108.467,101.872,110.725,101.553,108.78,127.475,137.568,144.516,180.247,143.265,110.535,144.267,120.333,123.438,165.593,117.614,115.836,111.4,110.752,141.51,118.983,154.019,125.706,140.471,142.836,107.019,98.9798,109.772,109.385,87.8635,108.005,149.121,102.396,132.91,109.636,96.6644,106.977,107.205,91.1811,83.5703,95.5196,98.9798,112.929,94.5145
24.0208,9.43398,25,15.8114,25.4951,15.8114,32.0156,34.9857,38.0789,36.4005,44.7214,14.1421,10,29.1548,22.3607,30.4138,35.3553,25,43.0116,40.3113,7.07107,15.8114,25,26.9258,25.4951,7.07107,15.8114,12.0416,29.4109,35,28.4605,44.2832,29.9666,39.0512,46.1411,51.6624,20.6155,40.3113,23.8537,0,100.658,92.7847,72.9178,87.7097,122.654,98.4886,117.924,113.851,128.845,153.912,154.871,113.071,118.068,142.127,133.06,110.318,111.803,103.947,107.912,101.045,100.568,127.44,133.297,140.471,180.854,143.68,116.4,147.085,117.886,122.801,167.26,121.918,115.884,115.521,116.039,143.087,121.622,155.322,125.877,140.417,145.041,105.802,100.449,101.514,104.202,82.2982,111.946,146.123,104.652,127.122,104.657,96.0469,104.561,103.586,89.4036,82.0061,92.9139,100.449,108.784,96.1769
83.2406,109.986,75.743,95.7183,115.421,107.713,99.985,112.161,65.437,86.3539,93.2309,86.5563,107.48,128.693,122.442,125.607,123.458,105.437,99.8098,70.8308,101.4,109.554,108.706,77.6981,90.7855,93.6056,93.6056,91.2195,72.4224,77.6981,89.5879,77.8781,72.1803,61.6198,56.0803,111.79,118.14,139.345,100.185,100.658,0,32.2025,27.8029,24.0208,39.3954,20.5913,39.1152,13.9284,57.1402,53.2635,54.6717,13,17.8885,46.1736,38.6394,11.4018,16,7.28011,17,4.24264,38.0789,27.2947,42.19,48,80.4487,43.2666,27.6586,47.0106,23.0868,23.4094,66.6033,26.3059,15.6525,21,25.318,42.45,22.3607,54.6717,25.5539,40.3113,44.5982,9.48683,4.24264,38.5876,25.4951,28.1603,18.1108,50.636,8.24621,42.3792,24.7588,6.08276,13.6015,18.3848,13.6015,19.4165,14.0357,4.24264,23.0217,7.07107
82.28,101.242,70.3847,83.2406,113.088,103.87,102.391,113.759,66.0984,90.7965,100.245,79.177,101.533,121.939,112.201,121.672,122.43,104.995,105.683,75.326,91.2634,97.3088,93.3488,66.2873,75.6902,85.9593,90.824,86.406,63.5295,80.895,91.2195,85.0529,69.9214,57.5674,57.4282,118.609,112.712,133.094,84.8528,92.7847,32.2025,0,31.7805,48.4149,71.5891,50.448,71.1969,42.9535,89.1852,72.8011,69.857,41.9762,45.3982,52.4309,43.2666,32.1403,29.0689,27.8927,49.1935,36.2353,67.1789,53.0094,73.2462,78.2624,100.245,65.7647,26.4197,62.3939,54.4059,51.3517,84.5044,35.1141,43.566,29.8329,27.313,61.8466,39.4588,74.0405,51.0098,64.2806,61.9839,41.6293,28.2312,67.897,56.6127,49.3964,27.2947,79.2275,27.6586,74.4648,56.0357,34.4093,45.6508,49.93,36.7967,34.9857,41.0366,28.2312,55.0727,25.5539
56.6039,82.2192,48.0833,68.0955,88.7525,80.604,74.8465,86.8159,38.9487,61.9839,70.406,58.7963,79.9812,101.178,94.6414,98.6002,97.2471,79.2591,76.4003,46.1736,73.6003,81.8352,81.4371,50.1199,63.6946,65.8559,66.6108,63.7809,44.6542,52.5547,63.9766,54.9181,45,33.9411,29.5296,89.0505,90.7855,111.946,73.0068,72.9178,27.8029,31.7805,0,24.0416,58.0086,32.0156,55.1453,41.3401,71.3863,81.0555,82.0366,40.4969,45.4863,70.8308,62.1772,37.5366,39.6611,31.241,38.0789,28.6531,44.0114,54.9181,65.307,72.0347,108.227,71.0282,46.8188,74.2765,47.4342,50.6063,94.3663,50.2494,43.2666,43.909,45.6946,70.1783,48.9183,82.4621,53.2541,67.9559,72.1388,34.0147,27.5862,44.9444,39.0512,21.9545,40.3113,76.2168,32.0156,62.0725,39.0128,23.7065,34.2053,35.2278,18.4391,11.0454,23.1948,27.5862,41.1947,23.4307
67.0075,97.1288,63.0714,86.3308,98.3514,91.8314,80.9197,93.086,49.93,66.8431,72.2011,74.2496,92.9139,113.811,110.059,109.124,105.418,87.6812,79.0759,52.3259,89.9611,99.1615,100.688,69.1231,83.7437,80.9506,77.801,76.8505,62.6418,59.397,71.4213,57.4282,57.8014,49.98,41.5933,90.3549,102.801,123.847,92.6499,87.7097,24.0208,48.4149,24.0416,0,35.9026,10.8167,32.1403,31.3847,47.5184,70.4557,74.2428,31.0161,35.3412,69.2315,62.2896,35.0571,40.0125,31.1448,21.2603,21.095,20.1246,43.566,45.618,52.7731,95.5249,59.4054,51.4782,67.1193,31.1127,38.2753,83.8153,50.0899,33.6155,45.0111,49.2544,60.9016,44.911,71.8471,42.5441,55.6058,63.9531,22.4722,27.2947,21.0238,16.7631,5.65685,42.107,58.5235,32.1403,40.2616,17.088,18.1108,18.868,16.2788,12.083,14.4222,10,27.2947,21.095,26.2488
100.722,132.004,98.4327,122.123,130.668,125.196,111.665,123.434,84.5813,97.6166,100.419,109.563,127.059,147.492,144.997,141.736,136.653,119.62,107.49,84.9058,125.355,134.737,136.561,105.019,119.641,116.078,111.508,111.36,98.4937,91.8096,103.47,87.4586,92.7038,85.7263,76.896,116.932,136.341,157,128.55,122.654,39.3954,71.5891,58.0086,35.9026,0,26.0768,5.83095,31.1448,19.2094,50.2494,58.0086,31.8904,31.241,63.9062,61.2944,42.638,48.1664,44.4185,22.4722,35.4683,24.0416,31.3847,13.4164,20,68.8767,40,60.1082,53.4603,19.105,27.7849,61.6117,52.8015,31.8277,51.6236,57.28,45.2769,44.4072,51.3517,32.2025,36.0139,49.366,29.9666,43.382,23.3452,19.2354,40.8044,50.9902,27.7849,44.9444,4.47214,19.105,38.3275,26.2488,23.1948,40.1123,47,35.0571,43.382,17.2627,46.2385
77.801,107.912,73.7902,96.7988,109.041,102.616,91.351,103.479,60.7454,77.2334,82.0975,84.9706,103.73,124.619,120.83,119.854,115.974,98.3107,89.0505,62.9682,100.648,109.772,111.018,79.404,93.8616,91.7061,88.6002,87.6641,73.0548,70.0357,82.0366,67.624,68.6003,60.5392,52.3546,99.985,113.6,134.629,102.883,98.4886,20.5913,50.448,32.0156,10.8167,26.0768,0,23.1948,23.1948,40.1622,60.5392,65,23.0868,26.6833,62.1289,56.0803,29.8329,35.4401,27.7308,11.1803,16.5529,17.4929,34.0147,34.9285,42.0476,85.0412,49.3964,47.7598,58.1893,20.6155,28.6356,73.7835,44.4072,25.318,40.2616,45.2217,51.4782,38,61.9112,33.2415,45.4863,54.7814,15.0333,24.6982,18.0278,7.07107,16.4012,37.9473,47.7074,28.6356,30.2655,7,16.2788,10.0499,5.83095,14.8661,21.095,9.84886,24.6982,10.2956,25.4951
95.7131,127.236,93.9202,117.881,125.363,120.067,106.212,117.924,79.8499,92.2009,94.7945,105.005,122.09,142.394,140.236,136.459,131.21,114.285,101.863,79.7559,120.814,130.292,132.442,101,115.741,111.427,106.471,106.513,94.3663,86.6083,98.1835,82.0061,88.0227,81.4923,72.4224,111.198,131.229,151.793,124.535,117.924,39.1152,71.1969,55.1453,32.1403,5.83095,23.1948,0,32.8024,18.0278,55.5788,63.0317,33.4215,33.6155,67.72,64.4748,43.8634,49.5782,44.8219,22.2036,34.9857,18.4391,35.171,19.2354,25.807,74.686,45.0999,61.8466,58.1378,21.4709,31.0161,67.1863,55.2268,33.8378,53.4135,59.0339,50.04,47.0106,56.7186,35.7351,41.0488,54.0833,30,43.2666,17.6918,16.1245,36.6742,52.4023,33.6155,45.4533,9.89949,16.2788,37.1618,25.5539,21.5407,37.855,44.2832,32.7567,43.2666,16.1245,45.6508
95.5249,123.227,88.8651,109.417,127.562,120.216,111.252,123.458,77.7946,97.3499,103.354,99.8098,120.341,141.534,135.801,137.975,135.248,117.29,110.145,82.201,114.856,123.175,122.544,91.4166,104.652,106.827,106.075,104.062,85.9826,89.202,101.213,88.3233,84.8999,74.8131,68.593,121.643,130.832,152.043,114.039,113.851,13.9284,42.9535,41.3401,31.3847,31.1448,23.1948,32.8024,0,50.2096,40.3113,43.0465,1,4.24264,39.0128,33.541,11.6619,17.0294,15.1327,13.1529,12.8062,38.4708,13.6015,30.3645,35.3553,67.0075,29.8329,29.0689,35.7771,12.2066,9.48683,53.7587,22.8473,2.23607,20.6155,26.2488,30,15.2971,41.7253,12.0416,26.6271,32.7567,8.94427,16.1245,38.6394,24.3311,36.6742,19.8494,37.1214,15.2971,33.0151,23.3452,17.8045,13.1529,18,24.7588,31.8904,22.4722,16.1245,18.9737,20.3961
105.622,137.928,105.906,130.541,133.27,129.077,113.252,124.342,91.2195,99.7296,100.404,116.709,131.913,151.397,150.867,144.451,138.062,122.09,107.336,89.1964,132.442,142.201,145.382,114.438,129.387,122.723,116.108,117.047,107.564,95.6347,106.513,89.4427,99.4636,94.5304,84.8528,115.109,140.236,160.112,137.819,128.845,57.1402,89.1852,71.3863,47.5184,19.2094,40.1622,18.0278,50.2096,0,65.3758,74.1485,50.9117,50.448,82.3468,80.2621,61.5549,67.1789,62.8013,40.2244,53,29.0689,50.1199,27.6586,31,79.0759,56.2939,79.2465,70.6045,38.2884,46.8722,75.0267,72.0069,50.9902,70.7672,76.4199,62.3618,63.6003,66.2722,51.1077,52.6308,66.4831,48.0104,61.2944,28.0713,33.2415,51.0882,70.0071,39.0512,63.4114,18.7883,33.6155,55.0091,43.566,39.3573,55.0273,60.8769,49.98,61.2944,34.1321,63.6318
135.831,163.248,128.973,148.691,167.836,160.527,151.208,163.404,118.106,137.201,142.58,139.818,160.59,181.794,175.696,178.281,175.411,157.493,149.496,122.287,154.625,162.631,161.227,130.668,143.21,146.864,146.386,144.312,125.603,129.321,141.354,127.883,125.176,114.865,108.894,160.524,171.126,192.338,152.643,153.912,53.2635,72.8011,81.0555,70.4557,50.2494,60.5392,55.5788,40.3113,65.3758,0,10,41.0122,36.0694,28.7924,34.2345,44.4185,44.7772,50.774,49.3964,53.0377,70.5195,27.0185,38.0132,34.7131,27.7308,11.1803,47.5184,12.3693,40.2492,32.2025,13.4536,37.855,38.1838,43.0116,45.8912,11.1803,34.0147,1.41421,28.3196,15.2315,11.0454,48.9183,53.8238,70.214,58.1808,76.0263,45.8803,27.5136,50.2494,48.0104,57.2713,58,51.614,54.7083,65.0692,72.1388,62.482,53.8238,51.8941,58.2495
137.906,164.104,130.115,148.678,170.074,162.373,154.208,166.412,120.104,140.357,146.373,140.73,162.003,183.208,176.309,180.278,178.003,160,153.183,125.1,155.129,162.742,160.655,130.729,142.636,147.801,148.273,145.774,126.063,132.061,144.031,131.37,126.811,115.974,110.752,164.596,172.743,193.933,152.053,154.871,54.6717,69.857,82.0366,74.2428,58.0086,65,63.0317,43.0465,74.1485,10,0,43.566,38.9487,21.095,28.2843,44.5533,43.6005,50.9313,53.8516,55.2178,76.6877,31.0161,46.5296,43.9659,31.257,18.0278,43.6578,7.81025,45.607,36.4005,15.1327,34.8855,40.8167,40.8167,42.5441,13.6015,33.3017,9.89949,31.7805,22,10.2956,51.9711,54.4518,76.4853,63.6003,79.6492,44.1022,37.1618,50.2494,56.2228,62.6418,60,55.4617,59.2368,67.424,74.027,65.5134,54.4518,57.28,58.6941
94.8472,122.442,88.0909,108.559,126.905,119.52,110.68,122.886,77.1038,96.7988,102.883,99.0202,119.604,140.801,135,137.295,134.629,116.662,109.659,81.6088,114.039,122.332,121.655,90.5539,103.755,106.042,105.38,103.325,85.1469,88.6002,100.603,87.818,84.1724,74.027,67.8823,121.202,130.115,151.327,113.146,113.071,13,41.9762,40.4969,31.0161,31.8904,23.0868,33.4215,1,50.9117,41.0122,43.566,0,5,39.0512,33.3766,10.8167,16.2788,14.1421,13.3417,12.0416,38.6394,14.4222,31.3209,36.3456,67.8012,30.6105,28.4253,36.2353,13.0384,10.4403,54.4518,22.4722,2.82843,20,25.6125,30.6105,15.1327,42.4264,12.8062,27.4591,33.2866,8.544,15.1327,38.833,24.5153,36.2491,19.105,38.1182,14.3178,33.8378,23.5372,17.0294,13.0384,18.0278,24.0832,31.1448,21.9545,15.1327,19.3132,19.4165
99.7647,127.44,93.086,113.534,131.795,124.459,115.434,127.64,82.0366,101.514,107.424,104.019,124.579,145.774,140,142.215,139.463,121.511,114.237,86.4002,119.038,127.318,126.59,95.5249,108.674,111.041,110.318,108.301,90.1388,93.4077,105.423,92.4392,89.1403,79.0253,72.8354,125.67,135.074,156.285,118.072,118.068,17.8885,45.3982,45.4863,35.3412,31.241,26.6833,33.6155,4.24264,50.448,36.0694,38.9487,5,0,36.0555,31.3209,13.3417,17.8885,18.0278,16.0312,17.0294,41.1096,9.43398,28.6356,32.9848,62.8013,25.6125,29.0689,31.7805,12.2066,6,49.5177,21.6333,2.23607,20.6155,26.2488,25.807,13.4164,37.4833,7.81025,22.4722,28.6531,13.0384,19.6469,41.1947,27.0185,40.7063,20.5913,34,18,32.5576,26.0192,22.0227,16.7631,21.2132,29,36.1248,26.6271,19.6469,21.2132,24.0416
127.424,151.093,118.004,134.35,159.531,151.162,145.344,157.429,109.772,132.004,139.284,128.062,150,171.026,162.788,169.189,168.077,150.083,145.774,116.297,141.598,148.492,145.344,116.726,127.475,135.093,137.295,134.034,112.805,122.984,134.648,123.859,115.663,104.043,100.344,157.889,161.012,182.003,136.781,142.127,46.1736,52.4309,70.8308,69.2315,63.9062,62.1289,67.72,39.0128,82.3468,28.7924,21.095,39.0512,36.0555,0,9.21954,34.7851,31.305,40.3113,52.0096,48.2701,77.1622,32.573,55.5698,55.6058,52.0384,29.7321,26.2488,16.5529,46.8722,36.8782,36,20.5913,37,26.9258,26.1725,22.6716,24.3311,29.4109,32.0156,31.8904,19.4165,47.2652,44.3847,77.2334,63.0714,73.9797,30.5287,50.9117,39.3954,63.561,62.0725,52.2015,52.0865,57.0088,59.7746,65,59.439,44.3847,57.2189,47.8539
118.701,141.993,109.041,125.16,150.748,142.285,136.894,148.933,101.119,123.693,131.244,119.017,141.014,162.003,153.639,160.312,159.389,141.421,137.641,107.935,132.458,139.302,136.125,107.564,118.258,126.036,128.472,125.1,103.711,114.543,126.115,115.767,106.85,95.1315,91.7061,149.893,152.053,173.003,127.562,133.06,38.6394,43.2666,62.1772,62.2896,61.2944,56.0803,64.4748,33.541,80.2621,34.2345,28.2843,33.3766,31.3209,9.21954,0,27.2947,23.0868,32.28,46.6905,41.1947,72.0069,30.2324,54.6717,55.9017,59.5399,32.2025,17.0294,22.0227,43.0813,33.541,43.4166,12.3693,31.7805,18.3848,17.0294,25.632,18.2483,35.1283,29.1548,33.2866,23.5372,41.0488,36.4005,72.1803,57.8705,66.7533,21.9317,52.4309,31.3209,61.5873,56.8859,44.7214,46.1736,51.3517,52.1728,56.921,52.345,36.4005,52.3927,39.5601
93.8136,119.553,85.5862,104.403,126.016,118.068,111.018,123.167,76.0263,97.4936,104.547,96.1769,117.516,138.708,131.795,136.033,134.239,116.211,111.086,81.8841,110.635,118.406,116.812,86.4002,98.7927,103.247,104.019,101.316,81.5659,88.6848,100.499,89.1572,82.4621,71.4493,66.6108,123.13,128.316,149.482,108.227,110.318,11.4018,32.1403,37.5366,35.0571,42.638,29.8329,43.8634,11.6619,61.5549,44.4185,44.5533,10.8167,13.3417,34.7851,27.2947,0,5.83095,6.40312,22.4722,14,46.8188,21.095,41.7852,46.3249,72.0694,35.4683,18.3576,36.7696,23.8537,19.2354,57.4282,15.0333,11.7047,10.4403,15.6525,33.2866,11.4018,45.793,19.105,33.2415,34.8281,15.2315,10,47.1699,33.1059,39.4588,8.60233,47.0956,5.83095,44.6542,32.2025,17.4642,20.6155,26,25,30.4138,25.0799,10,28.8444,14.1421
96.2549,120.934,87.3212,105.119,128.413,120.208,114.039,126.127,78.5493,100.722,108.167,97.6729,119.331,140.464,132.966,138.221,136.858,118.849,114.586,85,111.759,119.206,117.068,87.2067,99.0454,104.738,106.254,103.233,82.7345,91.6788,103.354,92.6984,84.6286,73.2462,69.1158,126.811,130.25,151.344,108.467,111.803,16,29.0689,39.6611,40.0125,48.1664,35.4401,49.5782,17.0294,67.1789,44.7772,43.6005,16.2788,17.8885,31.305,23.0868,5.83095,0,9.21954,28.3019,19.2354,52.5547,24.1868,46.5188,50.5964,72.4983,36.8782,12.53,35.805,29.2062,23.4094,57.3062,10.7703,16.6433,5,9.84886,33.6155,10.7703,46.0977,22.2036,35.2278,34.4819,21.0238,13.3417,52.9245,38.9102,44.1022,2.82843,50.636,8.24621,50,38.0132,22.0227,26.4008,31.7805,29.2746,33.8378,30.0167,13.3417,34.6699,16.5529
87.6584,113.172,79.2465,98.0051,119.854,111.826,105.119,117.239,69.8928,91.7061,99.0202,89.8053,111.198,132.382,125.399,129.808,128.16,110.136,105.475,76.0263,104.235,112.004,110.454,80,92.4392,96.8762,97.8008,95.0158,75.1665,82.7647,94.5145,83.5703,76.2168,65.1153,60.4649,117.652,122.025,143.178,101.872,103.947,7.28011,27.8927,31.241,31.1448,44.4185,27.7308,44.8219,15.1327,62.8013,50.774,50.9313,14.1421,18.0278,40.3113,32.28,6.40312,9.21954,0,22.6716,11.1803,45.1774,26.6833,45.3542,50.4876,78.3901,41.6293,20.3961,43.1393,26.5707,24.0208,63.8201,19.9249,16,14.1421,18.1108,39.6611,17.6918,52.1536,24.7386,39.2173,41.2311,14.8661,4.12311,45.6508,32.2025,35.0143,11,52.0096,1,46.9574,31.4006,13.0384,19.8494,25,20.0998,24.6982,21.2132,4.12311,29,7.81025
87.9659,117.346,83.006,105.19,119.52,112.805,102.176,114.337,70.6045,88.0909,93.1933,94.1541,113.6,134.629,130.173,130.231,126.669,108.904,100.125,73.5527,109.659,118.512,119.038,87.4643,101.514,101.02,98.7168,97.4166,81.4371,80.6226,92.6553,78.6003,78.2368,69.3542,61.8547,111.14,123.693,144.81,110.725,107.912,17,49.1935,38.0789,21.2603,22.4722,11.1803,22.2036,13.1529,40.2244,49.3964,53.8516,13.3417,16.0312,52.0096,46.6905,22.4722,28.3019,22.6716,0,13,25.318,22.8473,27.2947,33.9559,74.2765,38.2753,40.8167,47.1275,10,17.4642,62.6817,35.7351,15.0333,32.6497,38.0789,40.3113,28.4429,50.774,22.1359,34.4093,43.6578,7.81025,21.095,25.4951,11.1803,26.9072,31.0644,38.4838,23.3452,25.7099,10.198,16.1245,4,5.38516,19.6469,27.2029,15.2315,21.095,6.40312,23.7697
82.8794,110.422,76.0592,96.7471,114.978,107.517,99.0202,111.221,65.1153,85.235,91.7061,87.0057,107.564,128.763,123.004,125.32,122.801,104.809,98.387,69.8928,102.078,110.454,110.023,78.7718,92.1954,94.0213,93.3809,91.2853,73.2462,76.844,88.8144,76.4788,72.1388,62.0081,55.8659,110.168,118.089,139.302,101.553,101.045,4.24264,36.2353,28.6531,21.095,35.4683,16.5529,34.9857,12.8062,53,53.0377,55.2178,12.0416,17.0294,48.2701,41.1947,14,19.2354,11.1803,13,0,34,26.4008,39.0128,45.0999,79.8123,42.638,31.3209,47.7074,20.025,21.9545,66.468,29.0172,14.8661,24.1868,28.8617,42.5206,24.0416,54.4518,24.8395,39.4081,45,6,8.48528,34.4819,21.2603,25.7099,21.587,48.2701,12.083,38.6005,20.5183,5,9.43398,14.1421,12.2066,19.105,11.1803,8.48528,18.868,10.7703
77.8781,109.786,77.1298,101.607,107.07,102,87.8009,99.4887,62.6418,73.8173,76.3806,88.0568,104.278,124.354,122.776,118.191,112.801,95.9635,83.4506,61.7171,103.846,113.508,116.4,85.3756,100.319,94.255,88.5664,88.955,78.5175,68.4763,79.925,63.6003,70.8802,65.4905,55.9017,92.957,113.177,133.6,108.78,100.568,38.0789,67.1789,44.0114,20.1246,24.0416,17.4929,18.4391,38.4708,29.0689,70.5195,76.6877,38.6394,41.1096,77.1622,72.0069,46.8188,52.5547,45.1774,25.318,34,0,46.2709,37.0135,43.9318,91.9239,59.4811,65,70.7107,31.257,41.1096,83.006,60.8769,40.3113,57.2451,62.3939,63.1506,53.7587,71.7844,46.0977,55.3624,66.9104,31.6228,42.19,1,14.1421,22.561,55.1543,51.4004,46.0652,28.3196,15.1327,33.6006,26.2488,20.8806,30.4795,34.4819,26.1725,42.19,20,42.8019
108.904,136.821,102.45,122.967,140.858,133.645,124.201,136.4,91.2195,110.209,115.763,113.406,133.869,155.052,149.402,151.347,148.395,130.484,122.642,95.268,128.456,136.752,136,104.957,118.072,120.42,119.503,117.593,99.5691,102.303,114.337,100.955,98.4124,88.4081,82.0731,133.843,144.312,165.517,127.475,127.44,27.2947,53.0094,54.9181,43.566,31.3847,34.0147,35.171,13.6015,50.1199,27.0185,31.0161,14.4222,9.43398,32.573,30.2324,21.095,24.1868,26.6833,22.8473,26.4008,46.2709,0,24.7588,27.2947,53.4135,16.2788,33.1059,24.5153,15.0333,5.38516,40.4599,23.8537,11.6619,25.2982,30.4631,17.4642,15.6525,28.4253,2,13.0384,20.8806,21.9317,28.7924,46.1736,32.7567,49.0918,26.4764,26.4764,26.4764,31.3847,31.7805,31.4006,24.6982,28.2312,38.2099,45.4533,35.4683,28.7924,26.4764,33.2415
112.058,142.706,108.688,131.674,142.611,136.741,123.988,135.882,95.3834,109.877,113.172,119.867,138.232,158.928,155.653,153.6,148.923,131.655,120.241,96.6075,135.565,144.7,145.784,114.162,128.445,126.562,122.874,122.299,107.912,103.6,115.421,99.8248,103.354,95.462,87.2067,129.958,147.828,168.68,137.568,133.297,42.19,73.2462,65.307,45.618,13.4164,34.9285,19.2354,30.3645,27.6586,38.0132,46.5296,31.3209,28.6356,55.5698,54.6717,41.7852,46.5188,45.3542,27.2947,39.0128,37.0135,24.7588,0,7.2111,55.4617,28.6356,57.1402,43.0116,19.105,23.3238,48.6621,48.4149,30.0832,48.8774,54.3783,34.7851,40,39,26.2488,25,38.8973,33.0151,45.5412,36.4005,29.1548,51,49.1935,14.4222,45.607,10.198,28.6531,43.0465,31.257,30.3645,46.8722,54.3415,42.2019,45.5412,24.6982,49.2544
119.269,149.883,115.832,138.716,149.807,143.951,131.137,143.01,102.577,117.034,120.216,127.012,145.437,166.138,162.825,160.801,156.083,138.842,127.287,103.812,142.695,151.796,152.765,121.149,135.359,133.724,130.085,129.495,114.948,110.802,122.613,106.963,110.535,102.552,94.3663,136.883,155.039,175.889,144.516,140.471,48,78.2624,72.0347,52.7731,20,42.0476,25.807,35.3553,31,34.7131,43.9659,36.3456,32.9848,55.6058,55.9017,46.3249,50.5964,50.4876,33.9559,45.0999,43.9318,27.2947,7.2111,0,49.3964,26.8328,60.3738,41.5933,25.0799,27.2029,44.0454,51.1077,34.7131,52.3927,57.6975,33.6155,42.9418,35.5106,29.0689,23.8537,37.5899,39.1152,51.0882,43.2782,36.3593,58.1808,53.1413,8.24621,50.636,16.1245,35.8469,49.366,37.855,37.3363,53.6004,61.131,49.0408,51.0882,31.7805,55.0091
162.003,190.234,155.862,176.119,193.747,186.81,176.389,188.521,144.423,162.274,166.817,166.817,187.211,208.37,202.8,204.384,200.943,183.175,173.833,147.828,181.819,189.995,188.82,158.092,170.816,173.833,172.679,170.942,152.869,154.897,166.931,152.62,151.743,141.82,135.37,184.253,197.568,218.753,180.247,180.854,80.4487,100.245,108.227,95.5249,68.8767,85.0412,74.686,67.0075,79.0759,27.7308,31.257,67.8012,62.8013,52.0384,59.5399,72.0694,72.4983,78.3901,74.2765,79.8123,91.9239,53.4135,55.4617,49.3964,0,37.2022,74.4648,38.0789,64.4438,58.1378,16.1245,65.146,65,70.5762,73.0821,38.9102,61.7414,26.4008,55,40.4599,38.2753,75.1665,81.3019,91.4166,81.4002,101.178,73.5391,41.2311,77.8974,65.3911,80.604,84.8116,77.0779,79.3095,91.5478,98.8585,88.459,81.3019,75.4321,85.7555
125.16,153.052,118.697,138.975,157.08,149.913,140.246,152.434,107.49,126.21,131.469,129.63,150.147,171.33,165.602,167.598,164.542,146.659,138.398,111.396,144.617,152.82,151.819,120.95,133.843,136.653,135.772,133.869,115.676,118.444,130.484,116.829,114.691,104.637,98.3514,149.375,160.59,181.794,143.265,143.68,43.2666,65.7647,71.0282,59.4054,40,49.3964,45.0999,29.8329,56.2939,11.1803,18.0278,30.6105,25.6125,29.7321,32.2025,35.4683,36.8782,41.6293,38.2753,42.638,59.4811,16.2788,28.6356,26.8328,37.2022,0,42.107,14.7648,29.0689,21.2603,24.4131,32.0624,27.8029,36.1248,40.0125,7.07107,26.3059,12.53,17.8045,4.12311,10.8167,38.1838,44.2945,59.203,47.0106,65,38.4708,21.2603,41.2311,38.2099,46.0977,47.634,40.6079,43.566,54.4885,61.7171,51.6624,44.2945,40.7185,48.7647
102.859,125.252,92.6499,108.208,134.718,126.052,121.631,133.54,85.4927,108.784,116.914,102.416,124.535,145.427,136.781,144.062,143.558,125.674,123.081,92.9731,115.624,122.348,119.097,90.6863,101.237,109.403,112.379,108.757,87.0057,99.368,110.693,101.39,90.824,78.8923,76.1577,135.595,135.624,156.474,110.535,116.4,27.6586,26.4197,46.8188,51.4782,60.1082,47.7598,61.8466,29.0689,79.2465,47.5184,43.6578,28.4253,29.0689,26.2488,17.0294,18.3576,12.53,20.3961,40.8167,31.3209,65,33.1059,57.1402,60.3738,74.4648,42.107,0,36.4005,41.0122,33.8378,58.5235,10.0499,28.2843,8.48528,2.82843,37.054,17.4642,48.6621,31.305,41.5933,36.4966,33.541,24.1868,65.3911,51.4296,55.0818,9.84886,59.1354,19.4165,61.6198,50.5371,33.3766,38.9102,44.2832,40.05,43.2897,41.5933,24.1868,47.1699,26.0192
130.25,156.311,122.348,140.869,162.432,154.674,146.728,158.928,112.446,132.925,139.119,132.944,154.253,175.454,168.505,172.595,170.423,152.411,145.89,117.597,147.323,154.932,152.869,122.919,134.848,140.014,140.584,138.033,118.258,124.535,136.484,124.036,119.097,108.208,103.078,157.42,165.012,186.196,144.267,147.085,47.0106,62.3939,74.2765,67.1193,53.4603,58.1893,58.1378,35.7771,70.6045,12.3693,7.81025,36.2353,31.7805,16.5529,22.0227,36.7696,35.805,43.1393,47.1275,47.7074,70.7107,24.5153,43.0116,41.5933,38.0789,14.7648,36.4005,0,39.4588,29.8329,22.1359,27.313,33.541,33.121,35.1141,8.24621,25.4951,13.1529,25,18.0278,4.12311,44.7214,46.6905,70.5762,57.2713,72.45,36.3593,35.805,42.45,52.1728,56.2939,52.4309,48.4665,52.4976,59.9083,66.4003,58.1808,46.6905,50.9902,50.9117
97.949,127.318,92.9624,114.965,129.449,122.788,111.946,124.085,80.604,97.8366,102.65,104.101,123.6,144.627,140.132,140.186,136.517,118.794,109.622,83.4386,119.57,128.363,128.693,97.17,111.072,110.982,108.706,107.415,91.236,90.5097,102.533,88.2383,88.2326,79.2591,71.8471,120.416,133.686,154.797,120.333,117.886,23.0868,54.4059,47.4342,31.1127,19.105,20.6155,21.4709,12.2066,38.2884,40.2492,45.607,13.0384,12.2066,46.8722,43.0813,23.8537,29.2062,26.5707,10,20.025,31.257,15.0333,19.105,25.0799,64.4438,29.0689,41.0122,39.4588,0,10.0499,53.3385,33.8378,12.7279,32.5269,38.1838,32.0156,25.5539,41.5933,15.0333,25.0599,35.6931,14.0357,26.4764,31.1448,18.0278,36.7696,32.0156,28.7924,26.9258,20.8087,17.088,24.3311,13.4164,14.8661,29.1548,36.7696,25.0599,26.4764,11.7047,30.1496
103.947,132.201,97.8008,118.701,135.831,128.725,119.017,131.21,86.3134,105,110.454,108.812,129.074,150.233,144.845,146.373,143.283,125.399,117.346,90.1388,123.976,132.401,131.928,100.722,114.061,115.802,114.586,112.805,95.1893,97.1854,109.225,95.6922,93.6056,83.8153,77.2334,128.503,139.445,160.639,123.438,122.801,23.4094,51.3517,50.6063,38.2753,27.7849,28.6356,31.0161,9.48683,46.8722,32.2025,36.4005,10.4403,6,36.8782,33.541,19.2354,23.4094,24.0208,17.4642,21.9545,41.1096,5.38516,23.3238,27.2029,58.1378,21.2603,33.8378,29.8329,10.0499,0,45.607,25.4558,8.06226,25.5539,31.0644,22.8473,16.9706,33.6006,5,17.6918,26.2488,17.0294,25.4951,41.0488,27.4591,43.8292,26,28,24,28.4253,26.4764,26.9258,19.4165,22.8473,33.4215,40.8044,30.4138,25.4951,21.2132,29.8329
149.282,176.581,142.341,161.821,181.29,173.971,164.624,176.816,131.552,150.602,155.872,153.154,174,195.208,188.987,191.732,188.854,170.942,162.807,135.724,167.887,175.801,174.187,143.809,156.16,160.206,159.831,157.724,138.842,142.762,154.797,141.241,138.6,128.222,122.332,173.738,184.556,205.769,165.593,167.26,66.6033,84.5044,94.3663,83.8153,61.6117,73.7835,67.1863,53.7587,75.0267,13.4536,15.1327,54.4518,49.5177,36,43.4166,57.4282,57.3062,63.8201,62.6817,66.468,83.006,40.4599,48.6621,44.0454,16.1245,24.4131,58.5235,22.1359,53.3385,45.607,0,49.3964,51.6236,55.0364,57.2451,24.2074,46.6476,12.0416,41.7732,28.3019,22.8254,62.3699,67.0075,82.6378,71.1196,89.4036,58.1378,36,63.2456,58.8558,70.2353,71.4213,65,67.9559,78.5175,85.5628,75.9276,67.0075,64.8845,71.4003
106.85,130.969,97.6166,114.691,138.975,130.668,124.776,136.85,89.1852,111.485,118.929,107.815,129.63,150.712,142.843,148.691,147.492,129.495,125.355,95.7549,121.631,128.818,126.21,96.8969,108.231,114.865,116.765,113.6,92.6984,102.416,114.061,103.465,95.1315,83.6002,79.7559,137.568,140.602,161.645,117.614,121.918,26.3059,35.1141,50.2494,50.0899,52.8015,44.4072,55.2268,22.8473,72.0069,37.855,34.8855,22.4722,21.6333,20.5913,12.3693,15.0333,10.7703,19.9249,35.7351,29.0172,60.8769,23.8537,48.4149,51.1077,65.146,32.0624,10.0499,27.313,33.8378,25.4558,49.3964,0,21.4709,6.40312,8.06226,27.1662,8.48528,39.0512,22.2036,31.5753,26.9258,29.4279,24.0416,61.131,46.8402,54.4518,10,49.3964,18.9737,53.8145,45.8803,32.3883,34.7131,40.025,39.8121,44.5982,40.1123,24.0416,41.7852,27.313
97.6729,125.252,90.9065,111.306,129.727,122.348,113.464,125.67,79.9312,99.5691,105.589,101.828,122.43,143.628,137.801,140.121,137.437,119.474,112.379,84.4038,116.829,125.096,124.354,93.2952,106.438,108.853,108.208,106.151,87.9204,91.4002,103.407,90.5539,87,76.8375,70.7107,123.879,132.944,154.156,115.836,115.884,15.6525,43.566,43.2666,33.6155,31.8277,25.318,33.8378,2.23607,50.9902,38.1838,40.8167,2.82843,2.23607,37,31.7805,11.7047,16.6433,16,15.0333,14.8661,40.3113,11.6619,30.0832,34.7131,65,27.8029,28.2843,33.541,12.7279,8.06226,51.6236,21.4709,0,19.799,25.4558,27.8029,13.6015,39.598,10,24.6982,30.5287,11.1803,17.4642,40.4475,26.1725,38.9102,19.4165,36.0139,16.0312,33.4215,25.1794,19.8494,15.2971,20.025,26.9072,33.9706,24.6982,17.4642,20.6155,21.8403
100.499,124.579,91.214,108.374,132.608,124.278,118.533,130.587,82.8553,105.309,112.894,101.415,123.227,144.309,136.473,142.302,141.156,123.167,119.269,89.5545,115.261,122.495,120,90.5539,102.005,108.467,110.386,107.201,86.3134,96.1769,107.782,97.4064,88.7525,77.201,73.4302,131.552,134.201,155.242,111.4,115.521,21,29.8329,43.909,45.0111,51.6236,40.2616,53.4135,20.6155,70.7672,43.0116,40.8167,20,20.6155,26.9258,18.3848,10.4403,5,14.1421,32.6497,24.1868,57.2451,25.2982,48.8774,52.3927,70.5762,36.1248,8.48528,33.121,32.5269,25.5539,55.0364,6.40312,19.799,0,5.65685,32.0156,10.0499,44.2719,23.4094,35.0143,32.311,25.632,18.2483,57.5847,43.4626,49.0918,3.60555,51.6624,13.1529,53.1507,42.5441,27.0185,31.0161,36.4005,34.2345,38.6005,35.0143,18.2483,38.9487,21.1896
102,124.964,92.0869,108.19,133.959,125.399,120.54,132.503,84.5281,107.564,115.521,102.005,124.036,145,136.62,143.422,142.706,124.78,121.758,91.7606,115.434,122.332,119.331,90.5539,101.415,109.018,111.647,108.167,86.6833,98.2344,109.659,100,90.05,78.2304,75.1532,134.201,135.093,156.013,110.752,116.039,25.318,27.313,45.6946,49.2544,57.28,45.2217,59.0339,26.2488,76.4199,45.8912,42.5441,25.6125,26.2488,26.1725,17.0294,15.6525,9.84886,18.1108,38.0789,28.8617,62.3939,30.4631,54.3783,57.6975,73.0821,40.0125,2.82843,35.1141,38.1838,31.0644,57.2451,8.06226,25.4558,5.65685,0,35.2278,14.8661,47.0744,28.6356,39.3192,34.9285,30.8707,22.0227,62.7694,48.7545,53.0094,7.28011,56.6127,17.1172,58.7963,47.8539,31.1448,36.2491,41.6293,38,41.5933,39.3192,22.0227,44.4185,24.1868
125.399,152.398,118.191,137.637,157.493,150.013,141.241,153.447,107.629,127.315,133.094,128.973,149.913,171.126,164.785,167.836,165.239,147.272,139.943,112.201,143.68,151.605,150.097,119.62,132.076,136.029,135.882,133.645,114.634,119.202,131.21,118.191,114.56,104.062,98.3514,151.238,160.527,181.739,141.51,143.087,42.45,61.8466,70.1783,60.9016,45.2769,51.4782,50.04,30,62.3618,11.1803,13.6015,30.6105,25.807,22.6716,25.632,33.2866,33.6155,39.6611,40.3113,42.5206,63.1506,17.4642,34.7851,33.6155,38.9102,7.07107,37.054,8.24621,32.0156,22.8473,24.2074,27.1662,27.8029,32.0156,35.2278,0,22.8473,12.53,18.3576,9.84886,4.12311,38.833,42.8019,62.9682,50,66.3702,34.7851,28.3196,39.1152,43.9318,49.0408,47.4236,42.0595,45.6946,54.6717,61.5549,52.4309,42.8019,43.6807,47.2017
105.209,130.832,96.9381,115.421,137.412,129.468,122.299,134.462,87.4185,108.706,115.551,107.48,128.888,150.073,143.01,147.435,145.609,127.581,122.156,93.1504,121.828,129.468,127.581,97.4526,109.554,114.551,115.421,112.699,92.7631,99.985,111.83,100.225,93.8616,82.807,78.0064,134.078,139.703,160.863,118.983,121.622,22.3607,39.4588,48.9183,44.911,44.4072,38,47.0106,15.2971,63.6003,34.0147,33.3017,15.1327,13.4164,24.3311,18.2483,11.4018,10.7703,17.6918,28.4429,24.0416,53.7587,15.6525,40,42.9418,61.7414,26.3059,17.4642,25.4951,25.5539,16.9706,46.6476,8.48528,13.6015,10.0499,14.8661,22.8473,0,35.3412,13.8924,25,23.8537,23.0217,21.4009,53.9351,39.6232,49.7293,12.1655,41.7612,16.9706,45.3431,38.6394,28.2312,28.0179,33.1361,35.8469,41.6773,35.171,21.4009,34.2053,25.4951
137.244,164.657,130.384,150.083,169.248,161.941,152.611,164.806,119.52,138.6,143.962,141.227,162.003,183.208,177.102,179.694,176.819,158.902,150.881,123.693,156.029,164.027,162.604,132.061,144.586,148.273,147.801,145.726,127.004,130.729,142.762,129.275,126.59,116.276,110.309,161.895,172.54,193.752,154.019,155.322,54.6717,74.0405,82.4621,71.8471,51.3517,61.9112,56.7186,41.7253,66.2722,1.41421,9.89949,42.4264,37.4833,29.4109,35.1283,45.793,46.0977,52.1536,50.774,54.4518,71.7844,28.4253,39,35.5106,26.4008,12.53,48.6621,13.1529,41.5933,33.6006,12.0416,39.0512,39.598,44.2719,47.0744,12.53,35.3412,0,29.7321,16.5529,12.1655,50.3289,55.2178,71.4703,59.5063,77.4209,47.1699,28.1603,51.6236,49.0408,58.6003,59.4138,53.0094,56.0803,66.4831,73.5527,63.8905,55.2178,53.2259,59.6406
107.517,135.248,100.896,121.264,139.517,132.231,123.004,135.207,89.8053,109.041,114.739,111.826,132.382,153.574,147.801,149.967,147.122,129.19,121.594,94.0213,126.827,135.074,134.239,103.247,116.297,118.849,118.089,116.103,97.9081,101.045,113.071,99.8599,96.9381,86.8332,80.6226,132.883,142.864,164.073,125.706,125.877,25.5539,51.0098,53.2541,42.5441,32.2025,33.2415,35.7351,12.0416,51.1077,28.3196,31.7805,12.8062,7.81025,32.0156,29.1548,19.105,22.2036,24.7386,22.1359,24.8395,46.0977,2,26.2488,29.0689,55,17.8045,31.305,25,15.0333,5,41.7732,22.2036,10,23.4094,28.6356,18.3576,13.8924,29.7321,0,14.7648,21.5407,20.6155,26.9258,46.0435,32.3883,48.0208,24.5153,28.4429,24.5153,32.45,31.4006,29.8329,23.7065,27.5136,36.7696,43.9318,34.2053,26.9258,26.1725,31.3847
121.631,149.807,115.421,136.004,153.483,146.414,136.499,148.678,104.005,122.442,127.581,126.4,146.755,167.92,162.41,164.049,160.863,143.01,134.525,107.713,141.481,149.79,149.003,117.992,131.061,133.405,132.276,130.484,112.606,114.769,126.811,113.004,111.288,101.4,94.921,145.437,157.137,178.331,140.471,140.417,40.3113,64.2806,67.9559,55.6058,36.0139,45.4863,41.0488,26.6271,52.6308,15.2315,22,27.4591,22.4722,31.8904,33.2866,33.2415,35.2278,39.2173,34.4093,39.4081,55.3624,13.0384,25,23.8537,40.4599,4.12311,41.5933,18.0278,25.0599,17.6918,28.3019,31.5753,24.6982,35.0143,39.3192,9.84886,25,16.5529,14.7648,0,13.9284,34.7131,41.6293,55.0818,42.9535,61.2209,37.054,19.2094,38.8973,34.3657,42.0476,44.4072,36.8782,39.6611,51.0882,58.4123,48.0833,41.6293,36.6742,46.0977
127.781,154.311,120.216,139.201,159.928,152.306,143.951,156.157,109.986,130.085,136.077,130.908,152.043,173.254,166.604,170.182,167.8,149.807,142.888,114.856,145.454,153.222,151.433,121.211,133.405,137.975,138.192,135.794,116.387,121.828,133.81,121.078,116.778,106.075,100.658,154.305,162.733,183.935,142.836,145.041,44.5982,61.9839,72.1388,63.9531,49.366,54.7814,54.0833,32.7567,66.4831,11.0454,10.2956,33.2866,28.6531,19.4165,23.5372,34.8281,34.4819,41.2311,43.6578,45,66.9104,20.8806,38.8973,37.5899,38.2753,10.8167,36.4966,4.12311,35.6931,26.2488,22.8254,26.9258,30.5287,32.311,34.9285,4.12311,23.8537,12.1655,21.5407,13.9284,0,41.6773,44.5982,66.7533,53.6004,69.3542,35.3412,32.0156,40.6079,48.0521,52.6308,49.8197,45.1885,49.0408,57.2014,63.8905,55.2268,44.5982,47.2969,48.9183
86.977,115.209,80.8022,102,118.929,111.732,102.416,114.621,69.3109,88.4816,94.414,91.8368,112.045,133.207,127.883,129.418,126.507,108.577,101.213,73.4098,107.07,115.603,115.451,84.0773,97.6934,98.813,97.591,95.7758,78.3901,80.4301,92.4554,79.404,76.5768,66.8506,60.208,112.699,122.43,143.628,107.019,105.802,9.48683,41.6293,34.0147,22.4722,29.9666,15.0333,30,8.94427,48.0104,48.9183,51.9711,8.544,13.0384,47.2652,41.0488,15.2315,21.0238,14.8661,7.81025,6,31.6228,21.9317,33.0151,39.1152,75.1665,38.1838,33.541,44.7214,14.0357,17.0294,62.3699,29.4279,11.1803,25.632,30.8707,38.833,23.0217,50.3289,20.6155,34.7131,41.6773,0,13.4164,31.9531,17.8885,27.7308,23.7065,42.45,15.5563,32.8938,17,10.4403,5.38516,10.7703,16.4012,23.8537,13.6015,13.4164,14.1421,16.4924
83.8153,109.713,75.6637,94.8683,116.017,108.074,101.119,113.252,66.0303,87.6641,94.921,86.3134,107.564,128.763,122.025,126.036,124.258,106.231,101.39,72.0069,100.896,108.812,107.541,76.844,89.5545,93.3809,94.0213,91.351,71.8401,78.7718,90.5539,79.4796,72.4707,61.5224,56.6127,113.547,118.343,139.517,98.9798,100.449,4.24264,28.2312,27.5862,27.2947,43.382,24.6982,43.2666,16.1245,61.2944,53.8238,54.4518,15.1327,19.6469,44.3847,36.4005,10,13.3417,4.12311,21.095,8.48528,42.19,28.7924,45.5412,51.0882,81.3019,44.2945,24.1868,46.6905,26.4764,25.4951,67.0075,24.0416,17.4642,18.2483,22.0227,42.8019,21.4009,55.2178,26.9258,41.6293,44.5982,13.4164,0,42.72,29.7321,31,15.0333,53.2353,5.09902,46.2385,29,9.21954,17.8045,22.6274,16.0312,20.6155,17.4642,0,27.2029,4.47214
78.7909,110.725,78.1025,102.591,107.912,102.883,88.6002,100.265,63.6003,74.6324,77.1038,89.0225,105.19,125.24,123.713,119.038,113.6,96.7988,84.1724,62.6099,104.809,114.477,117.388,86.3713,101.316,95.2103,89.4707,89.8888,79.511,69.3542,80.7775,64.405,71.8401,66.4831,56.8859,93.6056,114.061,134.462,109.772,101.514,38.5876,67.897,44.9444,21.0238,23.3452,18.0278,17.6918,38.6394,28.0713,70.214,76.4853,38.833,41.1947,77.2334,72.1803,47.1699,52.9245,45.6508,25.4951,34.4819,1,46.1736,36.4005,43.2782,91.4166,59.203,65.3911,70.5762,31.1448,41.0488,82.6378,61.131,40.4475,57.5847,62.7694,62.9682,53.9351,71.4703,46.0435,55.0818,66.7533,31.9531,42.72,0,14.3178,23.5372,55.5428,50.8035,46.5296,27.5862,15.2971,34.2053,26.5707,21.1896,31.241,35.3553,26.8701,42.72,20.025,43.4166
82.9277,113.6,79.7057,103.092,113.701,107.648,95.462,107.49,66.242,81.3204,85.4283,90.8735,109.078,129.8,126.562,124.631,120.283,102.825,92.4554,67.624,106.621,115.879,117.444,85.8662,100.439,97.509,93.7443,93.1504,79.404,74.6525,86.5563,71.4493,74.2428,66.7308,58.1808,102.903,118.714,139.617,109.385,104.202,25.4951,56.6127,39.0512,16.7631,19.2354,7.07107,16.1245,24.3311,33.2415,58.1808,63.6003,24.5153,27.0185,63.0714,57.8705,33.1059,38.9102,32.2025,11.1803,21.2603,14.1421,32.7567,29.1548,36.3593,81.4002,47.0106,51.4296,57.2713,18.0278,27.4591,71.1196,46.8402,26.1725,43.4626,48.7545,50,39.6232,59.5063,32.3883,42.9535,53.6004,17.8885,29.7321,14.3178,0,21.9317,41.5933,42.638,33.0151,23.5372,1,22.2036,12.53,7.2111,21.8403,28.1603,16.7631,29.7321,6.32456,31.241
61.4003,91.7061,57.7754,81.3204,92.6984,86.2148,75.2861,87.4586,44.4185,61.2209,66.7308,68.942,87.367,108.227,104.657,103.479,99.7647,82.0244,73.5731,46.669,84.6936,93.984,95.8019,64.3273,79.0759,75.5844,72.2011,71.3442,57.7235,53.7401,65.7647,51.8652,52.3546,44.9222,36.2491,84.9706,97.2008,118.229,87.8635,82.2982,28.1603,49.3964,21.9545,5.65685,40.8044,16.4012,36.6742,36.6742,51.0882,76.0263,79.6492,36.2491,40.7063,73.9797,66.7533,39.4588,44.1022,35.0143,26.9072,25.7099,22.561,49.0918,51,58.1808,101.178,65,55.0818,72.45,36.7696,43.8292,89.4036,54.4518,38.9102,49.0918,53.0094,66.3702,49.7293,77.4209,48.0208,61.2209,69.3542,27.7308,31,23.5372,21.9317,0,46.0109,64.0703,36.0139,45.2217,22.3607,22.0907,24.4131,21.9317,15.0333,14.4222,14.5602,31,26.6271,29.2746
96.8969,121.017,87.6185,104.89,129.004,120.673,114.965,127.012,79.2591,101.769,109.417,97.8366,119.633,140.72,132.936,138.698,137.557,119.57,115.767,86.0058,111.723,119.004,116.606,87.046,98.6002,104.89,106.78,103.6,82.7587,92.6121,104.202,93.9202,85.1469,73.6003,69.8355,128.082,130.602,151.648,108.005,111.946,18.1108,27.2947,40.3113,42.107,50.9902,37.9473,52.4023,19.8494,70.0071,45.8803,44.1022,19.105,20.5913,30.5287,21.9317,8.60233,2.82843,11,31.0644,21.587,55.1543,26.4764,49.1935,53.1413,73.5391,38.4708,9.84886,36.3593,32.0156,26,58.1378,10,19.4165,3.60555,7.28011,34.7851,12.1655,47.1699,24.5153,37.054,35.3412,23.7065,15.0333,55.5428,41.5933,46.0109,0,52.9528,10,52.8015,40.7063,24.0208,29.0689,34.4384,31.0644,35.171,32.1403,15.0333,37.4433,17.72
125.431,155.554,121.314,143.673,156.339,150.207,137.975,149.933,108.453,123.843,127.405,132.484,151.433,172.285,168.44,167.263,162.856,145.454,134.469,110.259,148.061,156.978,157.471,125.925,139.864,139.291,136.242,135.37,119.921,117.29,129.19,113.864,116.284,107.782,99.985,144.309,161.236,182.2,149.121,146.123,50.636,79.2275,76.2168,58.5235,27.7849,47.7074,33.6155,37.1214,39.0512,27.5136,37.1618,38.1182,34,50.9117,52.4309,47.0956,50.636,52.0096,38.4838,48.2701,51.4004,26.4764,14.4222,8.24621,41.2311,21.2603,59.1354,35.805,28.7924,28,36,49.3964,36.0139,51.6624,56.6127,28.3196,41.7612,28.1603,28.4429,19.2094,32.0156,42.45,53.2353,50.8035,42.638,64.0703,52.9528,0,52,24.1661,42.0119,52.8867,42.1545,42.5441,57.9396,65.5515,53.7122,53.2353,37.4433,57.4282
88.4816,113.864,79.9812,98.6002,120.673,112.614,106.005,118.119,70.7248,92.6121,99.96,90.5097,111.946,133.124,126.063,130.602,129.004,110.982,106.405,76.922,104.89,112.614,110.982,80.604,92.9624,97.5807,98.6002,95.7758,75.8222,83.6481,95.3834,84.5044,77.0065,65.8559,61.2944,118.596,122.788,143.934,102.396,104.652,8.24621,27.6586,32.0156,32.1403,44.9444,28.6356,45.4533,15.2971,63.4114,50.2494,50.2494,14.3178,18,39.3954,31.3209,5.83095,8.24621,1,23.3452,12.083,46.0652,26.4764,45.607,50.636,77.8974,41.2311,19.4165,42.45,26.9258,24,63.2456,18.9737,16.0312,13.1529,17.1172,39.1152,16.9706,51.6236,24.5153,38.8973,40.6079,15.5563,5.09902,46.5296,33.0151,36.0139,10,52,0,47.4131,32.2025,14.0357,20.6155,25.807,21.095,25.632,22.2036,5.09902,29.6985,8.60233
105.19,136.473,102.883,126.531,135.093,129.653,116.039,127.781,89.0505,102.005,104.69,114.018,131.529,151.954,149.466,146.168,141.032,124.036,111.759,89.3588,129.808,139.176,140.943,109.385,123.976,120.54,115.974,115.832,102.883,96.2549,107.898,91.8314,97.17,90.1388,81.3449,121.083,140.801,161.447,132.91,127.122,42.3792,74.4648,62.0725,40.2616,4.47214,30.2655,9.89949,33.0151,18.7883,48.0104,56.2228,33.8378,32.5576,63.561,61.5873,44.6542,50,46.9574,25.7099,38.6005,28.3196,31.3847,10.198,16.1245,65.3911,38.2099,61.6198,52.1728,20.8087,28.4253,58.8558,53.8145,33.4215,53.1507,58.7963,43.9318,45.3431,49.0408,32.45,34.3657,48.0521,32.8938,46.2385,27.5862,23.5372,45.2217,52.8015,24.1661,47.4131,0,23.3452,41.7732,29.6142,27.0185,44.0114,51.0392,39,46.2385,21.0238,49.3356
83.4865,114.061,80.1124,103.407,114.337,108.227,96.1665,108.208,66.7308,82.0244,86.2148,91.2853,109.604,130.357,127.016,125.252,120.967,103.479,93.2363,68.2495,107.019,116.245,117.72,86.1278,100.663,97.9439,94.3027,93.6483,79.6994,75.2861,87.2067,72.1803,74.7061,67.0671,58.6003,103.73,119.281,140.207,109.636,104.657,24.7588,56.0357,39.0128,17.088,19.105,7,16.2788,23.3452,33.6155,57.2713,62.6418,23.5372,26.0192,62.0725,56.8859,32.2025,38.0132,31.4006,10.198,20.5183,15.1327,31.7805,28.6531,35.8469,80.604,46.0977,50.5371,56.2939,17.088,26.4764,70.2353,45.8803,25.1794,42.5441,47.8539,49.0408,38.6394,58.6003,31.4006,42.0476,52.6308,17,29,15.2971,1,22.3607,40.7063,42.0119,32.2025,23.3452,0,21.6333,11.6619,6.40312,21.587,28.0713,16.4924,29,5.38516,30.6105
77.9872,105.423,71.0634,91.7878,110.114,102.591,94.3398,106.532,60.208,80.6226,87.3212,82.0061,102.591,123.794,118.004,120.416,118.004,100,93.9415,65.192,97.0824,105.475,105.119,73.8241,87.3212,89.0225,88.459,86.3134,68.2642,72.111,84.0536,72.0139,67.1789,57.0088,50.9313,105.849,113.137,134.35,96.6644,96.0469,6.08276,34.4093,23.7065,18.1108,38.3275,16.2788,37.1618,17.8045,55.0091,58,60,17.0294,22.0227,52.2015,44.7214,17.4642,22.0227,13.0384,16.1245,5,33.6006,31.4006,43.0465,49.366,84.8116,47.634,33.3766,52.4309,24.3311,26.9258,71.4213,32.3883,19.8494,27.0185,31.1448,47.4236,28.2312,59.4138,29.8329,44.4072,49.8197,10.4403,9.21954,34.2053,22.2036,22.0907,24.0208,52.8867,14.0357,41.7732,21.6333,0,12.1655,15.6525,7.61577,14.1421,8.24621,9.21954,21.1896,9.21954
84.9588,113.991,79.6116,101.553,116.675,109.786,99.6393,111.826,67.4759,85.6037,91.0659,90.7359,110.422,131.503,126.779,127.311,123.988,106.151,97.9439,70.8378,106.174,114.948,115.317,83.7735,97.7394,97.6371,95.6713,94.2019,77.8203,77.8974,89.9389,76.2758,75,65.8635,58.6003,109.179,120.615,141.767,106.977,104.561,13.6015,45.6508,34.2053,18.868,26.2488,10.0499,25.5539,13.1529,43.566,51.614,55.4617,13.0384,16.7631,52.0865,46.1736,20.6155,26.4008,19.8494,4,9.43398,26.2488,24.6982,31.257,37.855,77.0779,40.6079,38.9102,48.4665,13.4164,19.4165,65,34.7131,15.2971,31.0161,36.2491,42.0595,28.0179,53.0094,23.7065,36.8782,45.1885,5.38516,17.8045,26.5707,12.53,24.4131,29.0689,42.1545,20.6155,29.6142,11.6619,12.1655,0,5.38516,15.8114,23.4094,11.6619,17.8045,9.43398,20.1246
83.2406,113.018,78.7718,101.39,114.63,108.074,97.0824,109.225,66.0303,82.9759,87.9204,89.9444,109.041,130,125.897,125.399,121.655,103.947,94.8683,68.593,105.546,114.543,115.434,83.8153,98.0816,96.7471,94.0213,92.9139,77.6209,75.6637,87.6812,73.4098,73.7835,65.307,57.4543,105.816,119.017,140.089,107.205,103.586,18.3848,49.93,35.2278,16.2788,23.1948,5.83095,21.5407,18,39.3573,54.7083,59.2368,18.0278,21.2132,57.0088,51.3517,26,31.7805,25,5.38516,14.1421,20.8806,28.2312,30.3645,37.3363,79.3095,43.566,44.2832,52.4976,14.8661,22.8473,67.9559,40.025,20.025,36.4005,41.6293,45.6946,33.1361,56.0803,27.5136,39.6611,49.0408,10.7703,22.6274,21.1896,7.2111,21.9317,34.4384,42.5441,25.807,27.0185,6.40312,15.6525,5.38516,0,17,24.1868,12.0416,22.6274,6,24.4131
70.7672,98.813,64.405,85.8662,102.825,95.462,86.8217,99.0202,53.0377,73.0616,79.7057,75.452,95.6713,116.846,111.503,113.217,110.603,92.6175,86.3308,57.6888,90.7359,99.363,99.5389,68.0294,81.9329,82.4197,81.3204,79.3977,62.1772,64.6375,76.6094,64.405,60.208,50.4777,43.8634,98.2344,106.104,127.311,91.1811,89.4036,13.6015,36.7967,18.4391,12.083,40.1123,14.8661,37.855,24.7588,55.0273,65.0692,67.424,24.0832,29,59.7746,52.1728,25,29.2746,20.0998,19.6469,12.2066,30.4795,38.2099,46.8722,53.6004,91.5478,54.4885,40.05,59.9083,29.1548,33.4215,78.5175,39.8121,26.9072,34.2345,38,54.6717,35.8469,66.4831,36.7696,51.0882,57.2014,16.4012,16.0312,31.241,21.8403,15.0333,31.0644,57.9396,21.095,44.0114,21.587,7.61577,15.8114,17,0,7.61577,5.09902,16.0312,23,14.3178
63.8905,91.4002,57.0088,78.2624,96.0469,88.459,80.6226,92.7847,46.0977,67.082,74.3303,68.0074,88.459,109.659,104.043,106.301,104.043,86.0233,80.7775,51.4782,83.2166,91.7878,91.9239,60.4152,74.3303,75,74.3303,72.1803,54.5894,58.3095,70.1783,58.8727,53.0377,43.0116,36.7967,92.9731,98.9949,120.208,83.5703,82.0061,19.4165,34.9857,11.0454,14.4222,47,21.095,44.2832,31.8904,60.8769,72.1388,74.027,31.1448,36.1248,65,56.921,30.4138,33.8378,24.6982,27.2029,19.105,34.4819,45.4533,54.3415,61.131,98.8585,61.7171,43.2897,66.4003,36.7696,40.8044,85.5628,44.5982,33.9706,38.6005,41.5933,61.5549,41.6773,73.5527,43.9318,58.4123,63.8905,23.8537,20.6155,35.3553,28.1603,14.4222,35.171,65.5515,25.632,51.0392,28.0713,14.1421,23.4094,24.1868,7.61577,0,12.1655,20.6155,30.1496,17.4642
73.5527,102.343,67.9559,89.9611,105.418,98.3514,88.8144,101.02,55.9732,74.8866,80.9506,79.0759,98.8585,119.971,115.122,115.966,112.929,95.0158,87.7097,59.8164,94.5145,103.31,103.817,72.2357,86.3308,85.9826,84.22,82.6196,66.2118,66.8431,78.8733,65.8635,63.4114,54.2033,47.0106,99.3177,109.124,130.3,95.5196,92.9139,14.0357,41.0366,23.1948,10,35.0571,9.84886,32.7567,22.4722,49.98,62.482,65.5134,21.9545,26.6271,59.439,52.345,25.0799,30.0167,21.2132,15.2315,11.1803,26.1725,35.4683,42.2019,49.0408,88.459,51.6624,41.5933,58.1808,25.0599,30.4138,75.9276,40.1123,24.6982,35.0143,39.3192,52.4309,35.171,63.8905,34.2053,48.0833,55.2268,13.6015,17.4642,26.8701,16.7631,14.5602,32.1403,53.7122,22.2036,39,16.4924,8.24621,11.6619,12.0416,5.09902,12.1655,0,17.4642,18.0278,17
83.8153,109.713,75.6637,94.8683,116.017,108.074,101.119,113.252,66.0303,87.6641,94.921,86.3134,107.564,128.763,122.025,126.036,124.258,106.231,101.39,72.0069,100.896,108.812,107.541,76.844,89.5545,93.3809,94.0213,91.351,71.8401,78.7718,90.5539,79.4796,72.4707,61.5224,56.6127,113.547,118.343,139.517,98.9798,100.449,4.24264,28.2312,27.5862,27.2947,43.382,24.6982,43.2666,16.1245,61.2944,53.8238,54.4518,15.1327,19.6469,44.3847,36.4005,10,13.3417,4.12311,21.095,8.48528,42.19,28.7924,45.5412,51.0882,81.3019,44.2945,24.1868,46.6905,26.4764,25.4951,67.0075,24.0416,17.4642,18.2483,22.0227,42.8019,21.4009,55.2178,26.9258,41.6293,44.5982,13.4164,0,42.72,29.7321,31,15.0333,53.2353,5.09902,46.2385,29,9.21954,17.8045,22.6274,16.0312,20.6155,17.4642,0,27.2029,4.47214
88.0057,118.207,84.0773,106.977,119.097,112.801,101.139,113.217,71.0211,87,91.4002,95.2575,113.991,134.848,131.126,129.958,125.873,108.301,98.4073,73,110.923,120.017,121.116,89.493,103.846,102,98.813,97.9439,83.2166,80.0562,92.0217,77.2334,78.8923,70.7743,62.6498,109,123.81,144.807,112.929,108.784,23.0217,55.0727,41.1947,21.095,17.2627,10.2956,16.1245,18.9737,34.1321,51.8941,57.28,19.3132,21.2132,57.2189,52.3927,28.8444,34.6699,29,6.40312,18.868,20,26.4764,24.6982,31.7805,75.4321,40.7185,47.1699,50.9902,11.7047,21.2132,64.8845,41.7852,20.6155,38.9487,44.4185,43.6807,34.2053,53.2259,26.1725,36.6742,47.2969,14.1421,27.2029,20.025,6.32456,26.6271,37.4433,37.4433,29.6985,21.0238,5.38516,21.1896,9.43398,6,23,30.1496,18.0278,27.2029,0,29.5296
79.8812,105.418,71.4493,90.4434,112.071,104.019,97.4936,109.59,62.1289,84.1724,91.7061,82.0366,103.392,124.579,117.686,122.004,120.416,102.396,98.0816,68.4471,96.5401,104.403,103.078,72.4224,85.0882,89.1067,90,87.2067,67.4759,75.1332,86.8332,76.2168,68.4105,57.3149,52.6972,110.368,114.215,135.37,94.5145,96.1769,7.07107,25.5539,23.4307,26.2488,46.2385,25.4951,45.6508,20.3961,63.6318,58.2495,58.6941,19.4165,24.0416,47.8539,39.5601,14.1421,16.5529,7.81025,23.7697,10.7703,42.8019,33.2415,49.2544,55.0091,85.7555,48.7647,26.0192,50.9117,30.1496,29.8329,71.4003,27.313,21.8403,21.1896,24.1868,47.2017,25.4951,59.6406,31.3847,46.0977,48.9183,16.4924,4.47214,43.4166,31.241,29.2746,17.72,57.4282,8.60233,49.3356,30.6105,9.21954,20.1246,24.4131,14.3178,17.4642,17,4.47214,29.5296,0
